CAS NO.,MLOGP2,F02[C-Cl],nROH,P-117,Mor25m,N%,X4v,O-058,LLS_01,H4v,SM12_AEA(dm),O-057
000050-29-3,38.02,7,0,0,0.599,0,2.889,0,0.67,0.262,6.791,0
000050-30-6,8.333,4,1,0,0.103,0,1.261,1,1,0.186,4.654,1
000050-31-7,11.958,6,1,0,0.039,0,1.413,1,0.83,0.179,4.89,1
000050-32-8,30.809,0,0,0,0.626,0,3.489,0,0.83,0.328,7.759,0
000051-44-5,8.333,4,1,0,0.339,0,0.927,1,1,0.045,3.541,1
000055-38-9,6.67,0,0,0,0.452,0,2.699,0,0.83,0.31,6.417,0
000056-23-5,4.957,0,0,0,0.462,0,0,0,1,0,-3,0
000056-38-2,5.351,0,0,0,0.316,3.1,3.247,0,0.5,0.378,6.613,0
000056-72-4,10.595,2,0,0,0.628,0,4.12,1,0.33,0.487,7.891,0
000057-15-8,3.765,3,1,0,0.109,0,0,0,1,0.184,-3,0
000057-74-9,29.906,18,0,0,-0.295,0,7.46,0,0.67,0.369,10.534,0
000058-89-9,16.744,12,0,0,-0.962,0,3.381,0,0.83,0.427,7.292,0
000059-50-7,6.055,2,0,0,0.211,0,0.746,0,1,0.052,3.52,1
000060-29-7,0.64,0,0,0,0.097,0,0.204,0,1,0.03,-0.732,0
000060-57-1,21.129,14,0,0,-0.151,0,8.569,0,0.67,0.435,12.614,0
000061-82-5,0.054,0,0,0,0.294,40,0.215,0,0.67,0.01,1.372,0
000062-53-3,2.268,0,0,0,0.325,7.1,0.453,0,1,0.016,2.136,0
000062-56-6,2.056,0,0,0,0.083,25,0,0,0.67,0,-2,0
000063-25-2,4.939,0,0,0,0.474,3.8,1.436,1,1,0.145,5.238,0
000066-81-9,1.035,0,1,0,-0.41,2.3,3.604,3,0.67,0.338,6.868,0
000067-68-5,0.03,0,0,0,-0.006,0,0,0,1,0.03,-2,0
000067-72-1,10.83,6,0,0,-0.305,0,0,0,0.83,0,-3,0
000068-12-2,0.074,0,0,0,-0.056,8.3,0,1,1,0.064,-2,0
000070-30-4,23.081,12,0,0,0.605,0,3.196,0,0.67,0.309,7.063,2
000071-55-6,4.957,3,0,0,0.307,0,0,0,1,0,-3,0
000072-20-8,21.129,14,0,0,-0.153,0,8.569,0,0.67,0.435,12.614,0
000072-43-5,18.218,3,0,0,0.641,0,2.919,0,0.5,0.589,7.138,0
000072-55-9,34.268,6,0,0,-0.024,0,2.306,0,0.67,0.265,6.152,0
000074-97-5,2.55,0,0,0,-0.101,0,0,0,1,0,0,0
000075-09-2,1.86,0,0,0,-0.035,0,0,0,1,0,0,0
000075-15-0,0.041,0,0,0,-0.059,0,0,0,1,0,0,0
000075-25-2,5.85,0,0,0,1.864,0,0,0,1,0,-2,0
000075-71-8,3.301,0,0,0,-0.198,0,0,0,1,0,-3,0
000075-98-9,0.991,0,1,0,-0.041,0,0,1,1,0.079,-2,1
000076-01-7,8.746,5,0,0,-0.134,0,0,0,1,0,-2,0
000076-03-9,0.991,3,1,0,0.079,0,0,1,1,0,-2,1
000076-13-1,7.748,3,0,0,-0.451,0,0,0,1,0,-3,0
000076-44-8,26.252,16,0,0,0.064,0,6.597,0,0.67,0.299,10.071,0
000076-83-5,31.636,3,0,0,0.384,0,2.881,0,0.83,0.307,6.623,0
000076-93-7,5.808,0,2,0,0.329,0,1.772,1,1,0.222,5.384,1
000077-73-6,10.673,0,0,0,0.011,0,2.973,0,0.83,0.044,5.664,0
000078-30-8,23.875,0,1,1,0.426,0,3.579,1,0.17,0.398,8.292,0
000078-40-0,1.833,0,0,1,0.247,0,1.758,1,0.67,0.096,2.2,0
000078-42-2,37.001,0,0,1,-0.243,0,4.8,1,0.33,0.773,6.807,0
000078-51-3,5.937,0,0,1,0.123,0,2.899,1,0.33,0.707,3.716,0
000078-59-1,3.789,0,0,0,-0.249,0,1.666,1,1,0.091,5.06,0
000078-63-7,13.014,0,0,0,-0.522,0,1.161,0,0.5,0.333,9.909,0
000078-79-5,3.896,0,0,0,0.021,0,0,0,1,0.023,-2,0
000079-00-5,4.957,3,0,0,-0.052,0,0,0,1,0,-2,0
000079-01-6,4.332,3,0,0,0.026,0,0,0,1,0,-2,0
000079-27-6,10.83,0,0,0,0.217,0,0,0,0.67,0,-2,0
000079-34-5,6.781,4,0,0,-0.217,0,0,0,1,0,-2,0
000079-92-5,11.387,0,0,0,-0.055,0,2.742,0,0.83,0.152,5.791,0
000079-94-7,27.612,0,0,0,-0.886,0,4.392,0,0.67,0.386,9.029,2
000080-05-7,10.928,0,0,0,0.375,0,1.923,0,0.83,0.285,6.164,2
000080-43-3,18.592,0,0,0,0.214,0,1.984,0,0.67,0.253,5.505,0
000081-16-3,2.063,0,1,0,0.144,4.2,2.377,2,0.67,0.184,6.33,0
000082-05-3,17.457,0,0,0,0.401,0,2.816,1,0.83,0.24,8.249,0
000082-44-0,11.672,2,0,0,0.155,0,2.363,2,0.83,0.316,7.908,0
000082-45-1,8.04,0,0,0,0.229,3.8,2.172,2,0.83,0.253,7.908,0
000083-32-9,15.67,0,0,0,0.431,0,2.188,0,0.83,0.037,6.007,0
000083-41-0,6.626,0,0,0,0.001,5,0.933,0,1,0.135,3.239,0
000083-42-1,8.078,2,0,0,0.097,5.9,0.963,0,1,0.124,3.239,0
000083-79-4,3.747,0,0,0,0.782,0,4.341,1,0.5,0.616,9.343,0
000084-51-5,11.545,0,0,0,0.069,0,2.366,2,0.83,0.312,7.808,0
000084-57-1,3.28,4,1,0,0.167,7.4,2.953,3,0.5,0.38,7.659,0
000084-66-2,6.641,0,0,0,0.111,0,1.257,2,0.67,0.149,4.26,0
000084-74-2,13.09,0,0,0,-0.039,0,1.613,2,0.5,0.343,4.373,0
000085-22-3,37.501,0,0,0,-1.764,0,4.65,0,0.67,0.089,7.292,0
000085-68-7,16.739,0,0,0,0.441,0,2.027,2,0.33,0.381,6.794,0
000086-30-6,10.385,0,0,0,0.716,8,1.382,1,0.83,0.154,3.808,0
000086-73-7,17.204,0,0,0,0.5,0,2.08,0,0.83,0.08,5.312,0
000086-87-3,7.785,0,1,0,0.347,0,1.61,1,1,0.12,4.668,1
000087-02-5,0.84,0,1,0,0.533,4,2.027,2,0.5,0.205,6.415,1
000087-40-1,13.085,6,0,0,0.121,0,1.695,0,0.83,0.046,5.225,0
000087-61-6,16.507,6,0,0,0.483,0,1.001,0,0.83,0,3.178,0
000087-68-3,13.388,8,0,0,-0.498,0,0.926,0,0.83,0,2.584,0
000087-82-1,35.979,0,0,0,-2.668,0,4.553,0,0.67,0,7.292,0
000087-83-2,34.47,0,0,0,-1.919,0,3.96,0,0.67,0.096,7.292,0
000087-84-3,22.622,2,0,0,-1.873,0,6.645,0,0.67,0.824,7.292,0
000088-06-2,10.982,6,0,0,0.29,0,1.352,0,0.83,0.052,5.225,1
000088-19-7,0.606,0,0,0,0.003,5,1.661,2,0.83,0.096,3.188,0
000088-44-8,0.415,0,1,0,0.12,4.8,1.566,2,0.67,0.114,5.521,0
000088-72-2,5.02,0,0,0,0.078,5.9,0.768,0,1,0.079,3.032,0
000088-74-4,1.816,0,0,0,0.199,12.5,0.654,0,0.67,0.079,3.032,0
000088-75-5,1.816,0,0,0,0.207,6.7,0.619,0,0.67,0.065,3.032,1
000088-85-7,7.301,0,0,0,-0.054,6.9,1.466,0,0.5,0.261,7.876,1
000088-89-1,2.38,0,0,0,-0.165,15.8,0.974,0,0.67,0.226,7.772,1
000089-59-8,8.078,2,0,0,0.001,5.9,0.946,0,1,0.07,4.726,0
000089-61-2,9.673,4,0,0,0.134,7.1,0.979,0,0.83,0.125,4.726,0
000089-63-4,3.876,2,0,0,0.093,12.5,0.841,0,0.67,0.077,4.726,0
000089-69-0,13.655,6,0,0,0.344,7.1,1.262,0,0.83,0.124,4.928,0
000090-12-0,13.524,0,0,0,0.324,0,1.387,0,0.83,0.063,3.731,0
000090-30-2,18.306,0,0,0,0.786,3.3,2.011,0,0.83,0.124,5.826,0
000090-41-5,9.778,0,0,0,0.486,4.2,1.378,0,0.83,0.039,3.477,0
000090-51-7,0.84,0,1,0,0.533,4,2.014,2,0.5,0.209,6.009,1
000091-15-6,1.97,0,0,0,0.288,14.3,0.678,0,1,0.095,3.03,0
000091-20-3,11.465,0,0,0,0.415,0,1.133,0,0.83,0.023,3.341,0
000091-22-5,4.267,0,0,0,0.392,5.9,1.016,0,1,0.025,3.341,0
000091-23-6,2.893,0,0,0,0.216,5.6,0.781,0,0.83,0.09,3.154,0
000091-58-7,15.567,2,0,0,0.378,0,1.341,0,0.83,0.024,4.343,0
000091-66-7,7.914,0,0,0,0.198,3.8,1.228,0,1,0.08,2.638,0
000091-94-1,12.856,4,0,0,0.465,7.7,1.774,0,0.67,0.189,7.422,0
000091-96-3,5.015,0,0,0,0.193,3.8,2.808,4,0.33,0.58,8.147,0
000092-69-3,9.778,0,0,0,0.35,0,1.284,0,0.83,0.055,4.39,1
000092-70-6,7.4,0,1,0,0.497,0,1.4,1,1,0.14,5.208,2
000092-77-3,15.324,0,0,0,0.76,3,2.13,1,0.83,0.341,7.045,1
000092-83-1,10.724,0,0,0,0.425,0,1.823,0,0.83,0.117,5.215,0
000092-85-3,15.023,0,0,0,0.004,0,3.709,0,0.83,0.037,5.215,0
000092-86-4,27.076,0,0,0,0.096,0,1.813,0,0.67,0.098,5.89,0
000093-46-9,33.535,0,0,0,1.282,4.2,3.504,0,0.5,0.675,7.785,0
000094-52-0,1.868,0,0,0,0.166,17.6,1.034,0,0.67,0.097,4.24,0
000095-15-8,8.13,0,0,0,0.121,0,1.697,0,1,0.009,3.237,0
000095-16-9,2.252,0,0,0,0.103,7.1,1.482,0,1,0,3.237,0
000095-47-6,8.653,0,0,0,0.098,0,0.663,0,1,0.041,2.938,0
000095-48-7,3.456,0,0,0,0.203,0,0.563,0,1,0.039,2.938,1
000095-50-1,12.094,4,0,0,0.333,0,0.711,0,0.83,0,2.938,0
000095-51-2,4.525,2,0,0,0.301,7.1,0.611,0,1,0.047,2.938,0
000095-56-7,5.272,0,0,0,0.303,0,0.737,0,1,0.018,2.938,1
000095-57-8,4.525,2,0,0,0.376,0,0.587,0,1,0.017,2.938,1
000095-64-7,4.808,0,0,0,0.202,5,0.765,0,1,0.077,3.52,0
000095-69-2,6.055,2,0,0,0.181,5.9,0.866,0,1,0.04,3.52,0
000095-74-9,6.055,2,0,0,0.215,5.9,0.798,0,1,0.085,3.52,0
000095-76-1,7.446,4,0,0,0.294,7.1,0.819,0,1,0.015,3.52,0
000095-78-3,4.808,0,0,0,0.169,5,0.76,0,1,0.078,3.52,0
000095-80-7,1.553,0,0,0,0.324,10.5,0.659,0,0.83,0.075,3.52,0
000095-82-9,7.446,4,0,0,0.339,7.1,0.813,0,1,0.043,3.52,0
000095-94-3,21.476,8,0,0,0.47,0,1.265,0,0.83,0,4.372,0
000096-12-8,8.746,1,0,0,-0.773,0,0.643,0,1,0.197,0,0
000096-18-4,6.781,4,0,0,0.014,0,0.371,0,1,0.067,0,0
000096-29-7,0.344,0,1,0,-0.008,6.7,0.071,0,1,0.023,0,0
000096-45-7,0.442,0,0,0,0.115,16.7,0.619,0,1,0,1.372,0
000096-91-3,2.032,0,0,0,0.075,15.8,0.87,0,0.67,0.183,6.425,1
000096-96-8,1.395,0,0,0,0.325,10,0.809,0,0.67,0.147,4.742,0
000097-23-4,14.759,4,0,0,0.394,0,1.986,0,0.83,0.14,5.72,2
000098-08-8,11.358,0,0,0,0.604,0,0.627,0,0.83,0.048,2.719,0
000098-15-7,15.588,2,0,0,0.605,0,0.855,0,0.83,0.046,4.186,0
000098-54-4,7.914,0,0,0,0.096,0,0.961,0,1,0.151,4.496,1
000098-73-7,8.676,0,1,0,0.03,0,1.113,1,1,0.27,4.909,1
000098-82-8,10.62,0,0,0,0.081,0,0.838,0,0.83,0.034,2.234,0
000098-84-0,3.704,0,0,0,0.185,5,0.757,0,1,0.03,2.234,0
000098-95-3,3.562,0,0,0,0.126,7.1,0.55,0,1,0.05,2.234,0
000099-08-1,5.02,0,0,0,0.075,5.9,0.742,0,1,0.067,2.938,0
000099-09-2,1.816,0,0,0,0.205,12.5,0.638,0,0.67,0.063,2.938,0
000099-54-7,9.673,4,0,0,0.261,7.1,0.891,0,0.83,0.047,3.541,0
000099-62-7,17.096,0,0,0,-0.076,0,1.277,0,0.83,0.116,3.46,0
000099-65-0,3.557,0,0,0,-0.017,12.5,0.72,0,0.67,0.092,3.46,0
000099-71-8,7.914,0,0,0,0.129,0,1.039,0,1,0.097,3.437,1
000100-00-5,6.293,2,0,0,0.199,7.1,0.689,0,1,0.05,2.868,0
000100-01-6,1.816,0,0,0,0.19,12.5,0.596,0,0.67,0.092,2.868,0
000100-02-7,1.816,0,0,0,0.154,6.7,0.574,0,0.67,0.064,2.868,1
000100-17-4,2.893,0,0,0,0.161,5.6,0.704,0,0.83,0.137,2.948,0
000100-26-5,0.017,0,2,0,0.168,5.9,0.647,2,0.67,0.182,3.426,2
000100-40-3,7.003,0,0,0,-0.134,0,1.031,0,1,0.019,2.136,0
000100-41-4,8.653,0,0,0,0.118,0,0.714,0,1,0.017,2.136,0
000100-42-5,8.13,0,0,0,0.219,0,0.589,0,1,0.034,2.136,0
000100-61-8,3.456,0,0,0,0.291,5.9,0.605,0,1,0.031,2.136,0
000100-80-1,10.039,0,0,0,0.154,0,0.797,0,0.83,0.058,2.601,0
000101-14-4,14.759,4,0,0,0.52,6.9,2.003,0,0.67,0.239,6.982,0
000101-53-1,11.552,0,0,0,0.325,0,1.445,0,0.83,0.104,5.476,1
000101-81-5,17.204,0,0,0,0.284,0,1.427,0,0.83,0.062,3.216,0
000101-84-8,11.526,0,0,0,0.658,0,1.113,0,0.83,0.046,3.216,0
000102-06-7,9.538,0,0,0,0.514,10.3,1.363,0,0.67,0.156,5.078,0
000102-70-5,5.026,0,0,0,-0.136,4,0.771,0,0.83,0.106,2.117,0
000102-82-9,12.02,0,0,0,-0.156,2.5,1.481,0,0.67,0.197,2.867,0
000103-44-6,7.559,0,0,0,0.007,0,1.102,0,0.83,0.162,2.343,0
000103-50-4,11.522,0,0,0,0.484,0,1.435,0,0.67,0.178,3.344,0
000103-69-5,4.808,0,0,0,0.323,5,0.76,0,1,0.051,2.136,0
000104-43-8,33.866,0,0,0,-0.053,0,2.479,0,0.67,0.407,3.848,1
000104-88-1,5.618,2,0,0,0.264,0,0.667,1,1,0.033,2.275,0
000105-05-5,12.69,0,0,0,0.058,0,1.011,0,0.83,0.155,2.275,0
000105-06-6,11.465,0,0,0,0.184,0,0.768,0,0.83,0.125,2.275,0
000106-37-6,14.401,0,0,0,0.341,0,0.958,0,0.83,0,2.275,0
000106-41-2,5.272,0,0,0,0.368,0,0.705,0,1,0.01,2.275,1
000106-42-3,8.653,0,0,0,0.091,0,0.637,0,1,0.051,2.275,0
000106-43-4,10.302,2,0,0,0.176,0,0.659,0,0.83,0.017,2.275,0
000106-47-8,4.525,2,0,0,0.247,7.1,0.589,0,1,0.016,2.275,0
000106-48-9,4.525,2,0,0,0.278,0,0.567,0,1,0.01,2.275,1
000106-93-4,4.957,0,0,0,-0.593,0,0,0,1,0,-2,0
000107-02-8,0.009,0,0,0,-0.001,0,0,1,1,0.011,-2,0
000107-06-2,3.301,2,0,0,-0.039,0,0,0,1,0,-2,0
000107-13-1,0.009,0,0,0,0.068,14.3,0,0,1,0,-2,0
000107-39-1,9.896,0,0,0,-0.079,0,0.905,0,0.83,0.103,-1.029,0
000108-36-1,14.401,0,0,0,-0.218,0,1.566,0,0.83,0,2.57,0
000108-42-9,4.525,2,0,0,0.328,7.1,0.705,0,1,0.016,2.57,0
000108-43-0,4.525,2,0,0,0.298,0,0.661,0,1,0.011,2.57,1
000108-45-2,0.798,0,0,0,0.403,12.5,0.559,0,0.83,0.033,2.57,0
000108-57-6,11.465,0,0,0,0.178,0,0.813,0,0.83,0.089,2.64,0
000108-67-8,10.62,0,0,0,0.052,0,1.202,0,0.83,0.064,4.963,0
000108-70-3,16.507,6,0,0,0.219,0,1.393,0,0.83,0,4.963,0
000108-78-1,0,0,0,0,0.222,40,0.427,0,0.5,0,4.963,0
000108-80-5,0,0,0,0,0.283,25,0.343,0,0.67,0,4.963,3
000108-87-2,12.092,0,0,0,-0.165,0,1.307,0,0.83,0.083,2.136,0
000108-88-3,6.802,0,0,0,0.168,0,0.534,0,1,0.017,2.136,0
000108-90-7,8.272,2,0,0,0.252,0,0.56,0,1,0,2.136,0
000108-95-2,2.268,0,0,0,0.302,0,0.428,0,1,0.011,2.136,1
000109-69-3,4.957,1,0,0,-0.068,0,0.401,0,1,0.055,-0.732,0
000110-00-9,0.024,0,0,0,0.123,0,0.227,0,1,0,1.236,0
000110-02-1,1.375,0,0,0,-0.111,0,0.68,0,1,0,1.236,0
000110-82-7,9.76,0,0,0,-0.108,0,1.061,0,0.83,0.051,2,0
000110-91-8,0.224,0,0,0,0.006,6.7,0.516,0,1,0.026,2,0
000110-98-5,0.017,0,2,0,0.07,0,0.409,0,0.83,0.079,2,0
000111-40-0,0.84,0,0,0,-0.058,15,0.329,0,0.5,0.081,0.586,0
000111-41-1,0.84,0,1,0,-0.039,10.5,0.306,0,0.67,0.078,0.586,0
000111-76-2,0.499,0,1,0,0.006,0,0.413,0,0.83,0.092,1.12,0
000111-94-4,0.146,0,0,0,-0.003,16.7,0.414,0,0.83,0.14,1.598,0
000112-40-3,29.116,0,0,0,-0.263,0,1.561,0,0.67,0.272,2.587,0
000115-28-6,6.848,14,2,0,-0.5,0,5.537,2,0.5,0.359,10.326,2
000115-32-2,26.513,7,1,0,0.431,0,2.783,0,0.67,0.392,6.936,0
000115-77-5,1.729,0,4,0,0.022,0,0.3,0,0.33,0.097,0.828,0
000115-96-8,5.559,3,0,1,0.305,0,2.273,1,0.67,0.129,2.932,0
000117-18-0,15.99,8,0,0,0.028,7.1,1.658,0,0.83,0.209,6.646,0
000117-81-7,29.446,0,0,0,-0.051,0,3.178,2,0.33,0.558,6.814,0
000118-44-5,10.301,0,0,0,0.478,3.8,1.57,0,0.83,0.083,3.806,0
000118-74-1,27.11,12,0,0,0.096,0,2.002,0,0.83,0,7.292,0
000118-79-6,14.171,0,0,0,-0.997,0,2.793,0,0.67,0.062,5.225,1
000118-83-2,12.821,2,0,0,0.521,5.9,1.067,0,0.83,0.09,6.07,0
000118-91-2,5.297,2,1,0,0.173,0,0.851,1,1,0.103,3.032,1
000118-96-7,5.563,0,0,0,-0.225,14.3,1.154,0,0.67,0.238,7.772,0
000119-12-0,8.823,0,0,0,0.691,5.1,2.679,1,0.33,0.344,6.378,0
000119-56-2,13.413,2,1,0,0.451,0,1.599,0,0.83,0.104,5.659,0
000119-61-9,12.867,0,0,0,0.311,0,1.346,1,0.83,0.131,3.594,0
000119-64-2,12.69,0,0,0,0.003,0,1.676,0,0.83,0.063,3.341,0
000119-93-7,9.3,0,0,0,0.373,6.3,1.711,0,0.67,0.222,7.422,0
000120-52-5,17.926,0,0,0,0.393,5,2.017,2,0.17,0.513,7.377,0
000120-54-7,3.77,0,0,0,-0.277,5,9.154,0,0.5,0.464,4.413,0
000120-71-8,2.496,0,0,0,0.339,4.8,0.854,0,1,0.102,3.695,0
000120-78-5,8.365,0,0,0,0.024,7.1,6.339,0,0.67,0.311,6.497,0
000120-83-2,7.446,4,0,0,0.249,0,0.89,0,1,0.043,3.52,1
000121-14-2,5.014,0,0,0,-0.091,10.5,0.908,0,0.67,0.158,4.758,0
000121-44-8,2.519,0,0,0,-0.027,4.5,0.671,0,1,0.057,0.791,0
000121-69-7,4.808,0,0,0,0.312,5,0.726,0,1,0.109,2.234,0
000121-82-4,1.963,0,0,0,-0.041,28.6,1.009,0,0.67,0.22,7.492,0
000121-92-6,2.672,0,1,0,0.156,5.9,0.753,1,0.67,0.088,3.46,1
000122-14-5,4.04,0,0,0,0.442,3.4,2.035,0,0.5,0.313,5.993,0
000122-34-9,5.165,0,0,0,-0.017,20,0.985,0,0.5,0.096,5.266,0
000123-31-9,0.798,0,0,0,0.393,0,0.453,0,1,0.022,2.275,2
000123-63-7,0.485,0,0,0,0.119,0,0.906,0,1,0.031,4.963,0
000123-91-1,0.224,0,0,0,0.045,0,0.44,0,1,0.026,2,0
000124-11-8,19.141,0,0,0,-0.163,0,0.892,0,0.67,0.161,1.598,0
000126-33-0,0.008,0,0,0,-0.071,0,2.238,2,1,0.037,1.464,0
000126-72-7,22.613,0,0,1,-0.953,0,3.643,1,0.33,0.367,5.894,0
000127-20-8,0.991,4,0,0,0.127,0,1.001,1,1,0.025,0.219,0
000127-27-5,21.516,0,1,0,-0.326,0,5.943,1,0.67,0.672,11.79,1
000127-90-2,16.019,10,0,0,0.592,0,1.02,0,0.5,0.246,4.568,0
000128-37-0,17.45,0,0,0,0.038,0,1.922,0,0.83,0.279,7.289,1
000129-00-0,22.653,0,0,0,0.583,0,2.67,0,0.83,0.154,6.571,0
000129-43-1,8.04,0,0,0,0.132,0,2.127,2,1,0.26,7.908,1
000131-09-9,11.672,2,0,0,0.22,0,2.244,2,0.83,0.273,7.798,0
000131-11-3,4.018,0,0,0,0.156,0,1.059,2,0.67,0.126,3.995,0
000131-52-2,15.278,10,0,0,0.252,0,2.706,0,0.83,0.966,7.292,0
000132-64-9,8.174,0,0,0,0.436,0,1.675,0,1,0.07,5.312,0
000133-06-2,3.317,0,0,0,-0.325,4.2,3.242,2,0.67,0.109,7.027,0
000134-32-7,6.954,0,0,0,0.467,5,1.25,0,1,0.058,3.731,0
000134-62-3,7.956,0,0,0,0.061,3.2,1.471,1,1,0.179,5.191,0
000135-88-6,18.306,0,0,0,0.743,3.3,1.955,0,0.83,0.214,5.964,0
000141-93-5,12.69,0,0,0,0.014,0,1.069,0,0.83,0.058,2.64,0
000142-96-1,5.17,0,0,0,-0.049,0,0.595,0,0.83,0.141,1.598,0
000143-50-0,23.079,23,0,0,-1.035,0,8.009,1,0.67,0.652,13.423,0
000144-19-4,1.941,0,2,0,-0.107,0,0.996,0,1,0.2,1.56,0
000149-30-4,3.129,0,0,0,0.029,6.7,1.968,0,0.83,0.008,4.312,0
000156-43-4,2.496,0,0,0,0.508,4.8,0.731,0,1,0.071,2.275,0
000206-44-0,22.653,0,0,0,0.586,0,2.743,0,0.83,0.126,7.333,0
000208-96-8,15.023,0,0,0,0.257,0,1.857,0,0.83,0.028,6.007,0
000226-36-8,21.941,0,0,0,0.822,2.9,3.322,0,0.83,0.361,7.955,0
000243-46-9,22.653,0,0,0,0.542,0,3.547,0,0.83,0.215,6.782,0
000260-49-6,9.309,0,0,0,0.558,4.3,1.72,0,0.83,0.104,5.215,0
000260-94-6,9.309,0,0,0,0.56,4.3,1.72,0,0.83,0.063,5.215,0
000271-89-6,3.365,0,0,0,0.25,0,0.906,0,1,0.009,3.237,0
000294-62-2,25.04,0,0,0,-0.05,0,2.121,0,0.83,0.178,3.464,0
000298-07-7,18.271,0,1,1,-0.19,0,3.106,1,0.17,0.452,6.745,0
000299-84-3,6.75,6,0,0,0.667,0,3.365,0,0.67,0.175,6.972,0
000309-00-2,29.906,14,0,0,-0.668,0,7.84,0,0.67,0.391,11.576,0
000314-40-9,3.233,0,0,0,-0.522,7.4,1.507,2,0.83,0.214,5.71,0
000315-18-4,3.426,0,0,0,0.09,5.9,1.839,1,0.83,0.263,5.386,0
000319-84-6,16.744,12,0,0,-0.654,0,3.381,0,0.83,0.331,7.292,0
000319-86-8,16.744,12,0,0,-0.654,0,3.381,0,0.83,0.331,7.292,0
000320-60-5,20.371,4,0,0,0.515,0,1.235,0,0.83,0.141,5.287,0
000328-84-7,20.371,4,0,0,0.697,0,0.971,0,0.83,0.046,4.626,0
000330-54-1,7,4,0,0,0.354,8.3,1.107,1,1,0.2,6.057,0
000333-41-5,6.369,0,0,0,0.099,5,2.345,0,0.33,0.299,6.368,0
000335-67-1,17.39,0,1,0,1.455,0,1.101,1,0.5,0.586,13.875,1
000335-76-2,26.23,0,1,0,1.455,0,1.495,1,0.5,1.023,15.904,1
000355-46-4,8.139,0,1,0,1.144,0,1.369,2,0.5,0.266,13.351,0
000461-58-5,0.845,0,0,0,-0.006,40,0.058,0,0.5,0.012,-0.796,0
000462-08-8,0.021,0,0,0,0.278,15.4,0.376,0,1,0.019,2.136,0
000471-74-9,21.516,0,1,0,-0.402,0,5.943,1,0.67,0.634,11.79,1
000471-77-2,21.516,0,1,0,-0.392,0,5.821,1,0.67,0.621,8.705,1
000492-97-7,8.972,0,0,0,-0.328,0,2.416,0,1,0,2.669,0
000493-01-6,19.638,0,0,0,-0.2,0,2.858,0,0.83,0.076,3.341,0
000493-02-7,19.638,0,0,0,-0.353,0,2.858,0,0.83,0.132,3.341,0
000504-03-0,2.397,0,0,0,-0.126,4.3,1.383,0,1,0.092,2.57,0
000504-29-0,0.445,0,0,0,0.236,15.4,0.376,0,1,0.008,2.136,0
000510-15-6,15.463,4,1,0,0.421,0,2.272,1,0.5,0.348,6.407,0
000514-10-3,21.516,0,1,0,-0.297,0,5.601,1,0.67,0.642,8.705,1
000526-73-8,10.62,0,0,0,0.06,0,0.898,0,0.83,0.099,3.178,0
000527-20-8,15.278,10,0,0,0.38,7.1,1.775,0,0.83,0.072,7.292,0
000527-60-6,6.299,0,0,0,0.078,0,1.172,0,1,0.116,5.225,1
000528-29-0,3.557,0,0,0,0.024,12.5,0.773,0,0.67,0.062,3.531,0
000534-52-1,3.055,0,0,0,-0.118,10,0.987,0,0.67,0.182,6.425,1
000541-73-1,12.094,4,0,0,0.246,0,0.896,0,0.83,0,2.57,0
000542-18-7,6.581,2,0,0,-0.149,0,1.361,0,1,0.052,2.136,0
000544-01-4,8.378,0,0,0,-0.149,0,0.74,0,0.83,0.191,3.058,0
000544-76-3,41.433,0,0,0,-0.361,0,2.268,0,0.67,0.385,3.212,0
000554-84-7,1.816,0,0,0,0.17,6.7,0.607,0,0.67,0.06,2.938,1
000555-03-3,2.893,0,0,0,0.222,5.6,0.724,0,0.83,0.09,3.027,0
000556-67-2,0.413,0,0,0,0.9,0,23.559,0,0.83,0.31,11.037,0
000563-04-2,29.945,0,0,1,1.382,0,3.687,1,0.33,0.427,7.472,0
000577-11-7,7.248,0,0,0,-0.365,0,4.317,3,0.33,0.902,6.884,0
000577-55-9,17.096,0,0,0,-0.076,0,1.562,0,0.83,0.105,3.531,0
000583-39-1,2.89,0,0,0,0.158,12.5,1.168,0,0.83,0.02,4.312,0
000583-53-9,14.401,0,0,0,0.452,0,1.009,0,0.83,0,2.938,0
000591-20-8,5.272,0,0,0,0.276,0,0.863,0,1,0.011,2.57,1
000591-27-5,0.798,0,0,0,0.384,6.7,0.525,0,1,0.027,2.57,1
000591-35-5,7.446,4,0,0,0.328,0,1.054,0,1,0.011,4.963,1
000603-11-2,2.048,0,2,0,0.064,5,1.095,2,0.67,0.22,5.631,2
000606-28-0,11.51,0,0,0,0.459,0,1.714,2,0.67,0.231,5.656,0
000607-99-8,16.406,0,0,0,0.695,0,3.306,0,0.67,0.051,5.225,0
000608-73-1,16.744,12,0,0,-0.825,0,3.381,0,0.83,0.573,7.292,0
000608-93-5,24.263,10,0,0,0.515,0,1.654,0,0.83,0,5.637,0
000610-39-9,5.014,0,0,0,-0.119,10.5,0.934,0,0.67,0.131,5.712,0
000611-06-3,9.673,4,0,0,0.294,7.1,1.107,0,0.83,0.082,4.287,0
000611-21-2,4.808,0,0,0,0.245,5,0.853,0,1,0.065,2.972,0
000612-22-6,6.626,0,0,0,0.095,5,0.988,0,1,0.1,3.154,0
000615-74-7,6.055,2,0,0,0.297,0,0.74,0,1,0.038,3.52,1
000616-44-4,2.503,0,0,0,-0.138,0,0.998,0,1,0.017,1.372,0
000618-62-2,9.673,4,0,0,0.137,7.1,1.159,0,0.83,0.045,4.963,0
000622-97-9,10.039,0,0,0,0.145,0,0.703,0,0.83,0.09,2.275,0
000626-17-5,1.97,0,0,0,0.344,14.3,0.658,0,1,0.071,2.64,0
000626-39-1,20.371,0,0,0,-1.053,0,2.922,0,0.67,0,4.963,0
000626-67-5,1.428,0,0,0,-0.019,5,1.052,0,1,0.071,2.136,0
000629-25-4,17.349,0,0,0,-0.291,0,1.886,1,0.67,0.446,3.28,0
000634-67-3,10.982,6,0,0,0.445,7.1,1.084,0,0.83,0.045,4.178,0
000634-83-3,13.085,8,0,0,0.489,7.1,1.409,0,0.83,0.043,5.637,0
000634-90-2,21.476,8,0,0,0.489,0,1.451,0,0.83,0,5.225,0
000634-91-3,10.982,6,0,0,0.489,7.1,1.188,0,0.83,0.015,5.225,0
000636-28-2,27.11,0,0,0,1.125,0,2.486,0,0.67,0,4.372,0
000636-30-6,10.982,6,0,0,0.279,7.1,1.093,0,0.83,0.043,4.372,0
000680-31-9,1.833,0,0,1,-0.048,10.3,3.22,1,0.83,0.164,4.179,0
000696-44-6,4.808,0,0,0,0.246,5,0.801,0,1,0.058,2.601,0
000732-26-3,24.083,0,0,0,-0.139,0,2.211,0,0.83,0.405,11.565,1
000760-23-6,6.047,3,0,0,-0.011,0,0.189,0,1,0.003,0,0
000764-13-6,9.232,0,0,0,-0.104,0,0.333,0,0.83,0.107,0.96,0
000767-00-0,1.336,0,0,0,0.329,7.1,0.536,0,1,0.045,2.275,1
000782-74-1,19.339,4,0,0,0.944,7.7,1.626,0,0.83,0.191,4.144,0
000789-02-6,38.02,7,0,0,0.495,0,3.011,0,0.67,0.255,7.21,0
000839-90-7,1.539,0,3,0,0.096,9.1,1.556,3,0.5,0.299,8.014,0
000842-18-2,0.203,0,0,0,-0.05,0,5.263,4,0.33,0.549,9.274,1
000877-10-1,27.11,8,0,0,-0.069,0,1.893,0,0.83,0.193,7.292,0
000877-11-2,27.11,10,0,0,0.025,0,1.948,0,0.83,0.078,7.292,0
000879-39-0,15.99,8,0,0,0.142,7.1,1.554,0,0.83,0.124,6.123,0
000920-66-1,2.519,0,1,0,0.612,0,0.186,0,1,0.17,2.206,0
000938-22-7,15.278,8,0,0,0.607,0,1.795,0,0.83,0,5.656,0
000938-86-3,15.278,8,0,0,0.564,0,1.56,0,0.83,0.019,5.851,0
000946-30-5,2.105,2,0,0,-0.302,5.6,2.578,2,0.67,0.179,6.687,0
000947-04-6,6.028,0,0,0,-0.196,2.7,1.964,1,1,0.248,3.57,0
000959-98-8,10.387,14,0,0,0.069,0,6.599,0,0.67,0.325,9.379,0
000961-11-5,19.896,7,0,1,0.638,0,2.663,1,0.33,0.206,7.718,0
000962-58-3,8.291,0,0,1,0.37,5,2.523,1,0.5,0.273,6.613,0
001014-70-6,5.165,0,0,0,0.155,17.2,1.278,0,0.5,0.151,5.886,0
001071-83-6,3.84,0,3,0,0.031,5.6,0.712,2,0.33,0.072,2.296,1
001141-38-4,5.831,0,2,0,0.384,0,1.512,2,0.67,0.245,7.464,2
001163-19-5,54.664,0,0,0,-3.689,0,7.795,0,0.67,0.372,8.103,0
001194-65-6,8.735,4,0,0,0.285,7.7,1.087,0,1,0.166,3.443,0
001241-94-7,27.127,0,0,1,0.73,0,3.683,1,0.33,0.498,6.824,0
001321-74-0,11.465,0,0,0,0.156,0,0.883,0,0.83,0.035,3.03,0
001330-78-5,29.945,0,0,1,0.8,0,3.843,1,0.33,0.43,8.587,0
001336-36-3,35.867,8,0,0,0.163,0,2.436,0,0.83,0.098,6.047,0
001490-04-6,6.262,0,1,0,-0.175,0,2.152,0,1,0.247,4.287,0
001502-22-3,7.967,0,0,0,-0.367,0,2.555,1,1,0.102,3.477,0
001570-64-5,6.055,2,0,0,0.203,0,0.846,0,1,0.038,3.52,1
001582-09-8,17.698,0,0,0,0.011,7.7,2.245,0,0.17,0.33,7.772,0
001631-58-9,0.668,0,0,0,0.055,5.3,3.607,0,1,0.056,1.646,0
001634-04-4,1.463,0,0,0,-0.019,0,0,0,1,0.048,-3,0
001634-78-2,0.296,0,0,1,-0.037,0,4.017,3,0.33,0.353,5.914,0
001687-30-5,0.531,0,2,0,-0.118,0,1.722,2,0.67,0.148,3.531,2
001746-01-6,16.737,8,0,0,0.989,0,2.191,0,0.67,0.215,7.532,0
001746-81-2,4.37,2,0,0,0.248,8,0.944,1,0.83,0.181,5.642,0
001763-23-1,15.048,0,1,0,1.515,0,1.764,2,0.33,0.677,15.593,0
001779-48-2,1.814,0,1,0,0.015,0,1.058,1,0.83,0.035,2.234,0
001825-21-4,17.554,10,0,0,-0.032,0,2.039,0,0.83,0.047,7.292,0
001825-31-6,20.2,4,0,0,0.299,0,1.681,0,0.83,0.095,4.657,0
001836-75-5,16.321,4,0,0,0.628,4,1.768,0,0.67,0.21,6.742,0
001843-05-6,33.203,0,0,0,0.299,0,2.611,1,0.5,0.522,6.481,1
001897-45-6,9.814,8,0,0,0.37,14.3,1.9,0,0.83,0.348,7.478,0
001912-24-9,6.707,0,0,0,-0.022,17.9,1.07,0,0.5,0.126,5.362,0
001918-16-7,7.956,1,0,0,0.277,3.6,1.512,1,1,0.057,4.465,0
001945-53-5,21.516,0,1,0,-0.433,0,5.572,1,0.67,0.627,8.705,1
002042-14-0,2.893,0,0,0,0.12,5.6,0.794,0,0.67,0.095,4.726,1
002050-68-2,24.476,4,0,0,0.32,0,1.537,0,0.83,0.082,5.89,0
002050-74-0,20.2,4,0,0,0.179,0,1.867,0,0.83,0.209,5.347,0
002050-75-1,20.2,4,0,0,0.382,0,1.529,0,0.83,0.024,4.899,0
002051-60-7,19.499,2,0,0,0.315,0,1.558,0,0.83,0.019,3.477,0
002051-62-9,19.499,2,0,0,0.318,0,1.399,0,0.83,0.05,4.39,0
002058-94-8,30.998,0,1,0,1.537,0,1.692,1,0.5,1.111,16.597,1
002104-64-5,11.494,0,0,0,0.453,2.9,4.225,0,0.17,0.433,6.802,0
002173-57-1,14.024,0,0,0,0.502,0,1.52,0,0.83,0.189,5.041,0
002198-77-8,20.2,4,0,0,0.411,0,1.55,0,0.83,0.024,5.634,0
002212-67-1,2.494,0,0,0,-0.117,3.4,2.08,1,1,0.156,3.052,0
002216-51-5,6.262,0,1,0,-0.175,0,2.152,0,1,0.247,4.287,0
002234-13-1,42.931,16,0,0,0.054,0,3.636,0,0.67,0.351,8.567,0
002243-62-1,4.097,0,0,0,0.501,9.1,1.359,0,0.83,0.103,3.829,0
002255-17-6,5.657,0,0,1,0.297,3.4,1.838,1,0.5,0.298,6.698,0
002310-17-0,3.032,2,0,0,0.653,2.8,6.146,1,0.33,0.359,7.083,0
002437-79-8,35.867,8,0,0,0.165,0,2.436,0,0.83,0.098,6.047,0
002460-49-3,5.92,4,0,0,0.336,0,0.993,0,1,0.018,4.519,1
002463-84-5,5.189,2,0,0,0.435,3.8,2.153,0,0.5,0.347,7.581,0
002497-06-5,0.511,0,0,0,0.127,0,7.255,2,0.33,0.359,2.803,0
002498-66-0,13.905,0,0,0,0.227,0,2.864,2,0.83,0.243,8.019,0
002531-84-2,21.047,0,0,0,0.4,0,2.133,0,0.83,0.186,5.76,0
002539-17-5,9.168,8,0,0,0.492,0,1.689,0,0.83,0.083,7.292,1
002581-34-2,2.893,0,0,0,0.121,5.6,0.844,0,0.67,0.108,4.287,1
002631-40-5,4.451,0,0,0,0.271,3.4,1.201,1,1,0.15,4.702,0
002636-26-2,2.165,0,0,0,0.295,4,1.805,0,0.67,0.332,6.145,0
002655-14-3,3.306,0,0,0,0.151,3.8,1.15,1,1,0.15,4.963,0
002668-24-8,7.488,6,0,0,0.544,0,1.3,0,1,0.056,5.851,1
002691-41-0,5.556,0,0,0,0.132,28.6,1.346,0,0.5,0.345,8.142,0
002719-61-1,43.145,0,0,0,-0.157,0,2.533,0,0.67,0.363,3.738,0
002814-20-2,2.918,0,0,0,0.189,8.7,0.833,0,1,0.027,4.963,1
002861-02-1,2.369,0,2,0,0.223,5.3,4.155,6,0.33,0.684,11.762,2
003229-00-3,17.665,0,0,0,-0.261,0,5.786,0,0.67,0.399,0.828,0
003268-87-9,25.318,16,0,0,1.141,0,3.542,0,0.67,0.254,8.254,0
003296-90-0,1.941,0,2,0,-0.331,0,1.893,0,1,0.204,0.828,0
003383-96-8,11.048,0,0,0,0.828,0,4.519,0,0.17,0.741,7.827,0
003481-20-7,13.085,8,0,0,0.542,7.1,1.416,0,0.83,0.073,5.637,0
003761-42-0,2.634,0,0,0,0.391,0,3.26,2,0.33,0.32,7.442,0
003766-81-2,5.716,0,0,0,0.311,3.1,1.351,1,0.83,0.19,4.988,0
003811-49-2,1.695,0,0,0,0.533,0,2.445,0,1,0.213,4.436,0
003864-99-1,23.886,2,0,0,0.184,6.1,2.938,0,0.5,0.575,10.175,1
004101-68-2,32.124,0,0,0,-0.139,0,1.871,0,0.5,0.305,2.674,0
004333-56-6,2.671,0,0,0,0.055,0,0,0,1,0,-3,0
004390-04-9,41.433,0,0,0,-0.146,0,3.569,0,0.67,0.361,9.299,0
004883-72-1,1.225,0,1,0,-0.247,9.1,1.379,0,0.83,0.121,2.518,0
005103-71-9,29.906,18,0,0,-0.291,0,7.46,0,0.67,0.369,10.534,0
005124-25-4,9.86,0,0,0,0.444,7.3,3.411,2,0.17,0.538,7.091,0
005428-54-6,2.893,0,0,0,0.093,5.6,0.711,0,0.67,0.124,3.541,1
005510-99-6,15.375,0,0,0,-0.043,0,1.815,0,0.67,0.211,4.726,1
005707-44-8,19.46,0,0,0,0.155,0,1.564,0,0.83,0.182,4.486,0
005835-26-7,21.516,0,1,0,-0.378,0,5.864,1,0.67,0.653,11.79,1
005902-51-2,2.725,2,0,0,0.033,7.4,1.363,2,0.83,0.281,6.278,0
006130-75-2,13.085,6,0,0,0.394,0,1.275,0,0.83,0.019,4.519,0
006165-51-1,24.176,0,0,0,0.167,0,2.148,0,0.83,0.194,5.662,0
006639-30-1,19.064,6,0,0,0.223,0,1.223,0,0.83,0.049,4.372,0
006731-36-8,14.936,0,0,0,-0.524,0,2.963,0,0.33,0.348,9.955,0
006936-40-9,15.278,8,0,0,0.705,0,1.677,0,0.83,0,5.971,0
007012-37-5,29.937,6,0,0,0.242,0,1.997,0,0.83,0.084,5.947,0
007267-11-0,12.153,4,2,0,0.093,0,2.337,2,0.5,0.235,7.789,2
009014-90-8,8.754,0,0,0,0.194,0,4.139,2,0.33,0.956,6.381,0
010319-14-9,8.809,0,0,0,0.428,3,3.51,2,0.5,0.459,8.799,1
010541-83-0,2.148,0,1,0,0.324,5,0.779,1,1,0.156,2.948,1
010605-21-7,1.106,0,0,0,0.252,13,1.16,1,0.67,0.108,4.996,0
012002-48-1,16.507,6,0,0,0.483,0,1.001,0,0.83,0,3.178,0
013029-08-8,24.476,4,0,0,0.133,0,1.834,0,0.83,0.022,4.072,0
013071-79-9,4.479,0,0,0,0.207,0,8.203,0,0.67,0.302,2.767,0
013116-53-5,8.746,6,0,0,-0.433,0,0.321,0,1,0.053,0.286,0
013358-11-7,18.016,0,0,0,-0.369,1.7,5.645,2,0.5,0.626,10.302,0
013540-50-6,21.786,0,0,0,0.122,0,1.806,0,0.83,0.173,5.629,0
013674-87-8,16.201,6,0,1,-0.095,0,4.502,1,0.33,0.622,6.685,0
013684-56-5,4.354,0,0,0,0.604,5.3,1.694,2,0.33,0.359,6.616,0
014233-37-5,10.438,0,0,0,0.205,4.3,3.085,2,0.33,0.475,8.739,0
015087-24-8,14.697,0,0,0,0.273,0,3.823,1,0.83,0.295,8.786,0
015258-73-8,7.717,4,1,0,0.216,0,1.2,0,1,0.129,3.443,0
015862-07-4,29.937,6,0,0,0.488,0,2.017,0,0.83,0.066,5.657,0
015883-57-5,0.203,0,0,0,-0.276,0,4.365,4,0.33,0.435,9.225,1
016219-75-3,8.783,0,0,0,-0.049,0,1.987,0,1,0.046,4.173,0
016606-02-3,29.937,6,0,0,0.335,0,1.873,0,0.83,0.053,5.803,0
016766-31-7,5.92,4,0,0,0.401,0,1.173,0,1,0.076,5.62,1
017348-59-3,3.765,0,0,0,-0.091,0,0.707,0,1,0.076,-1.029,0
018708-70-8,13.655,6,0,0,0.148,7.1,1.664,0,0.83,0.221,5.225,0
019044-88-3,3.842,0,0,0,-0.404,9.8,2.773,2,0.33,0.35,7.772,0
019408-74-3,20.902,12,0,0,1.328,0,2.907,0,0.67,0.235,8.016,0
019666-30-9,16.237,4,0,0,0.238,5,2.266,1,0.33,0.496,8.665,0
021564-17-0,5.035,0,0,0,0.318,10,3.667,0,0.83,0.177,4.312,0
021609-90-5,21.339,4,0,0,0.336,0,4.339,0,0.5,0.335,7.149,0
022224-92-6,14.039,0,0,1,0.232,2.4,3.751,1,0.17,0.422,6.47,0
023135-22-0,0.214,0,0,0,-0.105,11.1,0.952,2,0.5,0.17,4.959,0
024157-81-1,24.994,0,0,0,0.087,0,2.001,0,0.83,0.305,7.464,0
024423-11-8,23.578,2,0,0,0.439,0,2.164,0,0.83,0.07,5.76,0
025057-89-0,2.416,0,0,0,-0.105,7.1,3.113,3,0.67,0.308,7.553,0
025154-52-3,25.901,0,0,0,0.031,0,1.949,0,0.67,0.339,3.723,1
025167-93-5,6.293,2,0,0,0.226,7.1,0.805,0,1,0.084,3.032,0
025265-71-8,0.017,0,2,0,0.125,0,0.409,0,0.83,0.076,2,0
025311-71-1,9.442,0,0,0,0.305,2.2,4.458,1,0.33,0.429,6.161,0
025394-13-2,0.868,0,0,0,0.114,5.3,5.016,4,0.17,0.527,7.846,0
025637-99-4,39.646,0,0,0,-0.296,0,10.667,0,0.67,0.88,6.847,0
025638-17-9,9.511,0,0,0,-0.169,0,3.545,2,0.67,0.43,6.71,0
026087-47-8,7.844,0,0,1,0.417,0,5.353,1,0.67,0.324,5.138,0
026444-49-5,25.218,0,0,1,1.295,0,3.373,1,0.33,0.335,7.008,0
026898-17-9,34.194,0,0,0,0.334,0,2.714,0,0.67,0.297,6.788,0
026914-33-0,35.867,8,0,0,0.408,0,2.191,0,0.83,0.027,5.742,0
027314-13-2,8.392,2,0,0,0.636,10.3,1.828,1,0.67,0.269,8.407,0
028106-30-1,12.054,0,0,0,0.1,0,0.889,0,0.83,0.105,2.275,0
028575-17-9,24.176,0,0,0,0.13,0,1.942,0,0.83,0.184,6.331,0
028680-45-7,20.091,12,0,0,-0.177,0,3.527,0,0.67,0.367,6.65,0
029082-74-4,37.913,14,0,0,0.575,0,2.694,0,0.67,0.184,7.292,0
029091-21-2,11.962,0,0,0,0.007,9.8,2.405,0,0.17,0.437,8.484,0
029761-21-5,31.924,0,0,1,0.59,0,3.909,1,0.33,0.541,6.573,0
030746-58-8,16.737,8,0,0,1.152,0,2.508,0,0.67,0.175,7.616,0
031508-00-6,38.839,10,0,0,0.626,0,2.361,0,0.67,0.096,7.531,0
031604-28-1,30.979,8,0,0,0.003,0,2.446,0,0.83,0.029,6.375,0
032598-14-4,38.839,10,0,0,0.416,0,2.355,0,0.67,0.079,7.551,0
032669-06-0,15.209,1,0,0,0.314,0,1.892,0,0.67,0.114,4.016,0
032774-16-6,41.857,12,0,0,0.826,0,2.637,0,0.67,0.079,8.058,0
032861-85-1,12.309,4,0,0,0.483,3.4,2.004,0,0.17,0.354,6.825,0
033423-92-6,16.737,8,0,0,0.962,0,2.67,0,0.67,0.179,6.315,0
033576-92-0,2.87,0,0,0,0.526,0,1.696,0,0.83,0.214,3.067,0
033857-26-0,9.3,4,0,0,0.817,0,1.853,0,0.83,0.15,5.989,0
033979-03-2,41.857,12,0,0,-0.032,0,3.574,0,0.67,0.144,6.163,0
034883-41-5,24.476,4,0,0,0.381,0,1.877,0,0.83,0.018,4.963,0
034883-43-7,24.476,4,0,0,0.256,0,1.696,0,0.83,0.051,5.371,0
035065-27-1,41.857,12,0,0,0.433,0,2.755,0,0.67,0.122,7.589,0
035065-28-2,41.857,12,0,0,0.626,0,2.749,0,0.67,0.099,7.627,0
035367-38-5,12.307,2,0,0,0.318,6.7,1.702,2,0.5,0.372,6.288,0
035693-99-3,35.867,8,0,0,0.389,0,2.191,0,0.83,0.027,5.742,0
035694-06-5,41.857,12,0,0,0.557,0,2.891,0,0.67,0.092,6.955,0
035694-08-7,48.018,16,0,0,0.676,0,3.345,0,0.67,0.088,8.377,0
035860-37-8,32.633,0,0,0,-0.081,0,2.776,0,0.83,0.366,7.96,0
036065-30-2,31.286,0,0,0,-1.193,0,3.692,0,0.67,0.251,5.933,0
036335-67-8,9.97,0,0,0,0.201,4.8,4.34,0,0.17,0.398,6.154,0
036734-19-7,4.034,4,0,0,-0.159,8.8,2.422,3,0.5,0.221,7.138,0
037680-73-2,38.839,10,0,0,0.418,0,2.473,0,0.67,0.074,6.668,0
038380-01-7,38.839,10,0,0,0.327,0,2.596,0,0.67,0.11,6.815,0
038380-02-8,38.839,10,0,0,0.493,0,2.467,0,0.67,0.051,6.359,0
038380-07-3,41.857,12,0,0,0.831,0,2.742,0,0.67,0.075,7.723,0
038411-22-2,41.857,12,0,0,0.592,0,2.947,0,0.67,0.031,6.778,0
038444-93-8,35.867,8,0,0,0.613,0,2.228,0,0.83,0.017,6.297,0
038640-62-9,24.994,0,0,0,0.076,0,2.177,0,0.83,0.215,6.919,0
038964-22-6,9.3,4,0,0,0.943,0,1.909,0,0.83,0.069,6.077,0
039227-28-6,20.902,12,0,0,1.097,0,2.866,0,0.67,0.239,7.905,0
039227-58-2,12.771,6,0,0,1.002,0,2.245,0,0.83,0.145,7.409,0
039227-61-7,18.786,10,0,0,1.098,0,2.697,0,0.67,0.208,7.636,0
039485-83-1,38.839,10,0,0,0.125,0,3.015,0,0.67,0.122,6.106,0
040186-72-9,51.159,18,0,0,0.485,0,3.835,0,0.67,0.108,8.508,0
040321-76-4,18.786,10,0,0,1.136,0,2.549,0,0.67,0.227,7.756,0
040487-42-1,12.577,0,0,0,-0.096,7.7,2.093,0,0.33,0.398,7.149,0
041122-70-7,23.052,0,0,0,0.133,2.4,2.357,0,0.67,0.534,6.695,0
041464-40-8,35.867,8,0,0,0.279,0,2.314,0,0.83,0.062,5.857,0
041464-51-1,38.839,10,0,0,0.594,0,2.492,0,0.67,0.07,7.195,0
042240-73-3,16.737,8,0,0,0.414,7.7,2.422,0,0.5,0.346,7.723,0
042740-50-1,48.018,16,0,0,0.696,0,3.58,0,0.67,0.113,8.141,0
042874-03-3,16.979,2,0,0,0.832,2.9,2.086,0,0.17,0.478,8.736,0
050375-10-5,13.085,6,0,0,0.323,0,1.369,0,0.83,0.046,4.344,0
050512-35-1,3.332,0,0,0,-0.035,0,3.744,2,0.5,0.238,6.14,0
050853-70-8,1.57,0,2,0,-0.013,0,2.868,2,0.67,0.147,7.078,2
051218-45-2,9.155,1,0,0,0.098,2.4,2.45,1,0.67,0.289,5.546,0
051630-58-1,23.353,2,0,0,0.63,1.9,3.313,1,0.33,0.682,7.607,0
051908-16-8,41.857,12,0,0,0.617,0,2.834,0,0.67,0.072,7.263,0
052315-07-8,15.264,2,0,0,0.487,2.1,3.3,1,0.33,0.725,7.634,0
052341-33-0,20.97,2,0,0,0.47,0,3.143,1,0.5,0.553,7.008,0
052645-53-1,20.97,2,0,0,0.519,0,3.143,1,0.5,0.504,7.008,0
052663-58-8,35.867,8,0,0,0.257,0,2.281,0,0.83,0.057,6.192,0
052663-63-5,41.857,12,0,0,0.326,0,2.896,0,0.67,0.028,7.063,0
052663-69-1,44.917,14,0,0,0.348,0,3.285,0,0.67,0.13,7.752,0
052663-77-1,51.159,18,0,0,0.867,0,3.943,0,0.67,0.078,7.762,0
052663-78-2,48.018,16,0,0,0.601,0,3.532,0,0.67,0.102,8.199,0
052712-04-6,41.857,12,0,0,0.477,0,2.768,0,0.67,0.056,6.852,0
052820-00-5,16.93,0,0,0,1.214,2.1,3.598,1,0.33,0.787,7.634,0
052918-63-5,16.93,0,0,0,1.429,2.1,3.598,1,0.33,0.823,7.634,0
053555-64-9,30.979,8,0,0,0.133,0,2.403,0,0.83,0.092,6.251,0
054135-80-7,13.085,6,0,0,0.519,0,1.27,0,0.83,0.024,4.31,0
054135-82-9,13.085,6,0,0,0.572,0,1.226,0,0.83,0.02,5.225,0
055283-68-6,16.946,0,0,0,-0.107,8.1,2.045,0,0.17,0.337,7.772,0
055512-33-9,26.877,1,0,0,0.215,4.2,3.184,1,0.17,0.528,6.05,0
055720-37-1,25.344,6,0,0,0.276,0,1.986,0,0.83,0.058,5.796,0
056348-72-2,24.72,8,0,0,0.848,0,1.793,0,0.67,0.155,6.982,0
056425-91-3,4.778,0,1,0,0.643,5.4,2.24,0,0.5,0.486,7,0
057117-31-4,27.197,10,0,0,0.545,0,2.764,0,0.67,0.157,7.839,0
057117-39-2,24.72,8,0,0,0.393,0,2.447,0,0.67,0.16,7.632,0
057117-43-8,27.197,10,0,0,0.529,0,2.811,0,0.67,0.175,8.052,0
057117-44-9,29.732,12,0,0,0.583,0,3.201,0,0.67,0.205,8.231,0
057465-28-8,38.839,10,0,0,0.642,0,2.292,0,0.67,0.08,7.605,0
057567-84-7,1.095,0,2,0,-0.247,0,1.949,2,0.67,0.136,5.712,2
057837-19-1,3.636,0,0,0,0.147,2.4,2.189,2,0.67,0.338,6.533,0
058138-08-2,16.429,7,0,0,0.201,0,2.685,0,0.67,0.202,7.384,0
058200-66-1,20.902,12,0,0,1.199,0,2.914,0,0.67,0.158,7.923,0
059080-33-0,34.143,0,0,0,0.742,0,4.139,0,0.67,0.295,5.225,0
059261-08-4,51.159,0,0,0,-1.446,0,6.872,0,0.67,0.174,6.163,0
059365-60-5,2.654,2,2,0,0.151,0,1.105,0,1,0.075,3.068,0
059669-26-0,0.268,0,0,0,-0.591,10.3,1.438,2,0.33,0.414,5.894,0
059722-76-8,9.394,0,0,0,0.782,2.6,3.253,2,0.33,0.595,8.603,1
060168-88-9,13.101,4,1,0,0.401,5.9,2.808,0,0.67,0.293,6.816,0
060782-58-3,24.887,0,1,0,0.044,0,6.492,0,0.5,0.554,3.506,0
060851-34-5,29.732,12,0,0,0.644,0,3.128,0,0.67,0.174,8.399,0
061949-76-6,20.97,2,0,0,0.373,0,3.143,1,0.5,0.559,7.008,0
066332-96-5,17.465,0,0,0,0.889,2.6,2.046,1,0.5,0.334,7.775,0
066735-04-4,12.208,0,1,0,-0.091,0,1.582,1,0.67,0.336,6.496,1
067028-18-6,16.737,8,0,0,1.121,0,2.38,0,0.67,0.194,7.431,0
067375-30-8,15.264,2,0,0,0.539,2.1,3.3,1,0.33,0.699,7.634,0
068085-85-8,17.784,2,0,0,0.629,2,3.281,1,0.33,0.679,9.233,0
068194-07-0,38.839,10,0,0,0.55,0,2.674,0,0.67,0.059,6.167,0
068194-17-2,48.018,16,0,0,0.488,0,3.618,0,0.67,0.075,7.677,0
068359-37-5,18.311,2,0,0,0.731,2.1,3.311,1,0.33,0.659,8.409,0
069806-40-2,11.626,2,0,0,1.077,2.6,1.976,1,0.33,0.505,8.178,0
070362-47-9,35.867,8,0,0,0.356,0,2.295,0,0.83,0.073,6.494,0
070648-26-9,29.732,12,0,0,0.502,0,3.159,0,0.67,0.203,7.915,0
071441-80-0,5.279,0,1,0,-0.295,2,3.862,1,0.33,0.375,5.999,1
072178-02-0,7.987,2,0,0,0.335,5.3,2.696,3,0.33,0.585,9.919,0
072490-01-8,5.604,0,0,0,0.723,2.4,1.733,1,0.5,0.397,6.066,0
074472-35-8,38.839,10,0,0,0.399,0,2.796,0,0.67,0.08,6.424,0
074472-41-6,41.857,12,0,0,0.458,0,3.255,0,0.67,0.084,6.252,0
075627-02-0,29.732,12,0,0,0.405,0,3.37,0,0.67,0.229,7.728,0
076253-60-6,41.857,8,0,0,0.271,0,2.769,0,0.67,0.338,6.494,0
076745-12-5,35.867,8,0,0,0.783,0,2.84,0,0.67,0.174,6.982,0
077501-63-4,17.797,2,0,0,0.899,2.2,2.539,2,0.17,0.635,8.745,0
079060-60-9,29.732,12,0,0,0.494,0,3.207,0,0.67,0.224,8.215,0
081405-85-8,7.628,0,0,0,-0.02,4.9,2.207,2,0.5,0.424,7.365,0
081777-89-1,7.164,2,0,0,0.043,3.3,1.792,1,1,0.217,6.993,0
082657-04-3,29.164,2,0,0,0.34,0,3.565,1,0.5,0.556,10.456,0
084852-15-3,25.901,0,0,0,0.031,0,1.949,0,0.67,0.339,3.723,1
092341-06-5,29.732,12,0,0,0.463,0,3.307,0,0.67,0.244,8.01,0
096182-53-5,3.934,0,0,0,0.445,4.7,3.807,0,0.5,0.418,6.867,0
098886-44-3,0.41,0,0,1,-0.218,2.9,7.613,2,0.5,0.321,5.577,0
104098-48-8,6.585,0,0,0,-0.275,2.7,1.899,1,0.83,0.198,5.051,0
109293-97-2,3.763,0,1,0,0.346,11.1,1.839,2,0.33,0.286,6.674,1
112226-61-6,19.003,2,0,0,0.324,4.8,2.126,2,0.33,0.406,8.504,0
117718-60-2,13.202,0,0,0,0.072,4.7,3.599,1,0.17,0.482,9.315,0
121552-61-2,9.24,0,0,0,0.396,9.4,1.804,0,0.83,0.165,6.597,0
123251-96-7,1.008,4,2,0,0.613,5.9,3.824,4,0.33,0.431,9.31,0
138261-41-3,2.611,1,0,0,-0.019,18.5,1.682,0,0.67,0.165,5.769,0
141517-21-7,16.781,0,0,0,0.59,4.2,2.433,1,0.17,0.587,8.565,0
188425-85-6,15.234,3,0,0,0.487,5.7,2.549,1,0.67,0.36,6.73,0
BCF000-0N-1,38.131,0,0,0,0.828,0,3.699,0,0.5,0.824,11.149,0
BCF000-0N-5,31.158,0,0,0,0.348,0,1.859,0,0.67,0.371,6.293,0
BCF000-0N-7,3.628,0,1,0,0.394,0,3.574,0,0.33,0.566,3.869,0