CAS,nN,nHM,O%,MATS1e,GATS1p,GATS7p,GGI1,GGI2,nCq,nCrt,C-040,H-048,H-051,O-059
000540-84-1,0,0,0,-0.09,1.625,0,4,0.667,1,0,0,0,0,0
000115-07-1,0,0,0,-0.25,1.5,0,0.5,0,0,0,0,0,0,0
000106-99-0,0,0,0,-0.167,1.25,0,0.5,0.222,0,0,0,0,0,0
000107-39-1,0,0,0,-0.087,1.5,0,4,0.667,1,0,0,0,0,0
000075-09-2,0,2,0,-0.076,0.576,0,0.5,0,0,0,0,2,0,0
000067-66-3,0,3,0,-0.258,0.502,0,1.5,0,0,0,0,0,0,0
000075-25-2,0,3,0,-0.208,0.667,0,1.5,0,0,0,0,0,0,0
000075-00-3,0,1,0,0,1.035,0,0.5,0,0,0,0,0,0,0
000079-34-5,0,4,0,-0.09,0.505,0,2,0.889,0,0,0,2,0,0
000074-97-5,0,2,0,-0.06,0.505,0,0.5,0,0,0,0,2,0,0
004101-68-2,0,2,0,-0.006,0.871,0.997,0.5,0.222,0,0,0,0,0,0
000079-27-6,0,4,0,-0.069,0.57,0,2,0.889,0,0,0,2,0,0
000078-87-5,0,2,0,-0.002,0.826,0,1.5,0.444,0,0,0,0,0,0
000124-73-2,0,2,0,-0.276,0.536,0,4.5,2,0,0,0,0,0,0
000076-14-2,0,2,0,-0.355,0.736,0,4.5,2,0,0,0,0,0,0
000076-12-0,0,4,0,-0.331,0.509,0,4.5,2,0,0,0,0,0,0
000075-01-4,0,1,0,-0.003,0.784,0,0.5,0,0,0,0,1,0,0
000075-35-4,0,2,0,-0.048,0.562,0,1.5,0,0,0,0,0,0,0
000760-23-6,0,2,0,-0.002,0.784,0,1.5,0.667,0,0,0,0,0,0
000542-75-6,0,2,0,-0.009,0.685,0,0.5,0.222,0,0,0,1,0,0
001116-76-3,1,0,0,0.112,1.596,0.988,1.5,0.667,0,0,0,0,0,0
003030-47-5,3,0,0,0.177,2.022,0.668,3.5,1.111,0,0,0,0,0,0
000112-24-3,4,0,0,-0.247,1.655,0.865,0.5,0.222,0,0,0,0,0,0
000311-89-7,1,0,0,-0.116,1.676,0.911,21,14.667,0,0,0,0,0,0
000079-46-9,1,0,15.4,0.405,1.733,0,2,0.889,0,0,0,0,0,0
000076-06-2,1,3,28.6,-0.317,0.224,0,3.5,1.333,0,0,0,0,0,0
000077-99-6,0,0,13,-0.183,1.56,0,3,1.333,1,0,0,0,0,0
000335-99-9,0,0,4.2,-0.117,1.613,0.711,9.5,7.333,0,0,0,1,0,0
000105-59-9,1,0,9.5,-0.151,1.862,0.013,1.5,0.667,0,0,0,0,0,0
000111-41-1,2,0,5.3,-0.236,1.694,0.06,0.5,0.222,0,0,0,0,0,0
000115-70-8,1,0,9.5,-0.22,1.532,0,3,1.333,0,0,0,0,0,0
000115-10-6,0,0,11.1,0.007,2.492,0,0.5,0,0,0,0,0,0,1
000142-96-1,0,0,3.7,0.056,1.754,0.907,0.5,0.222,0,0,0,0,0,1
000544-01-4,0,0,3,0.058,1.704,0.943,2.5,0.667,0,0,0,0,0,1
000108-60-1,0,2,4.8,-0.009,1.137,0,2.5,0.889,0,0,0,0,0,1
003033-62-3,2,0,3.2,0.075,2.06,1.164,2.5,0.667,0,0,0,0,0,1
000110-98-5,0,0,13,-0.129,1.766,0.868,2.5,0.667,0,0,0,0,0,1
000126-58-9,0,0,17.9,-0.224,1.572,2.083,5.5,2.444,2,0,0,0,0,1
000112-26-5,0,2,9.1,-0.041,1.247,0.94,0.5,0.222,0,0,0,0,0,2
000624-92-0,0,2,0,0.334,0.615,0,0.5,0.222,0,0,0,0,0,0
000107-02-8,0,0,12.5,-0.001,1.328,0,0.5,0.222,0,0,0,0,0,0
000075-87-6,0,3,14.3,-0.169,0.517,0,3,0.667,0,0,0,0,0,0
001071-93-8,4,0,7.7,-0.084,1.304,0.779,2.5,1.111,0,0,2,0,4,0
000108-23-6,0,1,14.3,-0.05,1.285,0,2.5,0.444,0,0,0,0,0,0
000076-03-9,0,3,25,-0.651,0.376,0,3.5,1.333,0,0,1,0,0,0
000123-77-3,4,0,16.7,-0.482,1.267,0,2.5,0.667,0,0,0,0,0,0
001115-20-4,0,0,11.8,-0.088,1.604,2.239,6,2.889,2,0,1,0,0,0
000078-67-1,4,0,0,0.193,1.403,0.091,5.5,2,0,0,2,0,0,0
000556-61-6,1,1,0,-0.042,0.685,0,0.5,0.222,0,0,1,0,0,0
000112-96-9,1,0,1.7,0.018,1.528,0.965,0.5,0.222,0,0,1,0,0,0
000062-56-6,2,1,0,-0.863,0.335,0,1.5,0,0,0,0,0,0,0
000079-19-6,3,1,0,-0.566,0.337,0,1.5,0.444,0,0,0,0,0,0
026444-49-5,0,1,9.8,-0.22,1.493,1.076,5.5,1.778,0,0,0,0,0,0
000680-31-9,3,1,3.4,-0.249,2.073,0,4.5,2.667,0,0,0,0,0,0
001656-63-9,0,4,0,-0.149,1.036,1.283,1.5,0.667,0,0,0,0,0,0
000868-85-9,0,1,23.1,-0.305,2.363,0,1.5,0.667,0,0,0,0,0,2
000298-07-7,0,1,7.1,-0.222,1.855,0.881,5,2,0,0,0,0,0,2
000126-73-8,0,1,9.1,-0.203,1.984,0.557,3,1.333,0,0,0,0,0,3
000102-70-5,1,0,0,0.154,1.431,1.067,1.5,0.667,0,0,0,0,0,0
000598-09-4,0,1,7.7,-0.023,1.115,0,2.5,1.222,0,1,0,0,0,1
000102-60-3,2,0,7.7,-0.117,1.687,0.809,6.5,1.111,0,0,0,0,0,0
023235-61-2,0,0,11.6,-0.133,1.594,1.65,5.5,2.444,2,0,0,0,0,1
001634-04-4,0,0,5.6,0.048,1.904,0,3,0.667,0,0,0,0,0,1
000527-84-4,0,0,0,0,1.15,0,2,1.333,0,0,0,0,0,0
000108-86-1,0,1,0,0,0.566,0,1,0.444,0,0,0,0,0,0
000622-24-2,0,1,0,0,0.86,1.082,1,0.444,0,0,0,0,0,0
001592-20-7,0,1,0,0,0.827,1.09,1,0.444,0,0,0,0,0,0
000402-31-3,0,0,0,0,1.06,0,5,2.889,0,0,0,0,0,0
012002-48-1,0,3,0,0,0.499,0,2,1.556,0,0,0,0,0,0
000634-66-2,0,4,0,0,0.461,0,2.5,2,0,0,0,0,0,0
000098-07-7,0,3,0,0,0.57,0,3,1.333,0,0,0,0,0,0
000062-53-3,1,0,0,-0.289,0.815,0,1,0.444,0,0,0,0,0,0
000091-66-7,1,0,0,0.154,1.29,0.694,1.5,1.111,0,0,0,0,0,0
000103-69-5,1,0,0,-0.032,1.117,0.684,1,0.444,0,0,0,0,0,0
000122-39-4,1,0,0,-0.045,0.87,1.142,1.5,0.444,0,0,0,0,0,0
000793-24-8,2,0,0,-0.022,1.104,1.157,4.5,1.111,0,0,0,0,0,0
000074-31-7,2,0,0,-0.072,0.854,1.079,3,0.889,0,0,0,0,0,0
002095-06-9,1,0,6.7,0.006,1.268,0.88,2.5,1.222,0,0,0,0,0,2
000095-53-4,1,0,0,-0.244,0.917,0,1.5,1.111,0,0,0,0,0,0
000108-42-9,1,1,0,-0.176,0.597,0,2,0.667,0,0,0,0,0,0
040027-50-7,1,0,6.1,0.017,1.283,0.961,3,1.667,0,0,0,0,0,2
000122-80-5,2,0,4.8,-0.156,0.979,0.89,2,0.667,0,0,1,0,0,0
053906-68-6,1,1,0,0.276,0.881,0,1.5,1.111,0,0,0,0,0,0
000634-93-5,1,3,0,-0.165,0.366,0,3,1.556,0,0,0,0,0,0
004152-09-4,2,0,0,-0.172,1.101,1.139,1,0.444,0,0,0,0,0,0
000103-83-3,1,0,0,-0.032,1.117,0.746,1,0.444,0,0,0,0,0,0
000083-41-0,1,0,10,0.376,1.014,0,2.5,1.778,0,0,0,0,0,0
000121-87-9,2,1,12.5,0.162,0.531,0.028,3,1.778,0,0,0,0,0,0
000086-30-6,2,0,4,0.384,0.881,1.133,1.5,1.333,0,0,0,0,0,0
000098-95-3,1,0,14.3,0.391,0.842,0,1.5,0.889,0,0,0,0,0,0
025154-54-5,2,0,25,0.414,0.769,0,2.5,1.556,0,0,0,0,0,0
000100-14-1,1,1,11.8,0.304,0.726,1.007,2.5,1.333,0,0,0,0,0,0
000099-54-7,1,2,14.3,0.266,0.478,0,3,1.778,0,0,0,0,0,0
005329-12-4,2,3,0,-0.149,0.335,3.141,3,1.556,0,0,0,0,0,0
000088-26-6,0,0,4.9,-0.093,1.228,0.947,7,2.889,2,0,0,0,0,0
000700-13-0,0,0,8.7,-0.145,1.041,0,3,2.222,0,0,0,0,0,0
000120-71-8,1,0,4.8,0.283,1.148,0.403,2,0.889,0,0,0,0,0,1
000101-84-8,0,0,4.3,0.026,0.941,1.117,1.5,0.444,0,0,0,0,0,0
000062-44-2,1,0,7.7,-0.038,1.254,0.724,3,0.889,0,0,1,0,3,0
000555-03-3,1,0,16.7,0.23,1.11,0.021,2.5,1.111,0,0,0,0,0,0
000096-96-8,2,0,15,0.125,1.03,0.546,3,1.556,0,0,0,0,0,0
000088-89-1,3,0,36.8,0.247,0.647,0.04,4.5,2.444,0,0,0,0,0,0
000095-57-8,0,1,7.7,-0.142,0.633,0,1.5,1.111,0,0,0,0,0,0
029772-02-9,0,2,9.1,-0.046,0.559,0.644,2,0.889,0,0,0,2,0,1
000089-64-5,1,1,20,0.103,0.562,0,3,1.556,0,0,0,0,0,0
000615-58-7,0,2,7.7,-0.183,0.429,0,2.5,1.333,0,0,0,0,0,0
000094-75-7,0,2,15.8,-0.144,0.743,1.228,3.5,1.556,0,0,1,0,0,0
004433-79-8,1,1,12.5,-0.068,1.164,0.968,5,2,0,0,1,0,5,0
030171-80-3,0,2,8.3,-0.035,0.685,1.214,2.5,1.611,0,0,0,1,0,1
000058-90-2,0,4,7.7,-0.188,0.34,0,3,2.222,0,0,0,0,0,0
000120-52-5,2,0,10,0.16,0.922,1.043,4,2.667,0,0,2,0,0,0
025155-25-3,0,0,6.9,0.428,1.421,0.437,10.5,4.222,0,0,0,0,0,0
000108-98-5,0,1,0,-0.139,0.911,0,1,0.444,0,0,0,0,0,0
001073-72-9,0,1,0,-0.11,0.948,0,2,0.889,0,0,0,0,0,0
000089-98-5,0,1,7.1,0,0.73,0,1.5,1.111,0,0,0,0,0,0
000083-38-5,0,2,7.1,0,0.609,0,2,1.556,0,0,0,0,0,0
000134-62-3,1,0,3.2,0.028,1.283,1.264,3,1.778,0,0,1,0,0,0
000094-51-9,0,0,10.6,-0.012,1.224,1.097,2.5,2,0,0,2,0,0,1
002840-28-0,1,1,11.8,-0.046,0.77,0,2,1.333,0,0,1,0,0,0
002082-79-3,0,0,3,-0.004,1.408,1.127,8,3.333,2,0,1,0,2,0
000626-17-5,2,0,0,0,0.787,0,2,0.667,0,0,2,0,0,0
001897-45-6,2,4,0,0,0.467,0,3,2.667,0,0,2,0,0,0
000088-19-7,1,1,10,0.124,1.318,0,3.5,1.778,0,0,0,0,0,0
000063-74-1,2,1,10.5,-0.006,1.242,0.123,4,1.778,0,0,0,0,0,0
000080-09-1,0,1,14.8,-0.029,1.057,0.778,5,3.111,0,0,0,0,0,0
000097-39-2,3,0,0,-0.123,0.964,0.708,3.5,2,0,0,0,0,0,0
002655-14-3,1,0,7.7,-0.038,1.254,0.682,4,0.889,0,0,0,0,0,0
000584-84-9,2,0,10.5,-0.04,1.055,1.697,2.5,1.333,0,0,2,0,0,0
001678-91-7,0,0,0,0,1.438,0,1,0.444,0,1,0,0,0,0
000111-78-4,0,0,0,0,1.188,0,0,0,0,0,0,0,0,0
004904-61-4,0,0,0,0,1.208,0,0,0,0,0,0,0,0,0
000608-73-1,0,6,0,0,0.53,0,3,2.667,0,0,0,0,0,0
000538-75-0,2,0,0,0.087,1.36,1.261,1.5,0.667,0,0,1,0,0,0
002579-20-6,2,0,0,-0.221,1.333,0.076,2,0.667,0,2,0,0,0,0
000106-87-6,0,0,10,0,1.184,0.029,2.5,1.333,0,1,0,0,4,0
000078-59-1,0,0,4.2,0,1.276,0,4.5,1.111,1,0,0,0,2,0
019438-60-9,0,0,12.5,-0.01,1.288,0.03,3,1.778,0,3,2,0,2,0
000102-36-3,1,2,7.1,-0.041,0.646,3.017,2.5,1.333,0,0,1,0,0,0
000644-97-3,0,3,0,-0.261,0.684,0,1.5,0.889,0,0,0,0,0,0
026967-76-0,0,1,6.2,-0.182,1.458,0.294,7.5,4,0,0,0,0,0,0
000122-14-5,1,2,17.2,-0.041,1.291,1.03,5.5,2.444,0,0,0,0,0,2
002104-64-5,1,2,11.4,0.059,1.054,0.877,5,2.889,0,0,0,0,0,1
000367-11-3,0,0,0,0,0.915,0,1.5,1.111,0,0,0,0,0,0
000782-74-1,2,2,0,0.002,0.632,1.053,2.5,2,0,0,0,0,0,0
052184-14-2,3,0,5.9,0.226,1.097,1.259,8.5,4.222,2,0,0,0,0,0
036483-60-0,0,6,4.3,-0.054,0.493,1.461,4,3.333,0,0,0,0,0,0
000087-86-5,0,5,7.7,-0.222,0.281,0,3,2.667,0,0,0,0,0,0
019715-19-6,0,0,7.5,-0.084,1.192,1.15,7.5,3.333,2,0,1,0,0,0
000306-98-9,0,0,0,0,1.437,0,12,9.333,0,2,0,0,0,0
000088-98-2,0,0,18.2,-0.136,1.109,0,2.5,1.556,0,2,2,0,2,0
014816-18-3,2,2,8.8,-0.109,1.275,1.01,4,2.222,0,0,1,0,0,2
000124-11-8,0,0,0,-0.077,1.5,0.867,0.5,0.222,0,0,0,0,0,0
000118-82-1,0,0,2.7,-0.065,1.203,1.091,13.5,5.333,4,0,0,0,0,0
000101-77-9,2,0,0,-0.279,0.785,0.905,3.5,1.333,0,0,0,0,0,0
000101-81-5,0,0,0,0.036,0.888,1.099,1.5,0.444,0,0,0,0,0,0
000070-30-4,0,6,7.4,-0.146,0.409,1.048,5.5,4,0,0,0,0,0,0
006864-37-5,2,0,0,-0.151,1.31,1.122,4.5,2.222,0,4,0,0,0,0
028768-32-3,2,0,6.6,0.006,1.242,1.02,6.5,2.889,0,0,0,0,0,4
000599-64-4,0,0,3.1,-0.081,0.942,0.854,4,2.667,1,0,0,0,0,0
000131-56-6,0,0,11.5,-0.132,0.776,1.093,3,2,0,0,0,0,0,0
000510-15-6,0,2,8.6,-0.062,0.822,1.161,5.5,3.778,0,0,1,0,0,0
000079-94-7,0,4,6.1,-0.136,0.485,1.305,7,4.444,1,0,0,0,0,0
010081-67-1,1,0,0,0.014,0.95,0.822,7.5,4.889,2,0,0,0,0,0
000076-93-7,0,0,10.3,-0.119,0.832,0.911,3.5,2.667,0,0,1,0,0,0
000066-81-9,1,0,9.3,-0.056,1.276,0.825,6,2.222,0,4,2,0,6,0
013358-11-7,1,0,3.3,0.021,1.313,0.964,7,4.667,2,2,2,0,2,0
000134-32-7,1,0,0,-0.24,0.731,0,1.5,1.333,0,0,0,0,0,0
000479-27-6,2,0,0,-0.344,0.669,0,2,1.556,0,0,0,0,0,0
000135-88-6,1,0,0,-0.035,0.812,1.139,2.5,1.111,0,0,0,0,0,0
000093-46-9,2,0,0,-0.054,0.787,0.93,5,2.222,0,0,0,0,0,0
000130-15-4,0,0,11.1,0.001,0.803,0,2,1.778,0,0,0,0,0,0
002050-76-2,0,2,5.3,-0.101,0.536,1.127,2.5,2,0,0,0,0,0,0
007267-14-3,0,2,14.3,-0.029,0.646,0.014,3.5,2.667,0,0,2,0,0,0
000840-65-3,0,0,13.3,-0.027,1.102,0.929,4,2.667,0,0,2,0,0,0
000087-02-5,1,1,16,-0.063,1.118,1.377,5.5,2.444,0,0,0,0,0,0
000091-17-8,0,0,0,0.062,1.303,0,1,0.889,0,2,0,0,0,0
003733-79-7,0,0,8.6,0.002,1.189,1.2,6,4,2,2,2,0,2,0
000077-73-6,0,0,0,0.1,0.963,0,1.5,1.333,0,4,0,0,0,0
000208-96-8,0,0,0,0.061,0.72,0,1.5,1.333,0,0,0,0,0,0
000120-12-7,0,0,0,0.055,0.758,1.183,2,1.333,0,0,0,0,0,0
000129-43-1,0,0,12,-0.068,0.716,1.242,2.5,2.444,0,0,0,0,0,0
000082-45-1,1,0,7.7,-0.076,0.693,1.267,2.5,2.444,0,0,0,0,0,0
013654-09-6,0,10,0,0.036,0.837,0.906,5,4.444,0,0,0,0,0,0
000092-88-6,0,0,8.3,-0.155,0.761,1.056,3,1.778,0,0,0,0,0,0
123251-96-7,2,4,17.6,-0.059,1.145,0.651,9,4.444,0,0,0,0,0,0
013540-50-6,0,0,0,0.033,0.969,0.949,3,1.333,0,0,0,0,0,0
000091-60-1,0,1,0,-0.094,0.844,1.425,2,1.111,0,0,0,0,0,0
000090-51-7,1,1,16,-0.063,1.118,0.592,5.5,2.444,0,0,0,0,0,0
006294-31-1,0,1,0,0.037,1.267,1.284,0.5,0.222,0,0,0,0,0,0
007417-99-4,4,0,4.4,-0.054,1.076,1.141,5.5,1.889,0,0,0,0,0,0
000719-96-0,1,3,10,-0.027,0.759,1.246,4.5,2.222,0,0,2,0,0,0
000948-65-2,1,0,0,-0.047,0.786,1.212,2,1.333,0,0,0,0,0,0
000120-78-5,2,4,0,0.021,0.572,1.225,3.5,1.556,0,0,0,0,0,0
000089-25-8,2,0,4.3,0.121,1.056,1.069,2.5,1.333,0,0,1,0,5,0
000094-52-0,3,0,11.8,0.207,0.821,0.034,2.5,1.556,0,0,0,0,0,0
000095-14-7,3,0,0,0.342,0.762,0,1,0.889,0,0,0,0,0,0
000061-82-5,4,0,0,-0.417,1.106,0,1,0.444,0,0,0,0,0,0
016691-43-3,4,1,0,-0.521,0.876,0,2,0.667,0,0,0,0,0,0
000100-43-6,1,0,0,0.058,1.028,0,1,0.444,0,0,0,0,0,0
000462-08-8,2,0,0,-0.246,0.914,0,1,0.444,0,0,0,0,0,0
000626-67-5,1,0,0,0.184,1.629,0,1,0.444,0,0,0,0,0,0
002403-88-5,1,0,3.3,-0.081,1.467,0,6,1.333,0,2,0,0,0,0
000091-22-5,1,0,0,0.052,0.867,0,1,0.889,0,0,0,0,0,0
000091-53-2,1,0,2.9,0.013,1.184,1.009,5,2,0,1,0,0,0,0
003347-22-6,2,2,8.3,-0.01,0.63,1.229,3.5,2.889,0,0,2,0,0,0
000110-91-8,1,0,6.7,-0.047,1.733,0,0,0,0,0,0,0,0,1
000051-52-5,2,1,4.8,-0.116,0.817,1.726,3,0.667,0,0,1,0,0,0
000140-31-8,3,0,0,-0.101,1.628,0.096,1,0.444,0,0,0,0,0,0
000091-76-9,5,0,0,-0.312,0.863,1.079,3,1.111,0,0,0,0,0,0
000108-80-5,3,0,25,-0.484,1.278,0,3,0.667,0,0,0,0,0,0
000839-90-7,3,0,18.2,-0.215,1.629,0.967,3,2.667,0,0,0,0,0,0
040220-08-4,3,0,17.9,-0.158,1.588,0.776,4,3.111,0,0,1,0,0,0
000947-04-6,1,0,2.7,-0.01,1.45,1.09,1,0.444,0,0,1,0,2,0
006674-22-2,2,0,0,0.12,1.437,0,1,0.889,0,0,1,0,2,0
000482-89-3,2,0,6.3,-0.072,0.811,0.878,3,2.667,0,0,0,0,0,0
000091-96-3,2,0,7.7,-0.038,1.082,1.027,8,3.111,0,0,2,0,10,0
071767-67-4,6,2,4.8,0.192,0.846,1.009,5.5,3.333,0,0,2,0,4,0
040690-89-9,5,0,7.4,0.173,1.037,0.942,5.5,3.556,0,0,2,0,2,0
059722-76-8,1,1,10.5,-0.111,0.615,0.873,5,3.333,0,0,0,0,0,0
006358-85-6,6,2,5.7,0.012,0.872,1.139,9,5.333,0,0,2,0,6,0
002425-85-6,3,0,8.3,0.206,0.812,0.993,4.5,3.111,0,0,0,0,0,0
000110-00-9,0,0,11.1,-0.029,1.159,0,0,0,0,0,0,2,0,0
000085-40-5,1,0,10,-0.049,1.06,0,2,1.556,0,2,2,0,2,0
000095-31-8,2,2,0,0.096,0.861,0.836,4.5,1.333,0,0,0,0,0,0
027605-76-1,1,1,12.5,0.112,1.349,1.284,3.5,2.222,0,0,1,0,0,0
003846-71-7,3,0,2,0.167,1.086,1.095,8,3.778,2,0,0,0,0,0
055250-84-5,2,0,4.2,0.002,0.988,1.023,7.5,5.333,0,1,1,0,0,0
002921-88-2,1,5,10.3,-0.233,1.172,0.59,5.5,2.667,0,0,0,0,0,2
003089-11-0,6,0,14.3,0.151,2.072,0.828,4.5,2.667,0,0,0,2,0,6
000122-34-9,5,1,0,-0.15,1.254,1.434,3,0.667,0,0,0,0,0,0
001919-48-8,3,0,7.1,-0.042,1.058,0.773,4.5,0.667,0,0,0,0,0,0
000083-88-5,4,0,12.8,-0.191,1.111,1.25,7,4.222,0,0,2,0,0,0
000941-69-5,1,0,10,-0.023,0.964,0.845,2,1.556,0,0,2,0,0,0
000504-53-0,0,0,0.9,-0.006,1.514,0.983,1.5,0.667,0,0,0,0,4,0
002885-00-9,0,1,0,-0.056,1.397,0.917,0.5,0.222,0,0,0,0,0,0
000096-50-4,2,1,0,-0.408,0.616,0,1,0.444,0,0,0,1,0,0
000584-79-2,0,0,6.3,0.009,1.242,0.584,6.5,4.667,1,2,1,0,3,0
000483-63-6,1,0,3.1,0.028,1.225,0.877,2.5,2,0,0,1,0,0,0
062717-50-4,0,1,5.9,-0.016,0.837,0,1.5,0.944,0,0,0,0,0,1
026172-55-4,1,2,8.3,-0.039,0.866,0,2.5,1.111,0,0,1,0,0,0
000074-96-4,0,1,0,-0.006,0.699,0,0.5,0,0,0,0,0,0,0
000057-41-0,2,0,6.5,-0.075,0.859,0.972,4,2.667,0,1,1,0,0,0
000110-02-1,0,1,0,0.08,0.667,0,0,0,0,0,0,2,0,0
001197-18-8,1,0,7.7,-0.125,1.288,0.628,2.5,1.333,0,2,1,0,1,0
002416-94-6,0,0,4.5,-0.096,1.075,0,2.5,2,0,0,0,0,0,0
000101-20-2,2,3,3.6,-0.101,0.627,1.149,5,2,0,0,0,0,0,0
010453-86-8,0,0,5.9,0.017,1.151,0.594,6.5,3.778,1,2,1,1,3,0
000527-60-6,0,0,4.5,-0.096,1.075,0,3,1.556,0,0,0,0,0,0
016935-34-5,2,0,10,-0.107,1.39,0,3,1.333,0,0,1,0,0,0
000050-06-6,2,0,10.3,-0.076,1.029,0.682,4.5,2.889,1,0,2,0,0,0
000612-22-6,1,0,10,0.376,1.014,0.418,2,0.667,0,0,0,0,0,0
013987-01-4,0,0,0,-0.077,1.5,1.135,2.5,0.667,0,0,0,0,0,0
025154-52-3,0,0,2.5,-0.064,1.247,1.144,4,1.333,0,0,0,0,0,0
001806-26-4,0,0,2.7,-0.068,1.229,0.932,2,0.889,0,0,0,0,0,0
000090-12-0,0,0,0,0.041,0.868,0,1.5,1.333,0,0,0,0,0,0
028652-72-4,0,0,0,0.036,0.888,0.995,2,1.111,0,0,0,0,0,0
000067-72-1,0,6,0,-0.429,2,0,4.5,2,0,0,0,0,0,0
013116-53-5,0,4,0,-0.027,0.568,0,3,1.111,0,0,0,0,0,0
000121-69-7,1,0,0,0.15,1.241,0,1.5,0.889,0,0,0,0,0,0
000110-30-5,2,0,1.7,-0.002,1.52,0.976,2.5,1.111,0,0,2,0,4,0
000121-57-3,1,1,16.7,-0.006,1.314,0,4,1.778,0,0,0,0,0,0
000082-75-7,1,1,12.5,0.034,1.151,0.122,4,2.222,0,0,0,0,0,0
000098-47-5,1,1,27.8,0.188,1.347,0.014,4.5,2,0,0,0,0,0,0
000088-53-9,1,2,14.3,-0.013,1.171,0.153,5,2.444,0,0,0,0,0,0
000070-55-3,1,1,10,0.124,1.318,0.33,4,1.778,0,0,0,0,0,0
000503-17-3,0,0,0,-0.167,1.25,0,0.5,0.222,0,0,0,0,0,0
000585-07-9,0,0,8.3,0.009,1.57,0,4.5,1.333,0,0,1,0,0,0
000075-98-9,0,0,11.8,-0.088,1.547,0,3.5,1.333,1,0,1,0,0,0
055107-14-7,0,0,12,-0.006,1.629,2.286,4.5,1.778,1,0,1,0,2,0
000098-73-7,0,0,7.4,-0.066,1.104,1.875,4.5,2.222,1,0,1,0,0,0
000109-64-8,0,2,0,0,0.579,0,0.5,0.222,0,0,0,0,0,0
000075-62-7,0,2,0,-0.076,0.576,0,0.5,0,0,0,0,2,0,0
003209-22-1,1,2,14.3,0.266,0.478,0,2.5,1.778,0,0,0,0,0,0
000089-61-2,1,2,14.3,0.266,0.478,0,3,1.556,0,0,0,0,0,0
000121-86-8,1,1,11.8,0.304,0.726,0.026,3,1.778,0,0,0,0,0,0
017420-30-3,3,0,11.8,0.204,0.646,0.034,3,1.778,0,0,1,0,0,0
000121-73-3,1,1,14.3,0.313,0.617,0,2.5,1.111,0,0,0,0,0,0
000088-72-2,1,0,11.8,0.382,0.942,0,2,1.333,0,0,0,0,0,0
025321-14-6,2,0,21.1,0.402,0.884,0.034,3.5,2,0,0,0,0,0,0
000100-25-4,2,0,25,0.414,0.769,0,3,1.778,0,0,0,0,0,0
000099-99-0,1,0,11.8,0.382,0.942,0,2.5,1.333,0,0,0,0,0,0
000088-75-5,1,0,20,0.155,0.784,0,2,1.333,0,0,0,0,0,0
007119-89-3,1,3,28.6,-0.317,0.224,0,3.5,1.333,0,0,0,0,0,0
000330-54-1,2,2,4.2,-0.079,0.894,0.938,4,2,0,0,0,0,0,0
000115-84-4,0,0,6.5,-0.104,1.56,0.46,3,1.333,1,0,0,0,0,0
002396-61-4,0,0,13,-0.129,1.766,0.814,0.5,0.222,0,0,0,0,0,1
000108-99-6,1,0,0,0.063,1.11,0,1,0.444,0,0,0,0,0,0
000156-43-4,1,0,4.8,-0.082,1.133,0.86,2,0.889,0,0,0,0,0,0
000095-55-6,1,0,6.7,-0.264,0.764,0,1.5,1.111,0,0,0,0,0,0
000119-90-4,2,0,5.9,-0.118,1.008,1.247,4,2.667,0,0,0,0,0,0
000108-69-0,1,0,0,-0.213,0.992,0,3,0.667,0,0,0,0,0,0
000095-78-3,1,0,0,-0.213,0.992,0,2.5,1.333,0,0,0,0,0,0
000087-62-7,1,0,0,-0.213,0.992,0,2,1.556,0,0,0,0,0,0
000095-64-7,1,0,0,-0.213,0.992,0,2.5,1.333,0,0,0,0,0,0
000117-79-3,1,0,7.7,-0.076,0.693,1.206,3,2.444,0,0,0,0,0,0
000085-45-0,2,0,15,0.125,1.03,0.026,2.5,1.778,0,0,0,0,0,0
000095-69-2,1,1,0,-0.145,0.708,0,2.5,1.333,0,0,0,0,0,0
063133-82-4,1,1,0,-0.125,0.792,0,3,1.556,0,0,0,0,0,0
005333-84-6,0,0,13.6,-0.015,1.182,0,2.5,1.778,0,3,2,0,2,0
000085-42-7,0,0,14.3,-0.016,1.263,0,2,1.556,0,2,2,0,2,0
004979-32-2,2,2,0,0.198,0.963,1.032,3,1.778,0,0,0,0,0,0
000095-33-0,2,2,0,0.103,0.849,1.172,2.5,1.111,0,0,0,0,0,0
003194-57-8,0,4,0,0,0.548,0,3,2.222,0,0,0,0,0,0
000095-63-6,0,0,0,0,1.111,0,2.5,1.333,0,0,0,0,0,0
000100-18-5,0,0,0,0,1.208,0.806,3,1.778,0,0,0,0,0,0
040766-31-2,0,0,0,0.032,1.002,0.807,2.5,2.222,0,0,0,0,0,0
038640-62-9,0,0,0,0.034,1.064,0.556,3,2,0,0,0,0,0,0
074921-47-4,0,0,0,0.042,0.982,1.002,3.5,2.444,0,0,0,0,0,0
000080-54-6,0,0,2.9,0,1.213,1.181,5,2,1,0,0,0,1,0
000091-15-6,2,0,0,0,0.787,0,1.5,1.111,0,0,2,0,0,0
000119-06-2,0,0,4.2,0.024,1.43,0.991,2.5,2,0,0,2,0,0,0
026761-40-0,0,0,5.1,0.02,1.416,0.991,4.5,2.444,0,0,2,0,0,0
013936-21-5,0,0,5.1,0.001,0.95,1.153,3,2.444,0,0,0,0,0,0
004162-45-2,0,4,8.5,-0.1,0.639,1.242,7,4.444,1,0,0,0,0,0
001241-94-7,0,1,7.7,-0.196,1.585,0.762,5,1.778,0,0,0,0,0,1
001200-14-2,0,0,3.8,0,1.135,0.919,2,0.889,0,0,0,0,0,0
000078-40-0,0,1,15.4,-0.258,2.175,0.409,3,1.333,0,0,0,0,0,3
013674-84-5,0,4,11.4,-0.197,1.64,0.793,6,2,0,0,0,0,0,3
000078-42-2,0,1,5,-0.167,1.809,1.011,6,2.667,0,0,0,0,0,3
002528-38-3,0,1,7.5,-0.189,1.924,1.63,3,1.333,0,0,0,0,0,3
000335-67-1,0,0,7.7,-0.168,1.533,0.809,12.5,9.556,0,0,1,0,0,0
001623-05-8,0,0,6.3,-0.298,1.684,0,7.5,4.444,0,0,0,0,0,1
000100-37-8,1,0,4.3,-0.05,1.837,0,1.5,0.667,0,0,0,0,0,0
000100-74-3,1,0,4.8,0.048,1.796,0,1,0.444,0,0,0,0,0,1
000124-28-7,1,0,0,0.123,1.615,0.976,1.5,0.444,0,0,0,0,0,0
005332-73-0,1,0,5.9,-0.081,1.89,0,0.5,0.222,0,0,0,0,0,1
007580-85-0,0,0,9.1,-0.058,1.801,0,3,0.667,0,0,0,0,0,1
000529-36-2,0,1,0,-0.094,0.844,0,1.5,1.333,0,0,0,0,0,0
000106-46-7,0,2,0,0,0.575,0,2,0.889,0,0,0,0,0,0
000106-43-4,0,1,0,0,0.788,0,2,0.889,0,0,0,0,0,0
000087-61-6,0,3,0,0,0.499,0,2,1.556,0,0,0,0,0,0
000095-50-1,0,2,0,0,0.575,0,1.5,1.111,0,0,0,0,0,0
000099-65-0,2,0,33.3,0.474,0.241,0,3,1.556,0,0,0,0,0,0
000608-93-5,0,5,0,0,0.478,0,3,2.222,0,0,0,0,0,0
025512-42-9,0,2,0,0,0.64,1.346,2,1.778,0,0,0,0,0,0
000095-82-9,1,2,0,-0.161,0.462,0,2.5,1.333,0,0,0,0,0,0
016063-70-0,1,3,0,-0.068,0.551,0,2.5,1.333,0,0,0,0,0,0
002142-68-9,0,1,5.9,0,0.807,0,2,1.333,0,0,0,0,3,0
000623-26-7,2,0,0,0,0.787,0,2,0.889,0,0,2,0,0,0
000090-94-8,2,0,2.5,0.038,1.174,1.247,4.5,3.111,0,0,0,0,0,0
000096-18-4,0,3,0,-0.011,0.664,0,1.5,0.667,0,0,0,0,0,0
000051-79-6,1,0,15.4,-0.172,1.846,0,1.5,0.444,0,0,0,0,0,0
003886-69-9,1,0,0,-0.213,0.992,0,1.5,0.889,0,0,0,0,0,0
000626-23-3,1,0,0,0.006,1.675,0.399,2.5,0.889,0,0,0,0,0,0
000072-20-8,0,6,3.7,-0.011,0.543,3.092,6,5.889,0,6,0,0,0,1
000465-73-6,0,6,0,0.013,0.501,3.137,6,5.778,0,6,0,0,0,0
006842-15-5,0,0,0,-0.052,1.25,0.954,0.5,0.222,0,0,0,0,0,0
004390-04-9,0,0,0,-0.043,1.563,1.911,9,1.556,3,0,0,0,0,0
004237-44-9,0,0,3.4,-0.088,0.901,0.919,2,1.778,0,0,0,0,0,0
025640-71-5,0,0,1.6,-0.053,0.922,0.99,4,3.556,0,0,0,0,0,0
000089-72-5,0,0,4,-0.087,1.118,0.451,2,1.556,0,0,0,0,0,0
000092-69-3,0,0,4.3,-0.106,0.797,0.985,2,1.333,0,0,0,0,0,0
000576-26-1,0,0,5.3,-0.107,1.02,0,2,1.556,0,0,0,0,0,0
039515-51-0,0,0,8,-0.004,0.945,1.218,2.5,0.667,0,0,0,0,0,0
000583-78-8,0,2,7.7,-0.15,0.5,0,2.5,1.333,0,0,0,0,0,0
000095-56-7,0,1,7.7,-0.162,0.521,0,1.5,1.111,0,0,0,0,0,0
000120-95-6,0,0,2.3,-0.062,1.263,1.423,6.5,3.778,2,0,0,0,0,0
001570-64-5,0,1,6.3,-0.115,0.737,0,2.5,1.333,0,0,0,0,0,0
000088-18-6,0,0,4,-0.087,1.118,1.622,3.5,1.778,1,0,0,0,0,0
004130-42-1,0,0,2.3,-0.062,1.263,1.278,7,2.889,2,0,0,0,0,0
002219-82-1,0,0,3.6,-0.081,1.154,0,4,2.222,1,0,0,0,0,0
002409-55-4,0,0,3.6,-0.081,1.154,0,4.5,2,1,0,0,0,0,0
000084-51-5,0,0,6.7,0,0.848,1.152,3,2.444,0,0,0,0,0,0
000732-26-3,0,0,2,-0.057,1.29,0.946,9,3.778,3,0,0,0,0,0
002173-57-1,0,0,3.2,0.044,1.085,0.969,3,1.333,0,0,0,0,0,0
000098-54-4,0,0,4,-0.087,1.118,0,4,1.778,1,0,0,0,0,0
005428-54-6,1,0,16.7,0.174,0.894,0,3,1.778,0,0,0,0,0,0
000700-38-9,1,0,16.7,0.174,0.894,0.031,3,1.556,0,0,0,0,0,0
000106-50-3,2,0,0,-0.408,0.732,0,2,0.889,0,0,0,0,0,0
000064-10-8,2,0,5.6,-0.187,0.9,0.599,2,0.444,0,0,0,0,0,0
005794-04-7,0,0,0,0.059,1.204,0,3.5,2.444,1,2,0,0,0,0
016219-75-3,0,0,0,0.061,1.061,0,2,0.889,0,2,0,0,0,0
000133-14-2,0,4,14.3,0.107,0.608,1.029,5.5,3.333,0,0,2,0,0,0
000156-10-5,2,0,4,0.209,0.842,1.097,2.5,0.889,0,0,0,0,0,0
002039-85-2,0,1,0,0,0.759,3.261,2,0.667,0,0,0,0,0,0
000098-83-9,0,0,0,0,1,0,1.5,0.889,0,0,0,0,0,0
000629-54-9,1,0,2,-0.052,1.499,0.962,1.5,0.444,0,0,1,0,2,0
000618-36-0,1,0,0,-0.213,0.992,0,1.5,0.889,0,0,0,0,0,0
000105-05-5,0,0,0,0,1.15,0,2,0.889,0,0,0,0,0,0
007525-62-4,0,0,0,0,1.05,0.566,2,0.667,0,0,0,0,0,0
028575-17-9,0,0,0,0.032,1.002,0.926,2,1.778,0,0,0,0,0,0
042343-17-9,0,0,0,0.03,1.057,0.828,2.5,2.222,0,0,0,0,0,0
000319-86-8,0,6,0,0,0.53,0,3,2.667,0,0,0,0,0,0
000693-98-1,2,0,0,-0.114,1.265,0,1,0.444,0,0,0,1,3,0
000591-35-5,0,2,7.7,-0.15,0.5,0,3,0.667,0,0,0,0,0,0
000591-20-8,0,1,7.7,-0.162,0.521,0,2,0.667,0,0,0,0,0,0
002216-51-5,0,0,3.2,-0.067,1.427,1.277,3,1.556,0,2,0,0,0,0
006731-36-8,0,0,7.3,0.43,1.583,0.82,11,2.444,1,1,0,0,0,0
000124-48-1,0,3,0,-0.209,0.592,0,1.5,0,0,0,0,0,0,0
013029-08-8,0,2,0,0,0.64,1.235,2,1.778,0,0,0,0,0,0
000141-86-6,3,0,0,-0.411,0.814,0,2,0.667,0,0,0,0,0,0
016867-04-2,1,0,15.4,-0.231,0.918,0,1.5,1.111,0,0,1,1,0,0
001982-47-4,2,1,5.7,-0.049,1.014,0.96,5,2,0,0,0,0,0,0
002008-58-4,1,2,6.3,-0.129,0.506,0,2.5,1.556,0,0,1,0,0,0
025265-71-8,0,0,13,-0.129,1.766,0.102,2.5,0.889,0,0,0,0,0,1
036355-01-8,0,6,0,0.008,0.473,1.521,4,3.556,0,0,0,0,0,0
000452-58-4,3,0,0,-0.411,0.814,0,1.5,1.111,0,0,0,0,0,0
004684-94-0,1,1,14.3,-0.178,0.72,0,2.5,1.111,0,0,1,0,0,0
000050-79-3,0,2,13.3,-0.129,0.542,0,3,1.556,0,0,1,0,0,0
000527-20-8,1,5,0,-0.199,0.214,0,3,2.667,0,0,0,0,0,0
000540-49-8,0,2,0,-0.03,0.502,0,0.5,0.222,0,0,0,2,0,0
000055-18-5,2,0,5.9,0.421,1.858,0,1.5,0.667,0,0,0,0,0,0
057057-83-7,0,3,11.8,-0.175,0.62,2.982,3,2.222,0,0,0,0,0,0
059756-60-4,1,0,2.6,-0.009,0.951,0.904,6,3.111,0,0,0,2,0,0
000626-43-7,1,2,0,-0.161,0.462,0,3,0.667,0,0,0,0,0,0
000075-27-4,0,3,0,-0.228,0.536,0,1.5,0,0,0,0,0,0,0
000078-94-4,0,0,9.1,0,1.371,0,1.5,0.444,0,0,0,0,3,0
000082-49-5,0,1,17.9,0.064,1.119,1.329,4.5,3.111,0,0,0,0,0,0
000099-30-9,2,2,12.5,0.11,0.392,0.025,3.5,2,0,0,0,0,0,0
000099-34-3,2,0,31.6,0.177,0.739,0.028,4.5,2,0,0,1,0,0,0
000050-48-6,1,0,0,0.133,1.052,1.053,3,2.222,0,0,0,0,0,0
,2,3,17.5,-0.317,1.52,0.769,5.5,3.111,0,0,0,2,0,2
085721-33-1,3,0,6.3,-0.058,1.265,0.769,4.5,2.944,0,1,1,1,1,0
000637-07-0,0,1,9.7,-0.018,1.17,0.56,5,2.444,0,0,1,0,0,0
000050-18-0,2,3,6.9,-0.23,1.599,0.643,3,2,0,0,0,0,0,1
000469-62-5,1,0,3.7,0.033,1.23,1.076,6,2.889,0,0,1,0,2,0
000114-07-8,1,0,11,-0.067,1.551,1.254,17,10.222,0,7,1,2,3,5
083799-24-0,1,0,5.3,-0.072,1.062,1.007,8.5,6.222,1,1,1,0,0,0
003778-73-2,2,3,6.9,-0.23,1.599,0.702,3,2,0,0,0,0,0,1
073334-07-3,3,3,14.3,-0.182,0.546,1.447,7.5,4.444,0,0,3,0,0,1
000657-24-9,5,0,0,-0.365,1.621,0,3,1.111,0,0,0,0,0,0
00000021672,8,0,8.2,-0.165,1.231,1.122,8.5,4.222,0,1,3,0,3,0
065271-80-9,4,0,10,-0.182,1.045,1.126,4,3.111,0,0,0,0,0,0
000098-92-0,2,0,6.7,-0.163,0.918,0,1.5,0.889,0,0,1,0,0,0
000079-57-2,2,0,15.8,-0.197,0.931,0.826,9,6.667,0,4,1,0,0,0
000061-33-6,2,1,9.8,-0.079,0.946,0.894,6,2.889,0,1,3,1,2,0
000068-35-9,4,1,7.4,0.001,1.258,0.612,4.5,2.222,0,0,0,0,0,0
000723-46-6,3,1,7.9,0.134,1.486,0.687,5.5,2.444,0,0,0,1,0,1
000083-67-0,4,0,8,-0.136,1.578,0.009,3,2.222,0,0,1,3,0,0
089987-06-4,0,4,23.1,-0.445,1.487,0.356,7,2.444,0,0,0,0,0,0
000055-63-0,3,0,45,0.265,1.809,0.108,4.5,1.111,0,0,0,0,0,3
000075-04-7,1,0,0,-0.291,1.794,0,0.5,0,0,0,0,0,0,0
000124-40-3,1,0,0,-0.052,2.177,0,0.5,0,0,0,0,0,0,0
000109-89-7,1,0,0,-0.013,1.846,0,0.5,0.222,0,0,0,0,0,0
000075-50-3,1,0,0,0.193,2.225,0,1.5,0,0,0,0,0,0,0
000107-15-3,2,0,0,-0.422,1.61,0,0.5,0.222,0,0,0,0,0,0
001643-20-5,1,0,2.1,0.331,1.661,0.962,3,0.667,0,0,0,0,0,0
000067-56-1,0,0,16.7,-0.246,2.353,0,0,0,0,0,0,0,0,0
000067-63-0,0,0,8.3,-0.127,1.768,0,1.5,0,0,0,0,0,0,0
000075-21-8,0,0,14.3,-0.037,1.733,0,0,0,0,0,0,0,0,1
000106-88-7,0,0,7.7,0.026,1.627,0,1,0.5,0,0,0,0,0,1
000107-21-1,0,0,20,-0.291,1.827,0,0.5,0.222,0,0,0,0,0,0
000110-63-4,0,0,12.5,-0.177,1.649,0,1.5,0.667,0,0,0,0,0,0
000056-81-5,0,0,21.4,-0.31,1.647,0,1.5,0.667,0,0,0,0,0,0
000107-18-6,0,0,10,-0.16,1.418,0,0.5,0.222,0,0,0,0,0,0
000107-19-7,0,0,12.5,-0.22,1.054,0,0.5,0.222,0,0,0,1,0,0
034375-28-5,1,0,13.3,-0.27,1.838,0,0.5,0.222,0,0,0,2,0,0
000141-43-5,1,0,9.1,-0.299,1.714,0,0.5,0.222,0,0,0,0,0,0
000110-97-4,1,0,8.3,-0.162,1.663,0.894,2.5,0.667,0,0,0,0,0,0
000156-87-6,1,0,7.1,-0.238,1.632,0,0.5,0.222,0,0,0,0,0,0
002426-08-6,0,0,8.7,0.017,1.722,0.849,1,0.5,0,0,0,0,0,2
000107-98-2,0,0,12.5,-0.095,1.952,0,1.5,0.444,0,0,0,0,0,1
000111-76-2,0,0,9.1,-0.058,1.801,0.799,0.5,0.222,0,0,0,0,0,1
002517-43-3,0,0,10.5,-0.073,1.861,0,1.5,0.667,0,0,0,0,0,1
000111-46-6,0,0,17.6,-0.19,1.902,0.013,0.5,0.222,0,0,0,0,0,1
000123-34-2,0,0,14.3,-0.151,1.594,0.974,1.5,0.667,0,0,0,0,0,1
000112-27-6,0,0,16.7,-0.147,1.936,1.218,0.5,0.222,0,0,0,0,0,2
000112-35-6,0,0,14.8,-0.082,2.05,1.333,0.5,0.222,0,0,0,0,0,3
000111-48-8,0,1,11.8,-0.187,0.999,0.006,0.5,0.222,0,0,0,0,0,0
000075-07-0,0,0,14.3,-0.002,1.74,0,0.5,0,0,0,0,0,3,0
000111-30-8,0,0,13.3,-0.001,1.493,0,0.5,0.222,0,0,0,0,4,0
000107-22-2,0,0,33.3,-0.056,1.488,0,0.5,0.222,0,0,0,0,0,0
004170-30-3,0,0,9.1,0,1.371,0,0.5,0.222,0,0,0,0,0,0
000123-54-6,0,0,13.3,-0.001,1.493,0,2.5,0.444,0,0,0,0,8,0
003785-34-0,0,2,20,-0.1,0.796,0.817,2.5,1.111,0,0,2,0,0,0
000123-42-2,0,0,10,-0.076,1.539,0,4,0.667,0,0,0,0,5,0
000064-18-6,0,0,40,-0.505,1.778,0,0.5,0,0,0,1,0,0,0
000075-12-7,1,0,16.7,-0.36,1.557,0,0.5,0,0,0,1,0,0,0
000108-24-7,0,0,23.1,-0.064,1.763,0,2.5,0.444,0,0,2,0,6,0
000127-19-5,1,0,6.7,0.005,1.934,0,2,0.889,0,0,1,0,3,0
000079-20-9,0,0,18.2,-0.048,2.007,0,1.5,0.444,0,0,1,0,3,0
000141-78-6,0,0,14.3,-0.021,1.881,0,1.5,0.444,0,0,1,0,3,0
000108-05-4,0,0,16.7,-0.043,1.645,0,1.5,0.444,0,0,1,1,3,0
000105-46-4,0,0,10,0.003,1.755,0,2.5,0.667,0,0,1,0,3,0
000105-38-4,0,0,13.3,-0.019,1.614,0,1.5,0.667,0,0,1,1,2,0
000077-68-9,0,0,7.7,-0.031,1.607,1.749,5.5,3.111,1,0,1,0,1,0
000110-15-6,0,0,28.6,-0.247,1.358,0,2.5,0.667,0,0,2,0,4,0
001119-40-0,0,0,17.4,-0.042,1.8,0.984,2.5,1.111,0,0,2,0,4,0
040677-77-8,0,0,3.2,0.027,1.502,0.989,2.5,1.111,0,0,2,0,4,0
000111-17-1,0,1,19,-0.162,0.982,0.427,2.5,0.667,0,0,2,0,4,0
000301-02-0,1,0,1.8,-0.051,1.443,0.973,1.5,0.444,0,0,1,0,2,0
000112-62-9,0,0,3.5,0.026,1.529,0.972,1.5,0.667,0,0,1,0,2,0
000079-10-7,0,0,22.2,-0.198,1.225,0,1.5,0.444,0,0,1,0,0,0
000096-33-3,0,0,16.7,-0.043,1.645,0,1.5,0.667,0,0,1,0,0,0
000818-61-1,0,0,18.8,-0.132,1.557,0.297,1.5,0.667,0,0,1,0,0,0
000079-06-1,1,0,10,-0.193,1.151,0,1.5,0.444,0,0,1,0,0,0
000079-41-4,0,0,16.7,-0.135,1.297,0,2,0.889,0,0,1,0,0,0
000080-62-6,0,0,13.3,-0.019,1.614,0,2,1.111,0,0,1,0,0,0
000106-91-2,0,0,15,-0.038,1.52,1.046,2.5,1.389,0,0,1,0,0,1
002867-47-2,1,0,7.7,0.005,1.733,0.52,3,1.333,0,0,1,0,0,0
000110-44-1,0,0,12.5,-0.103,1.191,0.283,1.5,0.444,0,0,1,0,0,0
000110-17-8,0,0,33.3,-0.331,1.075,0,2.5,0.667,0,0,2,0,0,0
000110-16-7,0,0,33.3,-0.331,1.075,0,2.5,0.667,0,0,2,0,0,0
000108-31-6,0,0,33.3,-0.129,1.174,0,2,0.667,0,0,2,0,0,0
000079-11-8,0,1,25,-0.295,0.805,0,1.5,0.444,0,0,1,0,0,0
000079-04-9,0,2,14.3,-0.074,0.631,0,1.5,0.444,0,0,1,0,0,0
000598-78-7,0,1,18.2,-0.17,0.951,0,2,0.889,0,0,1,0,0,0
010302-94-0,0,1,16.7,-0.056,1.334,1.163,3,1.556,0,0,2,0,0,0
000617-45-8,1,0,25,-0.329,1.247,0,3,1.111,0,0,2,0,2,0
000074-79-3,4,0,7.7,-0.299,1.317,0.87,3,1.333,0,0,1,0,0,0
000079-14-1,0,0,33.3,-0.411,1.528,0,1.5,0.444,0,0,1,0,0,0
000068-11-1,0,1,22.2,-0.267,1.059,0,1.5,0.444,0,0,1,0,0,0
000617-48-1,0,0,33.3,-0.358,1.3,0,3,1.111,0,0,2,0,2,0
000133-37-9,0,0,37.5,-0.466,1.245,0,3,1.778,0,0,2,0,0,0
000298-12-4,0,0,42.9,-0.395,1.338,0,1.5,0.444,0,0,1,0,0,0
000105-45-3,0,0,18.8,-0.037,1.709,0,2.5,0.667,0,0,1,0,5,0
000078-82-0,1,0,0,-0.01,1.447,0,1.5,0.444,0,0,1,0,1,0
000111-69-3,2,0,0,-0.001,1.273,0,0.5,0.222,0,0,2,0,4,0
000126-98-7,1,0,0,-0.005,1.206,0,1.5,0.444,0,0,1,0,0,0
000078-97-7,1,0,10,-0.197,1.332,0,1.5,0.444,0,0,1,0,0,0
000372-09-8,1,0,22.2,-0.261,1.145,0,1.5,0.444,0,0,2,0,2,0
000075-75-2,0,1,33.3,-0.015,1.934,0,3,0,0,0,0,0,0,0
000142-22-3,0,0,18.9,-0.075,1.786,1.063,2.5,1.111,0,0,0,0,0,1
000057-13-6,2,0,12.5,-0.555,1.225,0,1.5,0,0,0,0,0,0,0
000556-89-8,3,0,30,-0.173,1.232,0,2.5,0.444,0,0,0,0,0,0
006104-30-9,4,0,7.7,-0.234,1.475,0.062,4,1.111,0,0,0,1,0,0
000107-11-9,1,0,0,-0.3,1.347,0,0.5,0.222,0,0,0,0,0,0
000556-52-5,0,0,18.2,-0.165,1.608,0,1,0.5,0,0,0,0,0,1
000095-08-9,0,0,10.3,0,1.733,0.979,3.5,2.444,0,0,2,0,2,2
000869-29-4,0,0,19,-0.057,1.667,0.577,3.5,0.667,0,0,2,1,6,0
002439-35-2,1,0,8.7,-0.006,1.766,0.903,2.5,0.889,0,0,1,0,0,0
000683-10-3,1,0,3.8,0.03,1.658,0.968,4,1.111,0,0,1,0,0,0
001758-73-2,2,1,20,-0.419,1.259,0,2,0.889,0,0,0,0,0,0
000078-83-1,0,0,6.7,-0.108,1.698,0,1.5,0.444,0,0,0,0,0,0
103429-90-9,0,0,11.1,-0.003,1.822,1.458,4,1.333,0,0,1,0,3,1
000071-43-2,0,0,0,0,0.917,0,0,0,0,0,0,0,0,0
000106-42-3,0,0,0,0,1.063,0,2,0.889,0,0,0,0,0,0
000100-42-5,0,0,0,0,0.938,0,1,0.444,0,0,0,0,0,0
000100-41-4,0,0,0,0,1.063,0,1,0.444,0,0,0,0,0,0
013014-18-1,0,5,0,0,0.476,0,4.5,2,0,0,0,0,0,0
000100-44-7,0,1,0,0,0.788,0,1,0.444,0,0,0,0,0,0
000103-84-4,1,0,5.3,-0.053,1.051,0.754,2,0.444,0,0,1,0,3,0
000064-04-0,1,0,0,-0.213,0.992,0,1,0.444,0,0,0,0,0,0
000100-46-9,1,0,0,-0.244,0.917,0,1,0.444,0,0,0,0,0,0
000108-95-2,0,0,7.7,-0.145,0.853,0,1,0.444,0,0,0,0,0,0
001319-77-3,0,0,6.3,-0.122,0.949,0,1.5,1.111,0,0,0,0,0,0
050985-45-0,0,0,1.9,-0.057,1.223,0.973,2,0.667,0,0,0,0,0,0
000123-31-9,0,0,14.3,-0.23,0.797,0,2,0.889,0,0,0,0,0,0
000103-73-1,0,0,5.3,0.032,1.204,0.66,1,0.444,0,0,0,0,0,0
000122-60-1,0,0,9.5,-0.009,1.2,0.887,1.5,0.722,0,0,0,0,0,1
000614-80-2,1,0,10,-0.142,1.007,1.262,2.5,1.111,0,0,1,0,3,0
000554-84-7,1,0,20,0.155,0.784,0.031,2.5,1.111,0,0,0,0,0,0
000100-51-6,0,0,6.3,-0.122,0.949,0,1,0.444,0,0,0,0,0,0
002495-37-6,0,0,8,0.002,1.151,1.43,2.5,1.333,0,0,1,0,0,0
000096-09-3,0,0,5.9,0.019,1.026,0,1,0.5,0,0,0,0,0,1
000104-54-1,0,0,5,-0.108,0.958,0,1,0.444,0,0,0,0,0,0
000122-03-2,0,0,4.3,0,1.099,1.577,2.5,1.333,0,0,0,0,0,0
000123-08-0,0,0,13.3,-0.113,0.867,0,2,0.889,0,0,0,0,0,0
000121-32-4,0,0,13.6,-0.089,1.142,0.795,2.5,1.333,0,0,0,0,0,0
000120-14-9,0,0,13.6,-0.034,1.308,0.435,2.5,1.333,0,0,0,0,0,0
000122-00-9,0,0,5,0,1.054,1.313,2.5,1.333,0,0,0,0,3,0
000099-94-5,0,0,11.1,-0.094,0.95,0.309,2.5,1.333,0,0,1,0,0,0
000084-74-2,0,0,9.5,-0.001,1.356,1.09,2.5,2,0,0,2,0,0,0
000084-61-7,0,0,8,0.005,1.238,1.277,3.5,2,0,0,2,0,0,0
000959-26-2,0,0,18.8,-0.131,1.256,0.982,3,2.222,0,0,2,0,0,0
000120-61-6,0,0,16.7,-0.045,1.281,0.524,3,2.222,0,0,2,0,0,0
000100-21-0,0,0,22.2,-0.184,0.829,0.02,3,1.778,0,0,2,0,0,0
000085-44-9,0,0,20,-0.044,0.918,0,2,1.556,0,0,2,0,0,0
000136-36-7,0,0,11.5,-0.08,0.908,1.139,3,1.333,0,0,1,0,0,0
000552-30-7,0,0,27.8,-0.138,0.867,0.442,3.5,2.222,0,0,3,0,0,0
000120-51-4,0,0,7.1,0.002,0.983,1.013,2,1.333,0,0,1,0,0,0
000495-69-2,1,0,13.6,-0.129,1.002,1.042,2.5,1.333,0,0,2,0,0,0
000122-01-0,0,2,7.1,0,0.609,0,2.5,1.333,0,0,1,0,0,0
000119-68-6,1,0,10,-0.142,1.007,0.611,2,1.333,0,0,1,0,0,0
000122-04-3,1,1,18.8,0.236,0.654,1.542,3,1.778,0,0,1,0,0,0
000149-91-7,0,0,27.8,-0.366,0.725,0.019,3.5,2,0,0,1,0,0,0
000092-15-9,1,0,10.7,-0.047,1.231,1.13,3.5,1.333,0,0,1,0,5,0
000050-78-2,0,0,19,-0.108,1.085,0.535,3,1.333,0,0,2,0,3,0
000140-53-4,1,1,0,0,0.745,1.797,2,0.889,0,0,1,0,2,0
000100-47-0,1,0,0,0,0.84,0,1,0.444,0,0,1,0,0,0
000140-29-4,1,0,0,0,0.92,0.311,1,0.444,0,0,1,0,2,0
000098-09-9,0,2,13.3,0.217,1.104,0,3,1.333,0,0,0,0,0,0
000098-67-9,0,1,23.5,-0.043,1.343,0.019,4,1.778,0,0,0,0,0,0
001129-41-5,1,0,8.7,-0.052,1.227,0.795,3,0.889,0,0,0,0,0,0
000138-86-3,0,0,0,0,1.25,0,2.5,1.333,0,1,0,0,0,0
000099-82-1,0,0,0,0,1.45,1.243,2.5,1.333,0,2,0,0,0,0
000101-83-7,1,0,0,0.034,1.372,0.986,1.5,0.444,0,0,0,0,0,0
000101-43-9,0,0,7.1,0.012,1.406,0.978,2.5,1.111,0,0,1,0,0,0
031906-04-4,0,0,5.4,-0.049,1.324,1.256,4.5,1.333,0,1,0,0,1,0
000108-94-1,0,0,5.9,0,1.33,0,1,0.444,0,0,0,0,4,0
000563-04-2,0,1,8.5,-0.207,1.477,0.431,7.5,2,0,0,0,0,0,0
000104-87-0,0,0,5.9,0,0.998,0,2,0.889,0,0,0,0,0,0
001745-81-9,0,0,5,-0.108,0.958,0.757,1.5,1.111,0,0,0,0,0,0
000099-63-8,0,2,12.5,0,0.639,0,3,1.556,0,0,2,0,0,0
000057-11-4,0,0,3.6,-0.038,1.512,0.965,1.5,0.444,0,0,1,0,2,0
000092-52-4,0,0,0,0.036,0.837,0.906,1,0.889,0,0,0,0,0,0
000132-29-6,0,1,8.3,-0.21,1.388,0.827,5,2.222,0,0,0,0,0,0
000482-05-3,0,0,14.3,-0.118,0.789,0.918,3,2.222,0,0,2,0,0,0
000135-19-3,0,0,5.3,-0.118,0.758,0,2,1.111,0,0,0,0,0,0
000063-25-2,1,0,7.7,-0.047,1.012,1.043,2.5,1.556,0,0,0,0,0,0
000086-55-5,0,0,9.5,-0.087,0.777,0.293,2,1.556,0,0,1,0,0,0
000080-56-8,0,0,0,0.059,1.204,0,3.5,2.222,1,2,0,0,0,0
000084-65-1,0,0,8.3,0,0.757,1.236,2,2.222,0,0,0,0,0,0
000057-57-8,0,0,22.2,-0.074,1.509,0,1,0.333,0,0,1,0,2,0
000087-41-2,0,0,12.5,-0.024,0.97,0,1.5,1.333,0,0,1,0,0,0
000098-00-0,0,0,15.4,-0.151,1.161,0,1,0.444,0,0,0,1,0,0
000109-99-9,0,0,7.7,0.026,1.627,0,0,0,0,0,0,0,0,1
000097-99-4,0,0,11.8,-0.088,1.563,0,1,0.444,0,0,0,0,0,1
000517-23-7,0,0,17.6,-0.03,1.426,0,2,1.333,0,1,1,0,4,0
000085-41-6,1,0,12.5,-0.073,0.806,0,2,1.556,0,0,2,0,0,0
000120-72-9,1,0,0,-0.085,0.81,0,1,0.889,0,0,0,1,0,0
000520-45-6,0,0,20,-0.033,1.264,1.429,3.5,1.556,0,1,1,0,4,0
000120-57-0,0,0,17.6,-0.068,1.116,0.014,2,1.111,0,0,0,2,0,0
000096-49-1,0,0,30,-0.176,1.851,0,1,0.444,0,0,0,0,0,0
001120-71-4,0,1,23.1,0.145,1.761,0,2.5,0.889,0,0,0,0,0,1
000091-64-5,0,0,11.8,-0.023,0.923,0.014,2,1.111,0,0,1,0,0,0
000109-00-2,1,0,8.3,-0.185,0.96,0,1,0.444,0,0,0,0,0,0
000499-83-2,1,0,23.5,-0.243,0.905,0.747,3,1.556,0,0,2,0,0,0
000828-00-2,0,0,15.4,-0.04,1.765,1.061,4,0.667,0,0,1,2,3,2
000067-52-7,2,0,23.1,-0.551,0.964,0,3,0.667,0,0,0,0,0,0
000100-97-0,4,0,0,0.022,1.788,0,3,0,0,0,0,12,0,0
000096-54-8,1,0,0,0.137,1.282,0,1,0.444,0,0,0,2,0,0
000072-87-7,1,0,20,-0.241,1.425,0.77,4,2.222,0,0,1,0,3,0
000056-40-6,1,0,20,-0.36,1.423,0,1.5,0.444,0,0,1,0,0,0
000107-10-8,1,0,7.7,-0.007,1.635,0,0.5,0.222,0,0,1,0,0,0
000087-99-0,0,0,22.7,-0.326,1.501,0.01,2.5,1.778,0,0,0,0,0,0
000987-78-0,4,2,19.3,-0.334,1.96,0.732,11.5,4.444,0,0,1,2,0,4
000104-42-7,1,0,0,-0.106,1.277,0.949,2,0.889,0,0,0,0,0,0
000066-72-8,1,0,14.3,-0.173,1.056,0.208,2.5,2,0,0,0,0,3,0
000093-55-0,0,0,5,0,1.054,0.652,1.5,1.111,0,0,0,0,2,0
000150-30-1,1,0,8.7,-0.154,0.951,0.76,2.5,1.111,0,0,1,0,0,0
000091-01-0,0,0,3.8,-0.096,0.854,1.044,1.5,1.333,0,0,0,0,0,0
000111-01-3,0,0,0,-0.023,1.533,1.207,6.5,2.444,0,0,0,0,0,0
003234-85-3,0,0,2.3,0.028,1.555,0.975,1.5,0.667,0,0,1,0,2,0
000107-95-9,1,0,15.4,-0.255,1.439,0,1.5,0.444,0,0,1,0,2,0
000056-85-9,2,0,15,-0.256,1.255,0.062,3,1.333,0,0,2,0,2,0
000095-65-8,0,0,5.3,-0.107,1.02,0,2.5,1.333,0,0,0,0,0,0
000098-85-1,0,0,5.3,-0.107,1.02,0,1.5,0.889,0,0,0,0,0,0
000112-30-1,0,0,3,-0.07,1.576,0.907,0.5,0.222,0,0,0,0,0,0
000120-32-1,0,1,3.8,-0.083,0.74,1.138,3,1.333,0,0,0,0,0,0
006915-15-7,0,0,33.3,-0.358,1.3,0,3,1.111,0,0,2,0,2,0
000074-11-3,0,1,13.3,-0.119,0.668,0,2.5,1.333,0,0,1,0,0,0
000099-07-0,1,0,4.8,-0.085,1.2,0,2.5,1.111,0,0,0,0,0,0
000107-87-9,0,0,6.3,-0.002,1.596,0,1.5,0.444,0,0,0,0,5,0
000111-26-2,1,0,0,-0.183,1.592,0.402,0.5,0.222,0,0,0,0,0,0
000111-90-0,0,0,13,-0.075,1.971,1.396,0.5,0.222,0,0,0,0,0,2
000526-75-0,0,0,5.3,-0.107,1.02,0.344,2,1.556,0,0,0,0,0,0
000593-08-8,0,0,2.5,-0.006,1.537,0.934,1.5,0.444,0,0,0,0,5,0
000627-30-5,0,1,8.3,-0.134,1.07,0,0.5,0.222,0,0,0,0,0,0
000050-00-0,0,0,25,-0.036,1.98,0,0,0,0,0,0,0,0,0
000638-67-5,0,0,0,-0.03,1.543,0.973,0.5,0.222,0,0,0,0,0,0
000629-94-7,0,0,0,-0.033,1.548,0.969,0.5,0.222,0,0,0,0,0,0
004181-95-7,0,0,0,-0.017,1.525,0.986,0.5,0.222,0,0,0,0,0,0
000629-62-9,0,0,0,-0.046,1.567,0.951,0.5,0.222,0,0,0,0,0,0
000630-01-3,0,0,0,-0.026,1.538,0.976,0.5,0.222,0,0,0,0,0,0
000629-92-5,0,0,0,-0.036,1.553,0.965,0.5,0.222,0,0,0,0,0,0
007194-84-5,0,0,0,-0.018,1.527,0.985,0.5,0.222,0,0,0,0,0,0
000629-50-5,0,0,0,-0.054,1.577,0.939,0.5,0.222,0,0,0,0,0,0
000630-07-9,0,0,0,-0.019,1.529,0.984,0.5,0.222,0,0,0,0,0,0
000630-06-8,0,0,0,-0.019,1.528,0.984,0.5,0.222,0,0,0,0,0,0
000629-99-2,0,0,0,-0.027,1.54,0.975,0.5,0.222,0,0,0,0,0,0
000630-02-4,0,0,0,-0.024,1.536,0.979,0.5,0.222,0,0,0,0,0,0
000646-31-1,0,0,0,-0.029,1.542,0.974,0.5,0.222,0,0,0,0,0,0
001120-21-4,0,0,0,-0.064,1.591,0.918,0.5,0.222,0,0,0,0,0,0
000111-65-9,0,0,0,-0.09,1.625,0.836,0.5,0.222,0,0,0,0,0,0
007098-22-8,0,0,0,-0.015,1.523,0.987,0.5,0.222,0,0,0,0,0,0
000124-18-5,0,0,0,-0.071,1.6,0.902,0.5,0.222,0,0,0,0,0,0
000112-40-3,0,0,0,-0.059,1.583,0.93,0.5,0.222,0,0,0,0,0,0
000629-73-2,0,0,0,-0.043,1.5,0.948,0.5,0.222,0,0,0,0,0,0
000927-49-1,0,0,2.9,-0.005,1.544,1.029,1.5,0.667,0,0,0,0,4,0
000112-52-7,0,1,0,-0.009,1.366,0.925,0.5,0.222,0,0,0,0,0,0
000112-82-3,0,1,0,-0.016,1.215,0.908,0.5,0.222,0,0,0,0,0,0
028623-46-3,1,0,0,-0.015,1.488,0.96,0.5,0.222,0,0,1,0,2,0
000629-82-3,0,0,2,0.058,1.628,0.945,0.5,0.222,0,0,0,0,0,1
000111-82-0,0,0,4.9,0.023,1.618,0.94,1.5,0.667,0,0,1,0,2,0
002456-28-2,0,0,1.6,0.056,1.602,0.961,0.5,0.222,0,0,0,0,0,1
000123-96-6,0,0,3.7,-0.077,1.596,0.84,1.5,0.444,0,0,0,0,0,0
000104-76-7,0,0,3.7,-0.077,1.596,0.548,1.5,0.667,0,0,0,0,0,0
000645-62-5,0,0,4.3,-0.003,1.435,1.435,1.5,0.667,0,0,0,0,0,0
000111-70-6,0,0,4.2,-0.082,1.61,0.76,0.5,0.222,0,0,0,0,0,0
000112-70-9,0,0,2.4,-0.063,1.558,0.944,0.5,0.222,0,0,0,0,0,0
000111-87-5,0,0,3.7,-0.077,1.596,0.84,0.5,0.222,0,0,0,0,0,0
001454-85-9,0,0,1.9,-0.056,1.544,0.964,0.5,0.222,0,0,0,0,0,0
000112-72-1,0,0,2.2,-0.061,1.554,0.951,0.5,0.222,0,0,0,0,0,0
000629-76-5,0,0,2.1,-0.059,1.55,0.956,0.5,0.222,0,0,0,0,0,0
000103-11-7,0,0,6.1,0.018,1.55,0.885,2.5,1.111,0,0,1,0,0,0
000112-92-5,0,0,1.8,-0.055,1.542,0.967,0.5,0.222,0,0,0,0,0,0
000112-53-8,0,0,2.6,-0.065,1.563,0.936,0.5,0.222,0,0,0,0,0,0
032360-05-7,0,0,3,0.027,1.525,0.999,2,1.111,0,0,1,0,0,0
002499-59-4,0,0,6.1,0.018,1.55,0.908,1.5,0.667,0,0,1,0,0,0
003050-69-9,0,0,8.3,0.009,1.57,0.746,1.5,0.667,0,0,1,1,2,0
000122-40-7,0,0,3,0,1.142,1.083,2,0.667,0,0,0,0,0,0
000093-09-4,0,0,9.5,-0.087,0.777,0.256,2.5,1.556,0,0,1,0,0,0
000092-66-0,0,1,0,0.005,0.623,1.486,2,1.333,0,0,0,0,0,0
000098-66-8,0,2,18.8,0.058,1.248,2.337,4,1.778,0,0,0,0,0,0
000098-59-9,0,2,11.1,0.213,1.107,0.81,4,1.778,0,0,0,0,0,0
000064-67-5,0,1,21.1,0.148,2.199,0.5,3,1.111,0,0,0,0,0,2
001939-99-7,0,2,11.1,0.213,1.107,0.81,3.5,0.667,0,0,0,0,0,0
002085-88-3,0,0,5.9,0.019,1.026,0,1,0.5,0,0,0,0,0,1
019780-16-6,0,0,1.6,0.061,1.527,0.965,1,0.5,0,0,0,0,0,1
003290-92-4,0,0,12,-0.013,1.488,1.784,7.5,4,1,0,3,0,0,0
000923-26-2,0,0,13.6,-0.081,1.541,1.302,3,1.333,0,0,1,0,0,0
000097-88-1,0,0,8.3,0.009,1.57,0.986,2,1.111,0,0,1,0,0,0
000101-25-7,6,0,8.7,0.232,1.837,0.242,3.5,0.444,0,0,0,10,0,0
000069-65-8,0,0,23.1,-0.33,1.464,0.253,3,2.222,0,0,0,0,0,0
025395-31-7,0,0,20.8,-0.114,1.762,0.884,3.5,0.889,0,0,2,0,6,0
000142-08-5,1,0,8.3,-0.099,0.985,0,1,0.444,0,0,1,1,0,0
000142-29-0,0,0,0,0,1.2,0,0,0,0,0,0,0,0,0
000090-04-0,1,0,5.6,-0.106,1.081,0,1.5,1.111,0,0,0,0,0,0
000106-49-0,1,0,0,-0.244,0.917,0,2,0.889,0,0,0,0,0,0
000150-78-7,0,0,10,-0.01,1.343,0.025,2,0.889,0,0,0,0,0,0
000150-19-6,0,0,11.8,-0.11,1.114,0.528,2,0.667,0,0,0,0,0,0
000151-10-0,0,0,10,-0.01,1.343,1.025,2,0.667,0,0,0,0,0,0
000586-38-9,0,0,15.8,-0.11,1.098,0.011,2.5,1.111,0,0,1,0,0,0
000105-56-6,1,0,13.3,-0.041,1.579,0.355,1.5,0.667,0,0,2,0,2,0
000079-09-4,0,0,18.2,-0.141,1.582,0,1.5,0.444,0,0,1,0,2,0
002627-35-2,0,1,9.1,-0.277,1.86,0.896,3,0.667,0,0,0,0,0,1
000096-23-1,0,2,8.3,-0.154,0.768,0,1.5,0.667,0,0,0,0,0,0
000099-87-6,0,0,0,0,1.15,0,2.5,1.333,0,0,0,0,0,0
000108-38-3,0,0,0,0,1.063,0,2,0.667,0,0,0,0,0,0
000536-66-3,0,0,8.3,-0.072,1.064,1.583,3,1.778,0,0,1,0,0,0
000118-90-1,1,0,0,-0.244,0.917,0,1.5,1.111,0,0,0,0,0,0
001726-23-4,0,0,10.5,-0.005,1.418,1.11,4,2.889,0,0,3,0,0,0
000117-84-0,0,0,6.1,0.016,1.402,0.991,2.5,2,0,0,2,0,0,0
028553-12-0,0,0,5.6,0.019,1.409,0.991,4.5,2.444,0,0,2,0,0,0
000084-66-2,0,0,13.3,-0.023,1.313,1.072,2.5,2,0,0,2,0,0,0
000103-23-1,0,0,5.9,0.02,1.595,0.908,4.5,2,0,0,2,0,4,0
000103-24-2,0,0,5.2,0.022,1.583,0.916,4.5,2,0,0,2,0,4,0
000142-16-5,0,0,6.7,0.016,1.555,0.832,4.5,2,0,0,2,0,0,0
002432-87-3,0,0,5,0.023,1.58,0.967,2.5,1.111,0,0,2,0,4,0
007360-38-5,0,0,7.2,0.014,1.598,0.882,6,3.778,0,0,3,0,3,0
000087-20-7,0,0,9.7,-0.054,1.232,0.975,3,1.778,0,0,1,0,0,0
000124-17-4,0,0,11.8,-0.009,1.862,1.244,1.5,0.444,0,0,1,0,3,2
000123-28-4,0,1,4.3,0.026,1.418,1.019,2.5,1.111,0,0,2,0,4,0
002630-39-9,0,0,7.9,0.007,1.464,1.099,3,1.778,0,2,1,0,5,0
000591-60-6,0,0,12,-0.006,1.629,0.979,2.5,0.667,0,0,1,0,5,0
000112-15-2,0,0,14.3,-0.029,1.952,1.672,1.5,0.444,0,0,1,0,3,2
000141-32-2,0,0,9.5,0.003,1.58,0.986,1.5,0.667,0,0,1,0,0,0
000140-11-4,0,0,9.5,-0.005,1.183,1.039,2,0.667,0,0,1,0,3,0
000095-92-1,0,0,20,-0.061,1.851,1.6,2,1.333,0,0,2,0,0,0
001459-93-4,0,0,16.7,-0.045,1.281,0.519,3,2,0,0,2,0,0,0
000623-91-6,0,0,16.7,-0.04,1.645,0.837,2.5,1.111,0,0,2,0,0,0
002499-95-8,0,0,7.4,0.013,1.562,0.727,1.5,0.667,0,0,1,0,0,0
000105-53-3,0,0,17.4,-0.042,1.8,0.551,2.5,0.889,0,0,2,0,2,0
000106-65-0,0,0,20,-0.061,1.851,0.031,2.5,1.111,0,0,2,0,4,0
003121-61-7,0,0,15.8,-0.043,1.772,0.668,1.5,0.667,0,0,1,0,0,1
000088-99-3,0,0,22.2,-0.184,0.829,0.697,2.5,1.556,0,0,2,0,0,0
029836-26-8,0,0,12.5,-0.122,1.548,0.952,3,2.222,0,0,0,1,0,2
000868-77-9,0,0,15.8,-0.101,1.547,0.28,2,1.111,0,0,1,0,0,0
002935-90-2,0,1,13.3,-0.053,1.309,0,1.5,0.667,0,0,1,0,2,0
000078-30-8,0,1,8.5,-0.207,1.477,1.874,6,3.333,0,0,0,0,0,0
000108-01-0,1,0,5.9,-0.084,2.001,0,1.5,0.444,0,0,0,0,0,0
000093-82-3,1,0,4.2,-0.04,1.558,0.952,2,1.333,0,0,1,0,2,0
007545-23-5,1,0,5.1,-0.048,1.571,0.936,2,1.333,0,0,1,0,2,0
000136-26-5,1,0,6.4,-0.063,1.592,0.904,2,1.333,0,0,1,0,2,0
003077-30-3,1,0,7.3,-0.073,1.607,0.876,2,1.333,0,0,1,0,2,0
000105-16-8,1,0,6.3,0.02,1.686,0.78,3,1.556,0,0,1,0,0,0
000109-83-1,1,0,7.1,-0.176,1.897,0,0.5,0.222,0,0,0,0,0,0
002050-92-2,1,0,0,0.01,1.64,1.084,0.5,0.222,0,0,0,0,0,0
000071-41-0,0,0,5.6,-0.096,1.657,0,0.5,0.222,0,0,0,0,0,0
000112-18-5,1,0,0,0.145,1.663,0.956,1.5,0.444,0,0,0,0,0,0
000112-50-5,0,0,13.3,-0.065,1.982,1.501,0.5,0.222,0,0,0,0,0,3
000111-27-3,0,0,4.8,-0.088,1.63,0.205,0.5,0.222,0,0,0,0,0,0
000142-84-7,1,0,0,0,1.732,0.815,0.5,0.222,0,0,0,0,0,0
000111-92-2,1,0,0,0.006,1.675,1.596,0.5,0.222,0,0,0,0,0,0
003370-35-2,1,0,3.3,-0.041,1.533,0.977,1.5,0.667,0,0,1,2,2,0
000928-96-1,0,0,5.3,-0.098,1.458,0.193,0.5,0.222,0,0,0,0,0,0
000110-58-7,1,0,0,-0.198,1.611,0,0.5,0.222,0,0,0,0,0,0
000071-36-3,0,0,6.7,-0.108,1.698,0,0.5,0.222,0,0,0,0,0,0
000071-23-8,0,0,8.3,-0.127,1.768,0,0.5,0.222,0,0,0,0,0,0
007705-14-8,0,0,0,0,1.25,2.031,2.5,1.333,0,1,0,0,0,0
006252-33-1,0,0,0,0,1.35,1.444,2.5,1.333,0,2,0,0,0,0
000099-85-4,0,0,0,0,1.25,2.031,2.5,1.333,0,0,0,0,0,0
000590-90-9,0,0,14.3,-0.107,1.56,0,1.5,0.444,0,0,0,0,5,0
000116-09-6,0,0,18.2,-0.141,1.582,0,1.5,0.444,0,0,0,0,3,0
000584-03-2,0,0,12.5,-0.177,1.649,0,1.5,0.667,0,0,0,0,0,0
000078-93-3,0,0,7.7,-0.001,1.62,0,1.5,0.444,0,0,0,0,5,0
000108-10-1,0,0,5.3,-0.003,1.58,0.016,2.5,0.444,0,0,0,0,5,0
000078-92-2,0,0,6.7,-0.108,1.698,0,1.5,0.444,0,0,0,0,0,0
007424-54-6,0,0,9.5,0,1.495,0.735,2.5,0.889,0,0,0,0,6,0
000563-80-4,0,0,6.3,-0.002,1.596,0,2,0.889,0,0,0,0,4,0
000093-91-4,0,0,9.1,0,1.047,0.931,2.5,1.111,0,0,0,0,5,0
000078-84-2,0,0,7.7,-0.001,1.62,0,1.5,0.444,0,0,0,0,1,0
013952-84-6,1,0,0,-0.218,1.641,0,1.5,0.444,0,0,0,0,0,0
001777-82-8,0,2,6.3,-0.117,0.602,3.037,2.5,1.333,0,0,0,0,0,0
000074-98-6,0,0,0,-0.267,1.833,0,0.5,0,0,0,0,0,0,0
000120-80-9,0,0,14.3,-0.23,0.797,0,1.5,1.111,0,0,0,0,0,0
000095-48-7,0,0,6.3,-0.122,0.949,0,1.5,1.111,0,0,0,0,0,0
000108-46-3,0,0,14.3,-0.23,0.797,0,2,0.667,0,0,0,0,0,0
000105-67-9,0,0,5.3,-0.107,1.02,0.335,2.5,1.333,0,0,0,0,0,0
000090-05-1,0,0,11.8,-0.11,1.114,0,1.5,1.111,0,0,0,0,0,0
000099-06-9,0,0,18.8,-0.202,0.814,0.029,2.5,1.111,0,0,1,0,0,0
000579-75-9,0,0,15.8,-0.11,1.098,0.203,2,1.333,0,0,1,0,0,0
000091-16-7,0,0,10,-0.01,1.343,0,1.5,1.111,0,0,0,0,0,0
000098-55-5,0,0,3.4,-0.073,1.325,1.76,4,1.778,0,1,0,0,0,0
000062-23-7,1,0,23.5,0.105,0.802,0.021,3,1.778,0,0,1,0,0,0
020306-75-6,1,0,11.8,-0.06,1.574,0,2.5,0.667,0,0,1,0,5,0
002415-85-2,1,0,7.4,-0.035,1.127,1.075,4,1.111,0,0,1,0,5,0
000625-50-3,1,0,6.7,-0.056,1.719,0,1.5,0.444,0,0,1,0,3,0
000821-38-5,0,0,9.1,-0.07,1.46,0.949,2.5,0.667,0,0,2,0,4,0
000111-20-6,0,0,12.5,-0.092,1.444,0.895,2.5,0.667,0,0,2,0,4,0
065119-95-1,0,0,2.9,-0.035,1.466,0.969,1.5,0.444,0,0,1,0,2,0
000626-86-8,0,0,15.4,-0.071,1.596,0.843,2.5,0.889,0,0,2,0,4,0
000060-33-3,0,0,3.8,-0.041,1.4,1.004,1.5,0.444,0,0,1,0,2,0
000334-48-5,0,0,6.3,-0.053,1.523,0.898,1.5,0.444,0,0,1,0,2,0
000112-05-0,0,0,6.9,-0.057,1.525,0.87,1.5,0.444,0,0,1,0,2,0
002724-58-5,0,0,3.6,-0.038,1.512,0.965,2.5,0.667,0,0,1,0,2,0
000693-57-2,1,0,5,-0.09,1.479,0.941,1.5,0.444,0,0,1,0,2,0
000111-29-5,0,0,10.5,-0.152,1.615,0,0.5,0.222,0,0,0,0,0,0
000142-62-1,0,0,10,-0.076,1.539,0,1.5,0.444,0,0,1,0,2,0
000105-74-8,0,0,5.4,0.216,1.538,0.963,2.5,1.111,0,0,2,0,4,0
004457-71-0,0,0,9.1,-0.134,1.594,0,1.5,0.667,0,0,0,0,0,0
001338-39-2,0,0,10.3,-0.075,1.519,0.971,3.5,2.222,0,0,1,0,2,1
026266-57-9,0,0,8.6,-0.059,1.516,0.98,3.5,2.222,0,0,1,0,2,1
000373-44-4,2,0,0,-0.218,1.513,0.866,0.5,0.222,0,0,0,0,0,0
040529-66-6,0,0,0,0.034,0.931,1.113,1.5,1.333,0,0,0,0,0,0
000541-41-3,0,1,18.2,-0.091,1.244,0,1.5,0.444,0,0,0,0,0,0
000624-49-7,0,0,22.2,-0.084,1.698,0.03,2.5,1.111,0,0,2,0,0,0
002549-51-1,0,1,16.7,-0.081,1.129,0,1.5,0.667,0,0,1,1,0,0
004292-10-8,2,0,4.8,0.005,1.627,0.962,5,1.556,0,0,2,0,2,0
000623-27-8,0,0,12.5,0,0.935,0.014,2,0.889,0,0,0,0,0,0
000099-04-7,0,0,11.1,-0.094,0.95,0,2.5,1.111,0,0,1,0,0,0
007779-27-3,3,0,0,0.165,1.863,0.632,3,0.667,0,0,0,6,0,0
000872-50-4,1,0,6.3,0.004,1.559,0,1.5,1.111,0,0,1,0,2,0
000103-65-1,0,0,0,0,1.111,0,1,0.444,0,0,0,0,0,0
000103-82-2,0,0,11.1,-0.094,0.95,0.411,2,0.444,0,0,1,0,2,0
000106-44-5,0,0,6.3,-0.122,0.949,0,2,0.889,0,0,0,0,0,0
000107-07-3,0,1,11.1,-0.19,0.961,0,0.5,0.222,0,0,0,0,0,0
000108-21-4,0,0,11.8,-0.006,1.805,0,2.5,0.444,0,0,1,0,3,0
000108-47-4,1,0,0,0.071,1.163,0,2,0.667,0,0,0,0,3,0
000108-84-9,0,0,7.7,0.013,1.691,1.328,3.5,0.667,0,0,1,0,3,0
000110-19-0,0,0,10,0.003,1.755,0,2.5,0.667,0,0,1,0,3,0
001114-71-2,1,1,2.9,0.038,1.29,1.024,2,1.333,0,0,0,0,0,0
001116-54-7,2,0,15.8,-0.013,1.755,0.014,1.5,0.667,0,0,0,0,0,0
000118-61-6,0,0,13.6,-0.089,1.142,0.999,2,1.556,0,0,1,0,0,0
000118-92-3,1,0,11.8,-0.21,0.782,0.09,2,1.333,0,0,1,0,0,0
000120-47-8,0,0,13.6,-0.089,1.142,0.934,2.5,1.556,0,0,1,0,0,0
000121-34-6,0,0,20,-0.189,1.054,0.185,3,1.778,0,0,1,0,0,0
000123-51-3,0,0,5.6,-0.096,1.657,0,1.5,0.444,0,0,0,0,0,0
000123-86-4,0,0,10,0.003,1.755,0.937,1.5,0.444,0,0,1,0,3,0
000151-41-7,0,1,9.3,0.164,1.792,0.919,3,0.667,0,0,0,0,0,1
001510-16-3,0,1,7.1,0.154,1.65,0.917,3,0.667,0,0,0,0,0,0
001689-99-2,1,2,5.4,-0.004,0.787,1.036,4,1.778,0,0,2,0,2,0
001886-81-3,0,1,5.8,0.196,1.483,0.938,3,1.778,0,0,0,0,0,1
002051-62-9,0,1,0,0.001,0.723,1.084,2,1.333,0,0,0,0,0,0
025339-17-7,0,0,3,-0.07,1.576,0.907,1.5,0.444,0,0,0,0,0,0
000499-80-9,1,0,23.5,-0.243,0.905,0.021,3,1.556,0,0,2,0,0,0
051338-27-3,0,2,11.1,-0.045,0.972,0.991,5.5,2.667,0,0,1,0,0,0
000056-84-8,1,0,25,-0.329,1.247,0,3,1.111,0,0,2,0,2,0
000059-67-6,1,0,14.3,-0.157,0.962,0,1.5,0.889,0,0,1,0,0,0
000621-82-9,0,0,10.5,-0.093,0.894,0.762,2,0.667,0,0,1,0,0,0
000063-91-2,1,0,8.7,-0.154,0.951,0.76,2.5,1.111,0,0,1,0,0,0
000693-54-9,0,0,3.2,-0.005,1.548,0.894,1.5,0.444,0,0,0,0,5,0
000074-89-5,1,0,0,-0.378,2.095,0,0,0,0,0,0,0,0,0
007781-98-8,0,0,13.6,-0.089,1.142,1.064,2.5,1.333,0,0,1,0,0,0
000078-48-8,0,4,2.3,-0.249,0.874,1.103,3,1.333,0,0,0,0,0,0
000089-00-9,1,0,23.5,-0.243,0.905,0.025,2.5,1.556,0,0,2,0,0,0
000096-22-0,0,0,6.3,-0.002,1.596,0,1.5,0.667,0,0,0,0,4,0
000099-50-3,0,0,23.5,-0.285,0.767,0.023,3,1.778,0,0,1,0,0,0
000099-93-4,0,0,11.1,-0.094,0.95,0.422,2.5,1.333,0,0,0,0,3,0
132682-98-5,2,3,16.3,-0.294,1.519,0.811,5.5,3.111,0,0,0,1,0,2
000058-08-2,4,0,7.1,-0.084,1.675,0.004,3,2.667,0,0,1,3,0,0
000058-55-9,4,0,9.5,-0.159,1.424,0,2.5,2.444,0,0,1,0,0,0