CAS #,X1sol/T,Mor13v/T,H050/T,R5v/T,TO..Cl/T,HATS5v/T,RDF035m/T,RCl/T,nCOOR/T,Mor15u/T,RDF90m/T,1/T
000071-55-6,0.009223545,0.000781486,0,0,0,0,0.000137515,0,0,0.000134161,0,0.003354016
002234-13-1,0.035535804,-0.001529431,0,0.000747946,0,0.003739728,3.02E-05,0.004796244,0,5.70E-05,0,0.003354016
058863-14-2,0.033134328,-0.001472413,0,0.000419252,0,0.00126111,0.000429314,0.004796244,0,-0.000114037,0,0.003354016
058863-15-3,0.034889634,-0.001384425,0,0.000780505,0,0.003764789,0.000370828,0.005050327,0,0.000377892,0,0.003531697
058863-15-3,0.033699471,-0.001337199,0,0.00075388,0,0.003636364,0.000358178,0.004878049,0,0.000365001,0,0.003411223
058863-15-3,0.032587828,-0.001293089,0,0.000729012,0,0.003516411,0.000346363,0.004717137,0,0.000352961,0,0.003298697
058863-15-3,0.031547182,-0.001251796,0,0.000705732,0,0.003404119,0.000335303,0.004566502,0,0.000341689,0,0.003193358
058863-15-3,0.030570942,-0.001213059,0,0.000683893,0,0.003298778,0.000324927,0.00442519,0,0.000331116,0,0.003094538
058877-88-6,0.030786517,-0.001489183,0,0.000610431,0,0.002803958,0.00076807,0.004829784,0,0.000355526,0,0.003354016
058877-88-6,0.031311615,-0.001514583,0,0.000620843,0,0.002851782,0.00078117,0.004912161,0,0.00036159,0,0.003411223
058877-88-6,0.03027874,-0.001464621,0,0.000600363,0,0.002757711,0.000755402,0.004750124,0,0.000349662,0,0.003298697
058877-88-6,0.029311831,-0.001417851,0,0.000581191,0,0.002669647,0.000731279,0.004598435,0,0.000338496,0,0.003193358
058877-88-6,0.028404766,-0.001373975,0,0.000563206,0,0.002587034,0.000708649,0.004456135,0,0.000328021,0,0.003094538
067922-27-4,0.030729499,-0.001308066,0,0.000429314,0,0.001147074,0.000758008,0.004796244,0,0.000187825,0,0.003354016
067922-27-4,0.031253624,-0.001330377,0,0.000436637,0,0.001166638,0.000770936,0.004878049,0,0.000191028,0,0.003411223
067922-27-4,0.030222662,-0.001286492,0,0.000422233,0,0.001128154,0.000745506,0.004717137,0,0.000184727,0,0.003298697
067922-27-4,0.029257544,-0.00124541,0,0.00040875,0,0.001092128,0.000721699,0.004566502,0,0.000178828,0,0.003193358
067922-27-4,0.028352158,-0.00120687,0,0.000396101,0,0.001058332,0.000699366,0.00442519,0,0.000173294,0,0.003094538
103426-93-3,0.030786517,-0.001284588,0,0.000536643,0,0.00245514,0.000607077,0.004796244,0,0.000385712,0,0.003354016
103426-93-3,0.031311615,-0.001306498,0,0.000545796,0,0.002497015,0.000617431,0.004878049,0,0.000392291,0,0.003411223
103426-93-3,0.03027874,-0.001263401,0,0.000527792,0,0.002414646,0.000597064,0.004717137,0,0.00037935,0,0.003298697
103426-93-3,0.029311831,-0.001223056,0,0.000510937,0,0.002337538,0.000577998,0.004566502,0,0.000367236,0,0.003193358
103426-93-3,0.028404766,-0.001185208,0,0.000495126,0,0.002265202,0.000560111,0.00442519,0,0.000355872,0,0.003094538
067922-25-2,0.028442059,-0.001475767,0,0.000643971,0,0.002559115,0.000908938,0.004796244,0,0.000103975,0,0.003354016
035822-46-9,0.039728325,-0.001831293,0,0.000254905,0.191178937,0.001157136,0.007466041,0.004729163,0,0.001438873,0.00895187,0.003354016
035822-46-9,0.040405936,-0.001862528,0,0.000259253,0.194439707,0.001176872,0.007593382,0.004809824,0,0.001463415,0.009104554,0.003411223
035822-46-9,0.037825323,-0.001743573,0,0.000242695,0.182021395,0.001101708,0.007108414,0.004502635,0,0.001369951,0.008523072,0.003193358
035822-46-9,0.036654804,-0.001689618,0,0.000235185,0.176388674,0.001067616,0.006888442,0.004363299,0,0.001327557,0.008259322,0.003094538
103426-96-6,0.030729499,-0.001083347,0,0.000627201,0,0.002669797,0.000815026,0.004762703,0,2.68E-05,0,0.003354016
103426-96-6,0.032357408,-0.001140738,0,0.000660427,0,0.002811231,0.000858202,0.00501501,0,2.83E-05,0,0.003531697
103426-96-6,0.031253624,-0.001101825,0,0.000637899,0,0.002715333,0.000828927,0.004843937,0,2.73E-05,0,0.003411223
103426-96-6,0.030222662,-0.001065479,0,0.000616856,0,0.002625763,0.000801583,0.00468415,0,2.64E-05,0,0.003298697
103426-96-6,0.029257544,-0.001031455,0,0.000597158,0,0.002541913,0.000775986,0.004534568,0,2.55E-05,0,0.003193358
103426-96-6,0.028352158,-0.000999536,0,0.000578679,0,0.002463252,0.000751973,0.004394244,0,2.48E-05,0,0.003094538
067922-26-3,0.028385041,-0.001348315,0,0.000583599,0,0.00211303,0.001029683,0.004796244,0,1.68E-05,0,0.003354016
067922-26-3,0.029888752,-0.001419742,0,0.000614515,0,0.002224969,0.001084231,0.005050327,0,1.77E-05,0,0.003531697
067922-26-3,0.02886918,-0.001371312,0,0.000593553,0,0.00214907,0.001047245,0.004878049,0,1.71E-05,0,0.003411223
067922-26-3,0.027916873,-0.001326076,0,0.000573973,0,0.002078179,0.0010127,0.004717137,0,1.65E-05,0,0.003298697
067922-26-3,0.027025387,-0.00128373,0,0.000555644,0,0.002011815,0.000980361,0.004566502,0,1.60E-05,0,0.003193358
067922-26-3,0.026189076,-0.001244004,0,0.00053845,0,0.001949559,0.000950023,0.00442519,0,1.55E-05,0,0.003094538
039227-28-6,0.037326849,-0.001764213,0,0.000254905,0.167700822,0.00083515,0.008213986,0.004729163,0,0.00126111,0.006050646,0.003354016
039227-28-6,0.0379635,-0.001794303,0,0.000259253,0.170561146,0.000849395,0.008354085,0.004809824,0,0.00128262,0.006153846,0.003411223
039227-28-6,0.035538879,-0.001679706,0,0.000242695,0.159667891,0.000795146,0.007820533,0.004502635,0,0.001200703,0.005760817,0.003193358
039227-28-6,0.034439115,-0.001627727,0,0.000235185,0.154726907,0.00077054,0.007578524,0.004363299,0,0.001163546,0.005582547,0.003094538
039227-61-7,0.034979037,-0.001814523,0,0.000231427,0.137514674,0.000449438,0.008173738,0.004729163,0,0.001495891,0.005587791,0.003354016
039227-61-7,0.035575644,-0.001845472,0,0.000235374,0.13986014,0.000457104,0.00831315,0.004809824,0,0.001521405,0.005683097,0.003411223
039227-61-7,0.033303529,-0.001727607,0,0.000220342,0.13092767,0.00042791,0.007782213,0.004502635,0,0.001424238,0.005320134,0.003193358
039227-61-7,0.032272938,-0.001674145,0,0.000213523,0.126876064,0.000414668,0.007541389,0.004363299,0,0.001380164,0.005155501,0.003094538
030746-58-8,0.032691598,-0.002072782,0,0.000271675,0.107328526,0.000945833,0.008338085,0.004729163,0,0.001475767,0.003652524,0.003354016
030746-58-8,0.03568369,-0.002262493,0,0.00029654,0.117151748,0.0010324,0.009101226,0.005161999,0,0.001610837,0.00398682,0.003660992
030746-58-8,0.03442345,-0.002182589,0,0.000286067,0.113014303,0.000995939,0.008779799,0.004979693,0,0.001553947,0.003846018,0.003531697
030746-58-8,0.03324919,-0.002108136,0,0.000276309,0.109159134,0.000961965,0.0084803,0.004809824,0,0.001500938,0.003714822,0.003411223
030746-58-8,0.0321524,-0.002038595,0,0.000267194,0.105558304,0.000930233,0.008200561,0.004651163,0,0.001451427,0.003592281,0.003298697
030746-58-8,0.031125659,-0.001973495,0,0.000258662,0.10218745,0.000900527,0.007938688,0.004502635,0,0.001405077,0.003477567,0.003193358
000634-66-2,0.019389569,-0.000224719,0,0.000171055,0,0.000439376,0.000503102,0.004695623,0,-0.000932417,0,0.003354016
000634-66-2,0.021968459,-0.000254608,0,0.000193806,0,0.000497815,0.000570017,0.00532016,0,-0.001056432,0,0.003800114
000634-66-2,0.021164195,-0.000245286,0,0.000186711,0,0.00047959,0.000549149,0.005125389,0,-0.001017756,0,0.003660992
000634-66-2,0.02041674,-0.000236624,0,0.000180117,0,0.000462652,0.000529755,0.004944376,0,-0.000981812,0,0.003531697
000634-66-2,0.01972028,-0.000228552,0,0.000173972,0,0.00044687,0.000511683,0.004775712,0,-0.00094832,0,0.003411223
020020-02-4,0.026097602,-0.001348315,0,0.00044273,0,0.001573034,0.00116049,0.004762703,0,0.000251551,0,0.003354016
103426-97-7,0.030729499,-0.00131142,0,0.000348818,0,0.001053161,0.000774778,0.004762703,0,-0.000120745,0,0.003354016
150224-18-3,0.028385041,-0.001331545,0,0.000419252,0,0.001727318,0.001096763,0.004762703,0,0.000345464,0,0.003354016
150224-18-3,0.029888752,-0.001402084,0,0.000441462,0,0.001818824,0.001154865,0.00501501,0,0.000363765,0,0.003531697
150224-18-3,0.02886918,-0.001354256,0,0.000426403,0,0.00175678,0.00111547,0.004843937,0,0.000351356,0,0.003411223
150224-18-3,0.027916873,-0.001309583,0,0.000412337,0,0.001698829,0.001078674,0.00468415,0,0.000339766,0,0.003298697
150224-18-3,0.027025387,-0.001267763,0,0.00039917,0,0.001644579,0.001044228,0.004534568,0,0.000328916,0,0.003193358
150224-18-3,0.026189076,-0.001228532,0,0.000386817,0,0.001593687,0.001011914,0.004394244,0,0.000318737,0,0.003094538
103426-94-4,0.030729499,-0.001271172,0,0.000432668,0,0.001234278,0.000761362,0.004796244,0,0.000194533,0,0.003354016
103426-94-4,0.031253624,-0.001292853,0,0.000440048,0,0.00125533,0.000774348,0.004878049,0,0.000197851,0,0.003411223
103426-94-4,0.030222662,-0.001250206,0,0.000425532,0,0.001213921,0.000748804,0.004717137,0,0.000191324,0,0.003298697
103426-94-4,0.029257544,-0.001210283,0,0.000411943,0,0.001175156,0.000724892,0.004566502,0,0.000185215,0,0.003193358
103426-94-4,0.028352158,-0.00117283,0,0.000399195,0,0.00113879,0.00070246,0.00442519,0,0.000179483,0,0.003094538
053555-65-0,0.028328023,-0.00114372,0,0.000630555,0,0.002176757,0.001059869,0.004796244,0,0.000271675,0,0.003354016
053555-65-0,0.029828713,-0.001204309,0,0.000663959,0,0.002292071,0.001116016,0.005050327,0,0.000286067,0,0.003531697
053555-65-0,0.028811189,-0.001163227,0,0.00064131,0,0.002213884,0.001077946,0.004878049,0,0.000276309,0,0.003411223
053555-65-0,0.027860795,-0.001124856,0,0.000620155,0,0.002140854,0.001042388,0.004717137,0,0.000267194,0,0.003298697
053555-65-0,0.0269711,-0.001088935,0,0.000600351,0,0.002072489,0.001009101,0.004566502,0,0.000258662,0,0.003193358
053555-65-0,0.026136469,-0.001055238,0,0.000581773,0,0.002008355,0.000977874,0.00442519,0,0.000250658,0,0.003094538
150224-24-1,0.028385041,-0.001217508,0,0.000436022,0,0.001106825,0.000989435,0.004796244,0,0.000311924,0,0.003354016
150224-24-1,0.029888752,-0.001282006,0,0.000459121,0,0.00116546,0.001041851,0.005050327,0,0.000328448,0,0.003531697
150224-24-1,0.02886918,-0.001238274,0,0.000443459,0,0.001125704,0.001006311,0.004878049,0,0.000317244,0,0.003411223
150224-24-1,0.027916873,-0.001197427,0,0.000428831,0,0.00108857,0.000973116,0.004717137,0,0.000306779,0,0.003298697
150224-24-1,0.027025387,-0.001159189,0,0.000415137,0,0.001053808,0.000942041,0.004566502,0,0.000296982,0,0.003193358
150224-24-1,0.026189076,-0.001123317,0,0.00040229,0,0.001021198,0.000912889,0.00442519,0,0.000287792,0,0.003094538
000634-90-2,0.019332551,-7.71E-05,0,0.000171055,0,0.000439376,0.000593661,0.004695623,0,-0.000714406,0,0.003354016
053555-63-8,0.026040584,-0.001318128,0,0.000432668,0,0.001576388,0.001298004,0.004796244,0,0.000201241,0,0.003354016
150224-16-1,0.028328023,-0.001224216,0,0.000523227,0,0.002039242,0.001163844,0.004762703,0,0.000499748,0,0.003354016
150224-23-0,0.028328023,-0.001237632,0,0.000271675,0,0.00081838,0.001153782,0.004796244,0,0.000637263,0,0.003354016
040321-76-4,0.034925373,-0.001811169,0,0.000184471,0.144222707,0.00050981,0.008539326,0.004729163,0,0.001120241,0.005758846,0.003354016
040321-76-4,0.035521064,-0.00184206,0,0.000187617,0.146682586,0.000518506,0.008684974,0.004809824,0,0.001139348,0.00585707,0.003411223
040321-76-4,0.033252435,-0.001724413,0,0.000175635,0.137314386,0.00048539,0.008130289,0.004502635,0,0.001066582,0.005482995,0.003193358
040321-76-4,0.032223426,-0.001671051,0,0.0001702,0.13306514,0.00047037,0.007878694,0.004363299,0,0.001033576,0.005313322,0.003094538
055720-41-7,0.025983565,-0.00119403,0,0.000556767,0,0.001931913,0.001401979,0.004796244,0,0.000811672,0,0.003354016
053555-63-8,0.026040584,-0.001355023,0,0.000436022,0,0.001633406,0.001344961,0.004796244,0,0.000519873,0,0.003354016
000087-61-6,0.017041758,-0.000224719,0,5.03E-05,0,0.000214657,0.000711051,0.004695623,0,-0.00073453,0,0.003354016
000087-61-6,0.019308379,-0.000254608,0,5.70E-05,0,0.000243207,0.000805624,0.00532016,0,-0.000832225,0,0.003800114
000087-61-6,0.018601501,-0.000245286,0,5.49E-05,0,0.000234303,0.00077613,0.005125389,0,-0.000801757,0,0.003660992
000087-61-6,0.017944552,-0.000236624,0,5.30E-05,0,0.000226029,0.00074872,0.004944376,0,-0.000773442,0,0.003531697
000087-61-6,0.017332424,-0.000228552,0,5.12E-05,0,0.000218318,0.000723179,0.004775712,0,-0.000747058,0,0.003411223
050402-52-3,0.023692772,-0.001187322,0,0.000332048,0,0.001167198,0.001509307,0.004762703,0,0.000737884,0,0.003354016
090948-28-0,0.030729499,-0.001049807,0,0.000680865,0,0.002827436,0.000620493,0.004796244,0,0.000674157,0,0.003354016
090948-28-0,0.031253624,-0.001067713,0,0.000692478,0,0.002875661,0.000631076,0.004878049,0,0.000685656,0,0.003411223
090948-28-0,0.030222662,-0.001032492,0,0.000669635,0,0.002780802,0.000610259,0.004717137,0,0.000663038,0,0.003298697
090948-28-0,0.029257544,-0.000999521,0,0.000648252,0,0.002692001,0.000590771,0.004566502,0,0.000641865,0,0.003193358
090948-28-0,0.028352158,-0.00096859,0,0.000628191,0,0.002608696,0.00057249,0.00442519,0,0.000622002,0,0.003094538
150224-19-4,0.028328023,-0.001086701,0,0.000647325,0,0.002331041,0.001059869,0.004796244,0,0.00049304,0,0.003354016
150224-19-4,0.029828713,-0.00114427,0,0.000681618,0,0.002454529,0.001116016,0.005050327,0,0.000519159,0,0.003531697
150224-19-4,0.028811189,-0.001105236,0,0.000658366,0,0.0023708,0.001077946,0.004878049,0,0.00050145,0,0.003411223
150224-19-4,0.027860795,-0.001068778,0,0.000636649,0,0.002292594,0.001042388,0.004717137,0,0.000484908,0,0.003298697
150224-19-4,0.0269711,-0.001034648,0,0.000616318,0,0.002219384,0.001009101,0.004566502,0,0.000469424,0,0.003193358
150224-19-4,0.026136469,-0.00100263,0,0.000597246,0,0.002150704,0.000977874,0.00442519,0,0.000454897,0,0.003094538
150224-25-2,0.028385041,-0.001110179,0,0.00042596,0,0.00117726,0.000952541,0.004796244,0,0.000623847,0,0.003354016
150224-25-2,0.02886918,-0.001129115,0,0.000433225,0,0.001197339,0.000968787,0.004878049,0,0.000634487,0,0.003411223
150224-25-2,0.027916873,-0.001091869,0,0.000418935,0,0.001157843,0.00093683,0.004717137,0,0.000613558,0,0.003298697
150224-25-2,0.027025387,-0.001057001,0,0.000405556,0,0.001120869,0.000906914,0.004566502,0,0.000593965,0,0.003193358
150224-25-2,0.026189076,-0.001024292,0,0.000393006,0,0.001086183,0.000878849,0.00442519,0,0.000575584,0,0.003094538
000095-94-3,0.019332551,-0.000154285,0,0.000171055,0,0.000627201,0.000593661,0.004695623,0,-0.000838504,0,0.003354016
000095-94-3,0.021903857,-0.000174805,0,0.000193806,0,0.000710621,0.00067262,0.00532016,0,-0.000950029,0,0.003800114
000095-94-3,0.021101959,-0.000168406,0,0.000186711,0,0.000684606,0.000647996,0.005125389,0,-0.000915248,0,0.003660992
000095-94-3,0.020356701,-0.000162458,0,0.000180117,0,0.000660427,0.00062511,0.004944376,0,-0.000882924,0,0.003531697
000095-94-3,0.019662289,-0.000156916,0,0.000173972,0,0.000637899,0.000603786,0.004775712,0,-0.000852806,0,0.003411223
006733-54-6,0.026040584,-0.001324836,0,0.000553413,0,0.001774275,0.001214154,0.004796244,0,0.00047627,0,0.003354016
006733-54-6,0.026484735,-0.001347433,0,0.000562852,0,0.001804537,0.001234863,0.004878049,0,0.000484394,0,0.003411223
006733-54-6,0.025611084,-0.001302985,0,0.000544285,0,0.001745011,0.001194128,0.004717137,0,0.000468415,0,0.003298697
006733-54-6,0.02479323,-0.001261376,0,0.000526904,0,0.001689286,0.001155996,0.004566502,0,0.000453457,0,0.003193358
006733-54-6,0.024025994,-0.001222343,0,0.000510599,0,0.001637011,0.001120223,0.00442519,0,0.000439424,0,0.003094538
150224-22-9,0.028328023,-0.001093409,0,0.00044273,0,0.001110179,0.001103471,0.004796244,0,0.000432668,0,0.003354016
150224-22-9,0.029828713,-0.001151333,0,0.000466184,0,0.001168992,0.001161928,0.005050327,0,0.000455589,0,0.003531697
150224-22-9,0.028811189,-0.001112059,0,0.000450281,0,0.001129115,0.001122292,0.004878049,0,0.000440048,0,0.003411223
150224-22-9,0.027860795,-0.001075375,0,0.000435428,0,0.001091869,0.001085271,0.004717137,0,0.000425532,0,0.003298697
150224-22-9,0.0269711,-0.001041035,0,0.000421523,0,0.001057001,0.001050615,0.004566502,0,0.000411943,0,0.003193358
150224-22-9,0.026136469,-0.001008819,0,0.000408479,0,0.001024292,0.001018103,0.00442519,0,0.000399195,0,0.003094538
051570-45-7,0.025983565,-0.001214154,0,0.000597015,0,0.002059366,0.001391917,0.004796244,0,0.000389066,0,0.003354016
051570-45-7,0.027360057,-0.001278474,0,0.000628642,0,0.002168462,0.001465654,0.005050327,0,0.000409677,0,0.003531697
051570-45-7,0.026426744,-0.001234863,0,0.000607198,0,0.002094491,0.001415658,0.004878049,0,0.000395702,0,0.003411223
051570-45-7,0.025555006,-0.001194128,0,0.000587168,0,0.0020254,0.001368959,0.004717137,0,0.000382649,0,0.003298697
051570-45-7,0.024738943,-0.001155996,0,0.000568418,0,0.001960722,0.001325243,0.004566502,0,0.00037043,0,0.003193358
051570-45-7,0.023973387,-0.001120223,0,0.000550828,0,0.001900046,0.001284233,0.00442519,0,0.000358966,0,0.003094538
150224-21-8,0.028385041,-0.001291296,0,0.000352172,0,0.001096763,0.001033037,0.004796244,0,0.00032534,0,0.003354016
150224-21-8,0.029888752,-0.001359703,0,0.000370828,0,0.001154865,0.001087763,0.005050327,0,0.000342575,0,0.003531697
150224-21-8,0.02886918,-0.001313321,0,0.000358178,0,0.00111547,0.001050657,0.004878049,0,0.000330889,0,0.003411223
150224-21-8,0.027916873,-0.001269998,0,0.000346363,0,0.001078674,0.001015999,0.004717137,0,0.000319974,0,0.003298697
150224-21-8,0.027025387,-0.001229443,0,0.000335303,0,0.001044228,0.000983554,0.004566502,0,0.000309756,0,0.003193358
150224-21-8,0.026189076,-0.001191397,0,0.000324927,0,0.001011914,0.000953118,0.00442519,0,0.00030017,0,0.003094538
067922-21-8,0.025983565,-0.0012108,0,0.000372296,0,0.000861982,0.001381855,0.004762703,0,0.000177763,0,0.003354016
006529-87-9,0.026040584,-0.00124434,0,0.000529935,0,0.001958746,0.001230924,0.004796244,0,0.000372296,0,0.003354016
006529-87-9,0.027420095,-0.00131026,0,0.000558008,0,0.002062511,0.001296133,0.005050327,0,0.000392018,0,0.003531697
006529-87-9,0.026484735,-0.001265564,0,0.000538973,0,0.001992154,0.001251919,0.004878049,0,0.000378646,0,0.003411223
006529-87-9,0.025611084,-0.001223817,0,0.000521194,0,0.001926439,0.001210622,0.004717137,0,0.000366155,0,0.003298697
006529-87-9,0.02479323,-0.001184736,0,0.000504551,0,0.001864921,0.001171962,0.004566502,0,0.000354463,0,0.003193358
006529-87-9,0.024025994,-0.001148074,0,0.000488937,0,0.00180721,0.001135695,0.00442519,0,0.000343494,0,0.003094538
000120-82-1,0.016984739,-0.000144223,0,0.000174409,0,0.00040919,0.000754654,0.004695623,0,-0.000647325,0,0.003354016
067922-22-9,0.026040584,-0.001391917,0,0.000258259,0,0.000744592,0.001271172,0.004762703,0,7.71E-05,0,0.003354016
149864-80-2,0.026040584,-0.001230924,0,0.000362234,0,0.000952541,0.001240986,0.004796244,0,0.000352172,0,0.003354016
149864-80-2,0.027420095,-0.001296133,0,0.000381423,0,0.001003002,0.001306728,0.005050327,0,0.000370828,0,0.003531697
149864-80-2,0.026484735,-0.001251919,0,0.000368412,0,0.000968787,0.001262152,0.004878049,0,0.000358178,0,0.003411223
149864-80-2,0.025611084,-0.001210622,0,0.000356259,0,0.00093683,0.001220518,0.004717137,0,0.000346363,0,0.003298697
149864-80-2,0.02479323,-0.001171962,0,0.000344883,0,0.000906914,0.001181542,0.004566502,0,0.000335303,0,0.003193358
149864-80-2,0.024025994,-0.001135695,0,0.00033421,0,0.000878849,0.001144979,0.00442519,0,0.000324927,0,0.003094538
055720-33-7,0.023692772,-0.001398625,0,0.000264967,0,0.000684219,0.001532786,0.004762703,0,0.000127453,0,0.003354016
149864-79-9,0.025983565,-0.001069931,0,0.000550059,0,0.001988932,0.001395271,0.004796244,0,0.000711051,0,0.003354016
051570-44-6,0.023639108,-0.001348315,0,0.000311924,0,0.001267818,0.001814523,0.004796244,0,0.000610431,0,0.003354016
149864-82-4,0.026040584,-0.001271172,0,0.000275029,0,0.00085192,0.001341607,0.004796244,0,0.000452792,0,0.003354016
055720-34-8,0.023639108,-0.001197384,0,0.000539997,0,0.001690424,0.001656884,0.004762703,0,0.000539997,0,0.003354016
000095-50-1,0.016042468,-0.000311184,0,5.49E-05,0,0.000186711,0.000999451,0.005125389,0,-0.000677284,0,0.003660992
000095-50-1,0.015475896,-0.000300194,0,5.30E-05,0,0.000180117,0.000964153,0.004944376,0,-0.000653364,0,0.003531697
000095-50-1,0.014947979,-0.000289954,0,5.12E-05,0,0.000173972,0.000931264,0.004775712,0,-0.000631076,0,0.003411223
000095-50-1,0.0146973,-0.000285091,0,5.03E-05,0,0.000171055,0.000915646,0.004695623,0,-0.000620493,0,0.003354016
000095-50-1,0.0166521,-0.00032301,0,5.70E-05,0,0.000193806,0.001037431,0.00532016,0,-0.000703021,0,0.003800114
000107-06-2,0.008790877,0.000526581,0,0,0,0,0,0,0,0.000137515,0,0.003354016
002050-69-3,0.021348315,-0.001254402,0,0.000335402,0,0.001056515,0.001666946,0.004762703,0,0.000600369,0,0.003354016
053555-64-9,0.025926547,-0.000955895,0,0.000368942,0,0.000972665,0.001455643,0.004796244,0,0.000402482,0,0.003354016
031604-28-1,0.025983565,-0.001271172,0,0.000513165,0,0.001640114,0.001512661,0.004829784,0,0.000865336,0,0.003354016
000108-70-3,0.016931075,1.34E-05,0,5.03E-05,0,0.000211303,0.000892168,0.004662083,0,-0.00030857,0,0.003354016
051570-43-5,0.023639108,-0.001170552,0,0.000439376,0,0.001485829,0.001583096,0.004762703,0,0.000462854,0,0.003354016
051570-43-5,0.0248914,-0.001232562,0,0.000462652,0,0.001564542,0.001666961,0.00501501,0,0.000487374,0,0.003531697
051570-43-5,0.024042299,-0.001190517,0,0.00044687,0,0.001511172,0.001610097,0.004843937,0,0.000470749,0,0.003411223
051570-43-5,0.023249217,-0.001151245,0,0.000432129,0,0.001461323,0.001556985,0.00468415,0,0.00045522,0,0.003298697
051570-43-5,0.022506786,-0.001114482,0,0.00041833,0,0.001414658,0.001507265,0.004534568,0,0.000440683,0,0.003193358
051570-43-5,0.021810305,-0.001079994,0,0.000405384,0,0.00137088,0.001460622,0.004394244,0,0.000427046,0,0.003094538
150224-15-0,0.025926547,-0.001033037,0,0.000201241,0,0.000667449,0.001485829,0.004796244,0,0.000982727,0,0.003354016
000541-73-1,0.014640282,-0.000134161,0,5.03E-05,0,0.000167701,0.001006205,0.004662083,0,-0.000402482,0,0.003354016
003432-57-3,0.026040584,-0.001022975,0,0.000516519,0,0.001898373,0.001133658,0.004796244,0,0.000647325,0,0.003354016
003432-57-3,0.027420095,-0.001077168,0,0.000543881,0,0.00199894,0.001193714,0.005050327,0,0.000681618,0,0.003531697
003432-57-3,0.026484735,-0.001040423,0,0.000525328,0,0.001930752,0.001152993,0.004878049,0,0.000658366,0,0.003411223
003432-57-3,0.025611084,-0.001006103,0,0.000507999,0,0.001867063,0.00111496,0.004717137,0,0.000636649,0,0.003298697
003432-57-3,0.02479323,-0.000973974,0,0.000491777,0,0.001807441,0.001079355,0.004566502,0,0.000616318,0,0.003193358
003432-57-3,0.024025994,-0.000943834,0,0.000476559,0,0.001751509,0.001045954,0.00442519,0,0.000597246,0,0.003094538
002437-55-0,0.023692772,-0.001355023,0,0.000466208,0,0.001391917,0.001532786,0.004796244,0,0.00037565,0,0.003354016
002437-55-0,0.024947907,-0.001426806,0,0.000490906,0,0.001465654,0.001613986,0.005050327,0,0.00039555,0,0.003531697
002437-55-0,0.024096879,-0.001378134,0,0.00047416,0,0.001415658,0.001558929,0.004878049,0,0.000382057,0,0.003411223
002437-55-0,0.023301996,-0.001332674,0,0.000458519,0,0.001368959,0.001507505,0.004717137,0,0.000369454,0,0.003298697
002437-55-0,0.02255788,-0.001290117,0,0.000443877,0,0.001325243,0.001459365,0.004566502,0,0.000357656,0,0.003193358
002437-55-0,0.021859817,-0.001250193,0,0.000430141,0,0.001284233,0.001414204,0.00442519,0,0.000346588,0,0.003094538
055720-43-9,0.025983565,-0.001073285,0,0.000600369,0,0.002502096,0.001314774,0.004796244,0,0.000432668,0,0.003354016
055720-43-9,0.027360057,-0.001130143,0,0.000632174,0,0.002634646,0.001384425,0.005050327,0,0.000455589,0,0.003531697
055720-43-9,0.026426744,-0.001091591,0,0.000610609,0,0.002544772,0.001337199,0.004878049,0,0.000440048,0,0.003411223
055720-43-9,0.025555006,-0.001055583,0,0.000590467,0,0.002460828,0.001293089,0.004717137,0,0.000425532,0,0.003298697
055720-43-9,0.024738943,-0.001021875,0,0.000571611,0,0.002382245,0.001251796,0.004566502,0,0.000411943,0,0.003193358
055720-43-9,0.023973387,-0.000990252,0,0.000553922,0,0.002308525,0.001213059,0.00442519,0,0.000399195,0,0.003094538
002437-54-9,0.023639108,-0.001224216,0,0.000607077,0,0.002002348,0.001633406,0.004796244,0,0.000486332,0,0.003354016
002437-54-9,0.0248914,-0.001289069,0,0.000639237,0,0.002108423,0.001719936,0.005050327,0,0.000512096,0,0.003531697
002437-54-9,0.024042299,-0.001245096,0,0.000617431,0,0.0020365,0.001661266,0.004878049,0,0.000494627,0,0.003411223
002437-54-9,0.023249217,-0.001204024,0,0.000597064,0,0.001969322,0.001606465,0.004717137,0,0.000478311,0,0.003298697
002437-54-9,0.022506786,-0.001165576,0,0.000577998,0,0.001906435,0.001555165,0.004566502,0,0.000463037,0,0.003193358
002437-54-9,0.021810305,-0.001129506,0,0.000560111,0,0.001847439,0.00150704,0.00442519,0,0.000448708,0,0.003094538
NONE,0.018869696,0.000633909,0,9.73E-05,0,0.000368942,0.009122925,0.00402482,0,-0.00112695,0.006379339,0.003354016
000106-37-6,0.016575549,-0.00083515,0,0.000586953,0,0.002274023,0.001006205,0.004695623,0,0.001103471,0,0.003354016
000106-46-7,0.014640282,-0.000150931,0,0.000177763,0,0.000368942,0.001009559,0.004662083,0,-0.000553413,0,0.003354016
001825-31-6,0.021348315,-0.00119403,0,0.000452792,0,0.001398625,0.001542848,0.004796244,0,0.000429314,0,0.003354016
001825-31-6,0.022479251,-0.001257284,0,0.000476779,0,0.001472718,0.001624581,0.005050327,0,0.000452057,0,0.003531697
001825-31-6,0.021712434,-0.001214395,0,0.000460515,0,0.00142248,0.001569163,0.004878049,0,0.000436637,0,0.003411223
001825-31-6,0.020996206,-0.001174336,0,0.000445324,0,0.001375557,0.001517401,0.004717137,0,0.000422233,0,0.003298697
001825-31-6,0.020325722,-0.001136835,0,0.000431103,0,0.00133163,0.001468945,0.004566502,0,0.00040875,0,0.003193358
001825-31-6,0.019696735,-0.001101656,0,0.000417763,0,0.001290422,0.001423488,0.00442519,0,0.000396101,0,0.003094538
001825-30-5,0.021348315,-0.001358377,0,0.000439376,0,0.00124434,0.001713902,0.004762703,0,0.000365588,0,0.003354016
055720-39-3,0.023639108,-0.001170552,0,0.000529935,0,0.001814523,0.001640114,0.004796244,0,0.000633909,0,0.003354016
865-86-1,0.012782157,-0.000771424,0.003354016,0.000107329,0,0.00034211,0.094070099,0,0,-0.000472916,0.042424954,0.003354016
000628-05-7,0.01432165,0.000550059,0,9.39E-05,0,0.000352172,0.005168539,0.00402482,0,-0.0019621,3.35E-06,0.003354016
039227-53-7,0.025597853,-0.002149925,0,0.000204595,0.023478115,0.000516519,0.008438705,0.004729163,0,0.001834647,4.02E-05,0.003354016
039227-53-7,0.026953911,-0.002263818,0,0.000215434,0.024721879,0.000543881,0.00888575,0.004979693,0,0.001931838,4.24E-05,0.003531697
039227-53-7,0.026034453,-0.002186594,0,0.000208085,0.02387856,0.000525328,0.008582637,0.004809824,0,0.001865939,4.09E-05,0.003411223
039227-53-7,0.025175656,-0.002114465,0,0.000201221,0.023090879,0.000507999,0.008299522,0.004651163,0,0.001804387,3.96E-05,0.003298697
039227-53-7,0.024371707,-0.002046942,0,0.000194795,0.022353505,0.000491777,0.008034488,0.004502635,0,0.001746767,3.83E-05,0.003193358
000109-69-3,0.009283917,0.000566829,0,0.000164347,0,0.000405836,0.000258259,0,0,-0.001489183,0,0.003354016
000090-13-1,0.019003857,-0.001398625,0,0.00034211,0,0.000955895,0.002032534,0.004762703,0,0.000526581,0,0.003354016
000540-54-5,0.007606909,0.000449438,0,0,0,0,0.000241489,0,0,-0.000811672,0,0.003354016
000003-82-3,0.01432165,0.000362234,0.003354016,0.000103975,0,0.00035888,0.004896864,0.00402482,0,-0.000989435,0,0.003354016
000006-01-5,0.038202247,-0.002287439,0,0.00032534,0,0.000825088,0.182153279,0.004729163,0,0.002807312,0.009958075,0.003354016
052663-69-1,0.044772765,-0.002277377,0,0.000550059,0,0.001747443,0.176397786,0.004729163,0,0.004095254,0.15503941,0.003354016
052663-69-1,0.043319812,-0.002203472,0,0.000532208,0,0.001690735,0.170673373,0.004575694,0,0.003962356,0.150008113,0.003245173
052663-69-1,0.041958196,-0.002134213,0,0.00051548,0,0.001637592,0.165308817,0.004431872,0,0.003837812,0.145293101,0.003143171
182346-21-0,0.038145229,-0.003203086,0,0.00034211,0,0.000771424,0.19798759,0.004729163,0,0.003689418,0.023934261,0.003354016
182346-21-0,0.039469027,-0.003314246,0,0.000353982,0,0.000798195,0.204858581,0.004893285,0,0.003817456,0.024764879,0.003470415
182346-21-0,0.03690735,-0.00309914,0,0.000331008,0,0.00074639,0.191562551,0.004575694,0,0.00356969,0.023157553,0.003245173
182346-21-0,0.035747289,-0.003001729,0,0.000320603,0,0.000722929,0.185541411,0.004431872,0,0.003457489,0.022429672,0.003143171
000006-01-7,0.041401979,-0.002217005,0,0.000573537,0,0.001583096,0.01336911,0.004729163,0,0.003974509,0.179865839,0.003354016
000006-01-7,0.042838799,-0.002293944,0,0.000593441,0,0.001638036,0.013833073,0.004893285,0,0.004112441,0.18610793,0.003470415
000006-01-7,0.040058413,-0.002145059,0,0.000554925,0,0.001531722,0.012935259,0.004575694,0,0.00384553,0.174028882,0.003245173
000006-01-7,0.038799309,-0.002077636,0,0.000537482,0,0.001483577,0.012528681,0.004431872,0,0.003724658,0.168558856,0.003143171
207122-15-4,0.042838799,-0.002852681,0,0.00058303,0,0.001481867,0.023168489,0.004893285,0,0.004393545,0.06686448,0.003470415
207122-15-4,0.041401979,-0.002757002,0,0.000563475,0,0.001432165,0.022391414,0.004729163,0,0.004246185,0.064621835,0.003354016
207122-15-4,0.040058413,-0.002667532,0,0.000545189,0,0.001385689,0.021664774,0.004575694,0,0.004108389,0.062524744,0.003245173
207122-15-4,0.038799309,-0.002583687,0,0.000528053,0,0.001342134,0.020983813,0.004431872,0,0.003979255,0.060559485,0.003143171
060348-60-9,0.039410029,-0.002130835,0,0.000600382,0,0.001332639,0.013086934,0.004893285,0,0.004004859,0.049970501,0.003470415
060348-60-9,0.038088211,-0.002059366,0,0.000580245,0,0.001287942,0.012647996,0.004729163,0,0.003870535,0.048294483,0.003354016
060348-60-9,0.036852182,-0.001992536,0,0.000561415,0,0.001246146,0.012237547,0.004575694,0,0.003744929,0.046727243,0.003245173
060348-60-9,0.035693855,-0.001929907,0,0.000543769,0,0.001206978,0.0118529,0.004431872,0,0.00362722,0.045258526,0.003143171
189084-64-8,0.039410029,-0.002484817,0,0.000378275,0,0.000937012,0.035693215,0.004858581,0,0.003803575,0.03723755,0.003470415
189084-64-8,0.038088211,-0.002401476,0,0.000365588,0,0.000905584,0.034496059,0.004695623,0,0.003676002,0.035988596,0.003354016
189084-64-8,0.036852182,-0.002323544,0,0.000353724,0,0.000876197,0.033376602,0.004543242,0,0.003556709,0.034820704,0.003245173
189084-64-8,0.035693855,-0.002250511,0,0.000342606,0,0.000848656,0.032327518,0.00440044,0,0.003444916,0.03372623,0.003143171
005436-43-1,0.034774442,-0.001868187,0,0.000382358,0,0.000811672,0.010632232,0.004695623,0,0.003853765,0.032611102,0.003354016
005436-43-1,0.03598126,-0.001933021,0,0.000395627,0,0.00083984,0.011001215,0.004858581,0,0.003987507,0.033742842,0.003470415
005436-43-1,0.033645952,-0.001807561,0,0.00036995,0,0.000785332,0.010287198,0.004543242,0,0.003728704,0.031552815,0.003245173
005436-43-1,0.032588402,-0.001750747,0,0.000358322,0,0.000760647,0.009963854,0.00440044,0,0.003611504,0.030561056,0.003143171
000006-00-5,0.031517692,-0.001576388,0,0.000385712,0,0.000811672,0.010659064,0.004695623,0,0.002917994,0.021516015,0.003354016
000006-00-5,0.032611487,-0.001631095,0,0.000399098,0,0.00083984,0.011028978,0.004858581,0,0.003019261,0.02226271,0.003470415
000006-00-5,0.030494889,-0.001525231,0,0.000373195,0,0.000785332,0.010313159,0.004543242,0,0.0028233,0.020817784,0.003245173
000006-00-5,0.029536382,-0.001477291,0,0.000361465,0,0.000760647,0.009988999,0.00440044,0,0.002734559,0.020163445,0.003143171
182677-30-1,0.041458997,-0.003427805,0,0.00042596,0,0.00076807,0.14866007,0.004762703,0,0.003551903,0.024182458,0.003354016
182677-30-1,0.038852742,-0.003212321,0,0.000399183,0,0.000719786,0.139314789,0.004463303,0,0.003328619,0.022662266,0.003143171
000006-01-6,0.038088211,-0.002639611,0,0.000429314,0,0.000845212,0.017380513,0.004729163,0,0.003826933,0.030749623,0.003354016
000006-01-4,0.034774442,-0.002414892,0,0.000338756,0,0.000731176,0.009022304,0.004729163,0,0.002699983,0.049250377,0.003354016
000006-01-4,0.03598126,-0.002498699,0,0.000350512,0,0.00075655,0.009335416,0.004893285,0,0.002793684,0.05095957,0.003470415
000006-01-4,0.033645952,-0.002336524,0,0.000327762,0,0.000707448,0.008729515,0.004575694,0,0.002612364,0.047652117,0.003245173
000006-01-4,0.032588402,-0.002263083,0,0.00031746,0,0.000685211,0.008455131,0.004431872,0,0.002530253,0.04615433,0.003143171
000006-01-2,0.034774442,-0.002552407,0,0.000422606,0,0.000845212,0.010253228,0.004695623,0,0.0031729,0.011675331,0.003354016
000006-00-6,0.031574711,-0.002260607,0,0.000328694,0,0.000674157,0.124541338,0.004695623,0,0.001975516,0.001821231,0.003354016
034588-40-4,0.025926547,-0.001217508,0,0.000315278,0,0.001318128,0.001485829,0.004762703,0,0.0007513,0,0.003354016
51207-31-9,0.032520543,-0.001723964,0,0.000150931,0.120744592,0.000898876,0.008881436,0.004729163,0,0.001012913,0.005577729,0.003354016
51207-31-9,0.033075217,-0.001753369,0,0.000153505,0.122804025,0.000914208,0.009032918,0.004809824,0,0.001030189,0.005672864,0.003411223
51207-31-9,0.030962797,-0.001641386,0,0.000143701,0.114960881,0.00085582,0.008456011,0.004502635,0,0.000964394,0.005310554,0.003193358
51207-31-9,0.030004642,-0.001590593,0,0.000139254,0.111403373,0.000829336,0.008194337,0.004363299,0,0.000934551,0.005146217,0.003094538
51207-31-9,0.030900553,-0.001355023,0,0.000137515,0.060372296,0.000415898,0.01103136,0.004863324,0,0.0012108,0,0.003354016
001746-01-6,0.032537524,-0.001426806,0,0.0001448,0.063570546,0.00043793,0.011615751,0.005120961,0,0.001274943,0,0.003531697
001746-01-6,0.031427597,-0.001378134,0,0.00013986,0.061402013,0.000422992,0.011219512,0.004946273,0,0.001231451,0,0.003411223
001746-01-6,0.030390896,-0.001332674,0,0.000135247,0.059376546,0.000409038,0.010849414,0.004783111,0,0.00119083,0,0.003298697
001746-01-6,0.029420406,-0.001290117,0,0.000130928,0.057480441,0.000395976,0.010502954,0.004630369,0,0.001152802,0,0.003193358
033857-28-2,0.030176086,-0.001851417,0,0.000137515,0.090558444,0.000422606,0.009173235,0.004729163,0,0.001187322,0.004182458,0.003354016
033857-28-2,0.032937946,-0.002020868,0,0.000150101,0.098846787,0.000461285,0.010012813,0.005161999,0,0.001295991,0.004565257,0.003660992
033857-28-2,0.031774678,-0.001949497,0,0.0001448,0.095355818,0.000444994,0.009659191,0.004979693,0,0.001250221,0.004404026,0.003531697
033857-28-2,0.030690773,-0.001882995,0,0.00013986,0.092103019,0.000429814,0.009329695,0.004809824,0,0.001207573,0.004253795,0.003411223
033857-28-2,0.029678377,-0.001820881,0,0.000135247,0.089064819,0.000415636,0.009021936,0.004651163,0,0.001167739,0.004113475,0.003298697
033857-28-2,0.02873064,-0.001762734,0,0.000130928,0.086220661,0.000402363,0.008733834,0.004502635,0,0.001130449,0.003982117,0.003193358
000006-01-3,0.034774442,-0.002394768,0,0.000436022,0,0.000788194,0.016203253,0.004695623,0,0.003028677,0.042746939,0.003354016
041318-75-6,0.031460674,-0.002183465,0,0.000365588,0,0.000684219,0.007858461,0.004695623,0,0.002502096,0.043521717,0.003354016
041318-75-6,0.03255249,-0.00225924,0,0.000378275,0,0.000707965,0.008131182,0.004858581,0,0.002588929,0.045032101,0.003470415
041318-75-6,0.030439721,-0.002112607,0,0.000353724,0,0.000662015,0.00760344,0.004543242,0,0.002420899,0.042109362,0.003245173
041318-75-6,0.029482948,-0.002046205,0,0.000342606,0,0.000641207,0.007364451,0.00440044,0,0.002344806,0.040785793,0.003143171
000006-00-7,0.031517692,-0.002307563,0,0.000432668,0,0.000781486,0.016337414,0.004695623,0,0.002304209,0.016847225,0.003354016
000006-00-9,0.031517692,-0.002592655,0,0.000439376,0,0.000781486,0.029931243,0.004695623,0,0.002790542,0.029669629,0.003354016
000006-00-3,0.028203924,-0.00197887,0,0.000368942,0,0.000684219,0.009156465,0.004695623,0,0.001968808,0.006178098,0.003354016
000006-00-0,0.028203924,-0.00204595,0,0.000368942,0,0.000684219,0.006882442,0.004695623,0,0.002002348,0.013073956,0.003354016
000006-00-2,0.028260942,-0.002072782,0,0.000439376,0,0.000774778,0.009921181,0.004695623,0,0.001737381,1.68E-05,0.003354016
033857-26-0,0.027831628,-0.001844709,0,0.000144223,0.060372296,0.000697635,0.009387892,0.004729163,0,0.001465705,0.002790542,0.003354016
033857-26-0,0.029306022,-0.001942433,0,0.000151863,0.063570546,0.000734593,0.00988522,0.004979693,0,0.001543352,0.002938372,0.003531697
033857-26-0,0.028306328,-0.001876173,0,0.000146683,0.061402013,0.000709534,0.009548013,0.004809824,0,0.001490704,0.002838137,0.003411223
033857-26-0,0.027372588,-0.001814283,0,0.000141844,0.059376546,0.000686129,0.009233053,0.004651163,0,0.001441531,0.002744516,0.003298697
033857-26-0,0.026498483,-0.001756347,0,0.000137314,0.057480441,0.000664218,0.008938209,0.004502635,0,0.001395497,0.002656874,0.003193358
002198-77-8,0.021234278,-0.001220862,0,0.000335402,0,0.001016267,0.001968808,0.004829784,0,0.001240986,0,0.003354016
038964-22-6,0.027831628,-0.001838001,0,0.000154285,0.060372296,0.000690927,0.009387892,0.004729163,0,0.001445581,0.002790542,0.003354016
038964-22-6,0.029306022,-0.00193537,0,0.000162458,0.063570546,0.00072753,0.00988522,0.004979693,0,0.001522161,0.002938372,0.003531697
038964-22-6,0.028306328,-0.00186935,0,0.000156916,0.061402013,0.000702712,0.009548013,0.004809824,0,0.001470237,0.002838137,0.003411223
038964-22-6,0.027372588,-0.001807686,0,0.00015174,0.059376546,0.000679532,0.009233053,0.004651163,0,0.001421738,0.002744516,0.003298697
038964-22-6,0.026498483,-0.00174996,0,0.000146894,0.057480441,0.000657832,0.008938209,0.004502635,0,0.001376337,0.002656874,0.003193358
000091-58-7,0.018946839,-0.001291296,0,0.000191179,0,0.000647325,0.002146571,0.004762703,0,0.000861982,0,0.003354016
000078-82-0,0.007613617,0.000137515,0,0,0,0,0.007851752,0,0,-0.000979373,0,0.003354016
000069-72-7,0.015814187,-0.001425457,0.006708033,0.000177763,0,0.000650679,0.008431997,0.004997484,0,0.00073453,0,0.003354016
000078-83-1,0.007613617,-7.38E-05,0.003354016,0.000157639,0,0.000117391,0.001992286,0,0,-0.00083515,0,0.003354016
000075-65-0,0.006708033,0.000231427,0.003354016,0,0,0,0.001898373,0,0,-0.000231427,0,0.003354016
6/1/25,0.024947174,-0.001985578,0,0.000365588,0,0.000670803,0.010199564,0.004695623,0,0.001791045,2.35E-05,0.003354016
147794-11-4,0.012161664,4.70E-05,0.003354016,0.000171055,0,0.000402482,0.011480798,0.00399128,0,-0.000187825,0,0.003354016
020266-65-3,0.013966124,6.04E-05,0.003354016,0.000134161,0,0.000449438,0.0053027,0.00399128,0,-0.001348315,0,0.003354016
000003-82-1,0.013838672,6.04E-05,0.003354016,0.000114037,0,0.00035888,0.005560959,0.00402482,0,-0.001076639,0,0.003354016
000003-82-4,0.01551568,0.000150931,0.003354016,0.00010062,0,0.000321986,0.005936609,0.00402482,0,-0.001871541,0,0.003354016
NONE,0.038088211,-0.002344457,0,0.000157639,0,0.000654033,0.00603723,0.004729163,0,0.00329029,0.144849908,0.003354016
NONE,0.039410029,-0.00242582,0,0.000163109,0,0.000676731,0.006246746,0.004893285,0,0.003404477,0.1498768,0.003470415
NONE,0.036852182,-0.002268376,0,0.000152523,0,0.000632809,0.005841311,0.004575694,0,0.003183515,0.140149278,0.003245173
NONE,0.035693855,-0.002197077,0,0.000147729,0,0.000612918,0.005657709,0.004431872,0,0.003083451,0.135744146,0.003143171
000006-01-1,0.034774442,-0.002186819,0,0.000171055,0,0.000556767,0.010132484,0.004729163,0,0.002753647,0.081884957,0.003354016
000006-01-1,0.03598126,-0.00226271,0,0.000176991,0,0.000576089,0.010484123,0.004893285,0,0.00284921,0.084726705,0.003470415
000006-01-1,0.033645952,-0.002115853,0,0.000165504,0,0.000538699,0.009803667,0.004575694,0,0.002664287,0.079227649,0.003245173
000006-01-1,0.032588402,-0.002049348,0,0.000160302,0,0.000521766,0.009495521,0.004431872,0,0.002580544,0.076737388,0.003143171
000006-00-8,0.031460674,-0.001881603,0,0.000167701,0,0.000550059,0.009988261,0.004729163,0,0.0024216,0.038842864,0.003354016
000006-01-0,0.031460674,-0.002196881,0,0.000174409,0,0.000489686,0.008670132,0.004729163,0,0.002220359,0.043203086,0.003354016
000006-00-4,0.028146906,-0.00172061,0,0.000174409,0,0.000462854,0.010384035,0.004695623,0,0.002032534,0.037414053,0.003354016
000006-00-1,0.028203924,-0.001780983,0,0.000171055,0,0.000469562,0.010253228,0.004729163,0,0.001777629,0.022320979,0.003354016
000123-51-3,0.009290626,0.000201241,0.003354016,0.000140869,0,0.000335402,0.002176757,0,0,-0.00156968,0,0.003354016
000563-80-4,0.008864665,0.000201241,0,0.000107329,0,0.000285091,0.003840349,0,0,-0.001458997,0,0.003354016
000005-99-9,0.024890156,-0.001784337,0,0.000174409,0,0.000472916,0.007016602,0.004695623,0,0.000979373,0,0.003354016
002050-47-7,0.028146906,-0.002217005,0,0.000177763,0,0.000439376,0.005852759,0.004729163,0,0.002203589,0.045379842,0.003354016
2043-47-2,0.007751132,-0.00080161,0.003354016,0.000110683,0,0.00044273,0.041257756,0,0,5.03E-05,0,0.003354016
000062-44-2,0.020861982,-0.001059869,0.003354016,0.000150931,0,0.00039242,0.003293644,0.004695623,0,0.000925709,0.003102465,0.003354016
000099-96-7,0.015757169,-0.001321482,0.006708033,0.000171055,0,0.000489686,0.002928056,0.004997484,0,0.000794902,0,0.003354016
647-42-7,0.00942814,-0.000620493,0.003354016,0.000110683,0,0.000382358,0.059808821,0,0,-0.001526077,0.006490022,0.003354016
678-39-7,0.011105148,-0.000627201,0.003354016,0.000117391,0,0.000385712,0.072111353,0,0,0.000204595,0.021016267,0.003354016
000083-32-9,0.019953044,-0.001059869,0,0.000144223,0,0.000680865,0.00294818,0.004762703,0,0.001012913,0,0.003354016
000208-96-8,0.019953044,-0.001797753,0,9.73E-05,0,0.000355526,0.004729163,0.004930404,0,0.001180614,0,0.003354016
000064-19-7,0.005809156,7.71E-05,0.003354016,0,0,0,5.37E-05,0,0,0.000140869,0,0.003354016
000075-05-8,0.004742579,0.000241489,0,0,0,0,0,0,0,-2.01E-05,0,0.003354016
000319-84-6,0.024135502,0.001093409,0,0.000254905,0,0.000855274,0.001401979,0,0,0.000550059,0,0.003354016
000319-84-6,0.025870933,0.001172029,0,0.000273234,0,0.000916772,0.001502786,0,0,0.00058961,0,0.003595182
000319-84-6,0.025414091,0.001151333,0,0.000268409,0,0.000900583,0.001476249,0,0,0.000579198,0,0.003531697
000319-84-6,0.024973104,0.001131355,0,0.000263752,0,0.000884956,0.001450633,0,0,0.000569148,0,0.003470415
000319-84-6,0.02454716,0.001112059,0,0.000259253,0,0.000869862,0.001425891,0,0,0.000559441,0,0.003411223
000309-00-2,0.033047124,0.002156633,0,0.000389066,0,0.001375147,0.121046453,0,0,0.001093409,0,0.003354016
000309-00-2,0.035423333,0.002311702,0,0.000417041,0,0.001474025,0.129750135,0,0,0.001172029,0,0.003595182
000309-00-2,0.03479781,0.002270881,0,0.000409677,0,0.001447996,0.127458944,0,0,0.001151333,0,0.003531697
000309-00-2,0.034193996,0.002231477,0,0.000402568,0,0.00142287,0.125247267,0,0,0.001131355,0,0.003470415
000309-00-2,0.033610779,0.002193416,0,0.000395702,0,0.001398601,0.123111035,0,0,0.001112059,0,0.003411223
000959-98-8,0.036763374,0.002277377,0.003354016,0.000456146,0.335401643,0.001247694,0.124578232,0,0,-0.001791045,0,0.003354016
000959-98-8,0.039406795,0.002441129,0.003595182,0.000488945,0.359518246,0.001337408,0.133535862,0,0,-0.001919827,0,0.003595182
000959-98-8,0.038710931,0.002398022,0.003531697,0.000480311,0.353169698,0.001313791,0.131177821,0,0,-0.001885926,0,0.003531697
000959-98-8,0.038039216,0.002356412,0.003470415,0.000471976,0.347041471,0.001290994,0.128901614,0,0,-0.001853201,0,0.003470415
000959-98-8,0.037390414,0.00231622,0.003411223,0.000463926,0.341122292,0.001268975,0.126703053,0,0,-0.001821593,0,0.003411223
000100-66-3,0.013187993,-0.000778132,0,0.000164347,0,0.000523227,0.002978367,0.004695623,0,0.000969311,0,0.003354016
000120-12-7,0.023253396,-0.002428308,0,0.000157639,0,0.000623847,0.003508301,0.004829784,0,0.001874895,0,0.003354016
000056-55-3,0.029904411,-0.00318967,0,0.000187825,0,0.00047627,0.004256247,0.004863324,0,0.002220359,0.000794902,0.003354016
000071-43-2,0.010062049,-0.000523227,0,1.68E-05,0,5.70E-05,0.00124434,0.004662083,0,-0.00037565,0,0.003354016
000050-32-8,0.033258427,-0.004212645,0,0.000258259,0,0.000563475,0.005205434,0.004963944,0,0.002646319,0.000855274,0.003354016
000205-99-2,0.033315445,-0.003146067,0,0.000221365,0,0.000335402,0.006704679,0.004930404,0,0.003008553,0.003981218,0.003354016
000191-24-2,0.036612443,-0.005158477,0,0.000187825,0,0.000623847,0.005886299,0.004762703,0,0.00320644,0,0.003354016
000207-08-9,0.033258427,-0.003166192,0,0.000140869,0,0.000268321,0.006949522,0.004930404,0,0.00329029,0.006744927,0.003354016
319-85-7 ,0.024135502,0.000687573,0,0.000191179,0,0.000798256,0.000573537,0,0,0.001633406,0,0.003354016
319-85-7 ,0.025870933,0.000737012,0,0.000204925,0,0.000855653,0.000614776,0,0,0.001750854,0,0.003595182
319-85-7 ,0.024973104,0.000711435,0,0.000197814,0,0.000825959,0.000593441,0,0,0.001690092,0,0.003470415
319-85-7 ,0.02454716,0.000699301,0,0.00019444,0,0.000811871,0.000583319,0,0,0.001661266,0,0.003411223
319-85-7 ,0.023352264,0.00066526,0,0.000184975,0,0.000772351,0.000554925,0,0,0.001580399,0,0.003245173
000092-52-4,0.020010062,-0.001375147,0,0.000197887,0,0.000674157,0.002263961,0.004930404,0,-0.000107329,0,0.003354016
000071-36-3,0.008096596,0.000268321,0.003354016,7.04E-05,0,0.000271675,0.000261613,0,0,-0.000892168,0,0.003354016
000123-72-8,0.008096596,0.000382358,0,8.72E-05,0,0.000214657,0.003810163,0,0,-0.001408687,0,0.003354016
000078-93-3,0.007613617,0.00032534,0,6.04E-05,0,0.000238135,0.000560121,0,0,-0.001053161,0,0.003354016
000109-74-0,0.008096596,0.000231427,0,0.000127453,0,0.000228073,0.00441724,0,0,-0.001341607,0,0.003354016
000123-86-4,0.012644642,0.000372296,0,0.000117391,0,0.000355526,0.003062217,0,0.003354016,-0.001874895,0,0.003354016
000108-90-7,0.012352843,-0.000311924,0,5.03E-05,0,0.000117391,0.001123596,0.004662083,0,-0.000365588,0,0.003354016
000218-01-9,0.029961429,-0.0028811,0,0.000224719,0,0.000610431,0.003997988,0.004829784,0,0.002317625,0.000573537,0.003354016
005103-71-9,0.034442395,0.000711051,0,0.00076807,0,0.001589804,0.094207614,0,0,0.000700989,0,0.003354016
005103-71-9,0.036918929,0.000762179,0,0.000823297,0,0.001704116,0.100981485,0,0,0.000751393,0,0.003595182
005103-71-9,0.036266996,0.00074872,0,0.000808759,0,0.001674024,0.099198305,0,0,0.000738125,0,0.003531697
005103-71-9,0.035637689,0.000735728,0,0.000794725,0,0.001644977,0.097477009,0,0,0.000725317,0,0.003470415
005103-71-9,0.035029848,0.000723179,0,0.00078117,0,0.00161692,0.095814429,0,0,0.000712946,0,0.003411223
005103-73-1,0.036843871,0.003146067,0,0.000620493,0,0.002485326,0.112383029,0,0,-0.000345464,0,0.003354016
005103-73-1,0.039493079,0.003372281,0,0.000665109,0,0.00266403,0.120463779,0,0,-0.000370304,0,0.003595182
005103-73-1,0.038122506,0.003255249,0,0.000642027,0,0.002571577,0.116283186,0,0,-0.000357453,0,0.003470415
005103-73-1,0.037472284,0.003199727,0,0.000631076,0,0.002527716,0.114299846,0,0,-0.000351356,0,0.003411223
005103-73-1,0.035648223,0.003043972,0,0.000600357,0,0.002404673,0.108736005,0,0,-0.000334253,0,0.003245173
000108-93-0,0.011383532,-0.000533289,0.003354016,0.000110683,0,0.000231427,0.004112024,0,0,-0.002518866,0,0.003354016
000120-92-3,0.009706524,3.35E-05,0,0,0,0,0.003407681,0,0,0.000660741,0,0.003354016
000434-90-2,0.014532953,-0.003994634,0,0.000171055,0,0.000664095,0.016696294,0.005031025,0,0.003541841,0.021284588,0.003354016
319-86-8,0.024135502,0.000677511,0,0.000264967,0,0.000861982,0.001026329,0,0,0.00080161,0,0.003354016
319-86-8,0.025870933,0.000726227,0,0.000284019,0,0.000923962,0.001100126,0,0,0.000859249,0,0.003595182
319-86-8,0.024973104,0.000701024,0,0.000274163,0,0.000891897,0.001061947,0,0,0.000829429,0,0.003470415
319-86-8,0.02454716,0.000689067,0,0.000269487,0,0.000876684,0.001043834,0,0,0.000815282,0,0.003411223
319-86-8,0.023352264,0.000655525,0,0.000256369,0,0.000834009,0.000993023,0,0,0.000775596,0,0.003245173
000053-70-3,0.036555425,-0.00373302,0,0.000181117,0,0.000399128,0.004890156,0.004829784,0,0.003085695,0.00284756,0.003354016
000074-95-3,0.009485158,-0.000251551,0,0,0,0,0,0,0,0.000234781,0,0.003354016
000142-96-1,0.014804629,0.000610431,0,6.37E-05,0,0.000191179,0.000848566,0,0,-0.002975013,0.000107329,0.003354016
000075-09-2,0.007113869,0.000372296,0,0,0,0,0,0,0,0.000466208,0,0.003354016
000060-57-1,0.034724132,0.001022975,0,0.000362234,0.114036559,0.001381855,0.123961093,0,0,0.000261613,0,0.003354016
000060-57-1,0.035929204,0.001058476,0,0.000374805,0.1179941,0.001429811,0.128263057,0,0,0.000270692,0,0.003470415
000060-57-1,0.033597274,0.000989778,0,0.000350479,0.110335875,0.001337011,0.119938342,0,0,0.000253123,0,0.003245173
000060-57-1,0.032541254,0.000958667,0,0.000339463,0.10686783,0.001294987,0.116168474,0,0,0.000245167,0,0.003143171
000060-29-7,0.008096596,0.000281737,0,0.00010062,0,0.000432668,0.000402482,0,0,-0.001281234,0,0.003354016
000628-55-7,0.013838672,0.000332048,0,0.000124099,0,0.000221365,0.00405836,0,0,-0.0012108,0,0.003354016
000108-20-3,0.010484655,0.000305215,0,0.000194533,0,0.00050981,0.00283079,0,0,-0.000654033,0,0.003354016
000127-19-5,0.008864665,-0.000114037,0,0.000137515,0,0.000389066,0.003924199,0,0,-0.000690927,0,0.003354016
000068-12-2,0.007613617,-2.01E-05,0,0,0,0,0.003836995,0,0,-0.000368942,0,0.003354016
000067-68-5,0.008713735,0.000291799,0,0,0,0,0.000224719,0,0,0.000412544,0,0.003354016
000123-91-1,0.010062049,0.000134161,0,4.70E-05,0,0.00010062,0.001391917,0,0,-0.000221365,0,0.003354016
000639-65-2,0.018158645,0.00076807,0,5.70E-05,0,0.000184471,0.000848566,0,0,-0.004199229,0.000197887,0.003354016
000122-39-4,0.021630052,-0.001757505,0.003354016,0.000174409,0,0.00042596,0.004531276,0.004729163,0,0.000140869,2.35E-05,0.003354016
000111-43-3,0.011450612,0.000489686,0,8.72E-05,0,0.000244843,0.000815026,0,0,-0.001864833,2.01E-05,0.003354016
000072-20-8,0.034724132,0.002005702,0,0.000379004,0.114036559,0.001415395,0.167989267,0,0,0.001348315,0,0.003354016
000072-20-8,0.037220924,0.002149919,0,0.000406256,0.122236203,0.001517167,0.180068308,0,0,0.001445263,0,0.003595182
000072-20-8,0.035929204,0.002075308,0,0.000392157,0.1179941,0.001464515,0.173819191,0,0,0.001395107,0,0.003470415
000072-20-8,0.035316391,0.002039911,0,0.000385468,0.115981579,0.001439536,0.170854511,0,0,0.001371312,0,0.003411223
000072-20-8,0.033597274,0.001940613,0,0.000366705,0.110335875,0.001369463,0.162537725,0,0,0.001304559,0,0.003245173
000064-17-5,0.004742579,4.36E-05,0.003354016,0,0,0,0.00010062,0,0,0,0,0.003354016
000141-78-6,0.009290626,0.000305215,0,0.000107329,0,0.000486332,0.000405836,0,0.003354016,-0.00078484,0,0.003354016
000105-54-4,0.012772095,0.000355526,0,0.000150931,0,0.000365588,0.005175247,0,0.003354016,-0.002582593,0,0.003354016
000109-94-4,0.008096596,0.000231427,0,0.000127453,0,0.00034211,0.002481972,0,0.003354016,-0.001033037,0,0.003354016
000105-37-3,0.011095086,0.000321986,0,0.000124099,0,0.000395774,0.000607077,0,0.003354016,-0.000570183,0,0.003354016
000206-44-0,0.026661077,-0.002139862,0,0.000171055,0,0.000412544,0.006251887,0.004930404,0,0.002562469,4.70E-05,0.003354016
000206-44-0,0.027115811,-0.00217636,0,0.000173972,0,0.00041958,0.00635852,0.005014498,0,0.002606174,4.78E-05,0.003411223
000206-44-0,0.026221343,-0.002104569,0,0.000168234,0,0.00040574,0.006148771,0.004849085,0,0.002520205,4.62E-05,0.003298697
000206-44-0,0.025384001,-0.002037362,0,0.000162861,0,0.000392783,0.005952419,0.004694236,0,0.002439725,4.47E-05,0.003193358
000086-73-7,0.021630052,-0.001375147,0,0.000204595,0,0.000654033,0.003364078,0.004896864,0,0.000529935,2.35E-05,0.003354016
000086-73-7,0.023609738,-0.001501007,0,0.000223321,0,0.000713893,0.003671975,0.005345049,0,0.000578437,2.56E-05,0.003660992
000086-73-7,0.022775914,-0.001447996,0,0.000215434,0,0.000688681,0.003542292,0.005156278,0,0.000558008,2.47E-05,0.003531697
000086-73-7,0.021998977,-0.001398601,0,0.000208085,0,0.000665188,0.003421457,0.004980385,0,0.000538973,2.39E-05,0.003411223
000086-73-7,0.021273297,-0.001352466,0,0.000201221,0,0.000643246,0.003308593,0.004816098,0,0.000521194,2.31E-05,0.003298697
000086-73-7,0.020593965,-0.001309277,0,0.000194795,0,0.000622705,0.003202938,0.004662302,0,0.000504551,2.24E-05,0.003193358
000058-89-9,0.024135502,0.001086701,0,0.000244843,0,0.000892168,0.002146571,0,0,3.35E-05,0,0.003354016
000058-89-9,0.025870933,0.001164839,0,0.000262448,0,0.000956319,0.002300917,0,0,3.60E-05,0,0.003595182
000058-89-9,0.025414091,0.00114427,0,0.000257814,0,0.000939431,0.002260286,0,0,3.53E-05,0,0.003531697
000058-89-9,0.024973104,0.001124414,0,0.00025334,0,0.00092313,0.002221065,0,0,3.47E-05,0,0.003470415
000058-89-9,0.02454716,0.001105236,0,0.000249019,0,0.000907385,0.002183183,0,0,3.41E-05,0,0.003411223
000118-74-1,0.024135502,-0.000412544,0,0.000160993,0,0.000627201,0,0.004695623,0,-0.001445581,0,0.003354016
000118-74-1,0.025870933,-0.000442207,0,0.000172569,0,0.000672299,0,0.005033255,0,-0.001549524,0,0.003595182
000118-74-1,0.025414091,-0.000434399,0,0.000169521,0,0.000660427,0,0.004944376,0,-0.001522161,0,0.003531697
000118-74-1,0.024973104,-0.000426861,0,0.00016658,0,0.000648968,0,0.004858581,0,-0.001495749,0,0.003470415
000118-74-1,0.02454716,-0.00041958,0,0.000163739,0,0.000637899,0,0.004775712,0,-0.001470237,0,0.003411223
000002-43-9,0.032094583,0.002180111,0,0.000667449,0,0.001874895,0.098695288,0,0,0.001774275,0,0.003354016
000002-43-9,0.034402301,0.002336869,0,0.000715441,0,0.002009707,0.105791839,0,0,0.001901852,0,0.003595182
000002-43-9,0.033794808,0.002295603,0,0.000702808,0,0.001974219,0.103923715,0,0,0.001868268,0,0.003531697
000002-43-9,0.033208398,0.00225577,0,0.000690613,0,0.001939962,0.102120423,0,0,0.001835849,0,0.003470415
000002-43-9,0.032641992,0.002217295,0,0.000678833,0,0.001906874,0.100378646,0,0,0.001804537,0,0.003411223
000110-43-0,0.012644642,0.000845212,0,0.000107329,0,0.000355526,0.002877746,0,0,-0.002478618,0,0.003354016
000067-72-1,0.015931578,0.001817877,0,0,0,0,1.01E-05,0,0,0.000187825,0,0.003354016
000087-85-4,0.018326346,-0.000623847,0,0.000140869,0,0.00071776,0.001505953,0.004729163,0,0.00291464,0,0.003354016
000111-27-3,0.011450612,0.000389066,0.003354016,9.06E-05,0,0.000315278,0.000261613,0,0,-0.001744089,0,0.003354016
000591-78-6,0.010967634,0.000529935,0,0.000103975,0,0.000368942,0.000539997,0,0,-0.002119738,0,0.003354016
000066-25-1,0.011450612,0.000479624,0,0.000110683,0,0.00037565,0.004179104,0,0,-0.002250545,0,0.003354016
000628-73-9,0.011450612,0.000429314,0,0.000124099,0,0.000429314,0.004437364,0,0,-0.002196881,0,0.003354016
000142-92-7,0.015998658,0.000516519,0,9.73E-05,0,0.000311924,0.003078987,0,0.003354016,-0.00281402,0.002928056,0.003354016
000193-39-5,0.036612443,-0.003548549,0,0.000177763,0,0.000332048,0.008284421,0.004930404,0,0.004611773,0.00402482,0.003354016
000110-19-0,0.012161664,0.000479624,0,0.000181117,0,0.000362234,0.001804461,0,0.003354016,-0.001700486,0,0.003354016
000123-92-2,0.013838672,0.000318632,0,0.000117391,0,0.000275029,0.002022472,0,0.003354016,-0.001663592,3.35E-06,0.003354016
000108-21-4,0.010484655,0.000251551,0,0.000204595,0,0.000556767,0.001841355,0,0.003354016,-0.000449438,0,0.003354016
000067-56-1,0.003354016,-2.68E-05,0.003354016,0,0,0,0,0,0,0.000747946,0,0.003354016
000099-76-3,0.01756163,-0.00163676,0.003354016,0.000248197,0,0.000456146,0.008941808,0.004997484,0,0.00117726,0,0.003354016
000079-20-9,0.007613617,0.000218011,0,8.39E-05,0,0.000402482,8.05E-05,0,0.003354016,0.00039242,0,0.003354016
000107-31-3,0.006419587,0.000207949,0,0,0,0,0.001646822,0,0.003354016,-6.04E-05,0,0.003354016
000091-20-3,0.016656046,-0.001448935,0,0.000144223,0,0.000539997,0.002284085,0.004762703,0,0.000741238,0,0.003354016
000079-24-3,0.007613617,0.000382358,0,0,0,0,0.000576891,0.0040919,0,-0.001016267,0,0.003354016
000075-52-5,0.005809156,0.00032534,0,0,0,0,3.35E-06,0.00405836,0,-0.00040919,0,0.003354016
000108-03-2,0.009290626,0.000365588,0,0.000124099,0,0.000295153,0.004212645,0.00405836,0,-0.001613282,0,0.003354016
000789-02-6,0.034278048,-0.001519369,0,0.000600369,0,0.001576388,0.046801945,0.004695623,0,-0.00032534,0,0.003354016
000789-02-6,0.036742765,-0.001628618,0,0.000643538,0,0.001689736,0.050167176,0.005033255,0,-0.000348733,0,0.003595182
000789-02-6,0.035467638,-0.001572098,0,0.000621204,0,0.001631095,0.048426167,0.004858581,0,-0.00033663,0,0.003470415
000789-02-6,0.034862698,-0.001545284,0,0.000610609,0,0.001603275,0.047600205,0.004775712,0,-0.000330889,0,0.003411223
000789-02-6,0.033165666,-0.001470063,0,0.000580886,0,0.001525231,0.045283141,0.004543242,0,-0.000314782,0,0.003245173
000313-72-4,0.012299178,-0.002844206,0,0.000147577,0,0.000778132,0.005544189,0.004829784,0,0.005876237,0,0.003354016
000124-13-0,0.014804629,0.000674157,0,7.38E-05,0,0.000281737,0.003826933,0,0,-0.002995137,0.000811672,0.003354016
027304-13-8,0.035804125,0.001774275,0,0.000640617,0.110682542,0.002166695,0.133868858,0,0,0.000825088,0,0.003354016
027304-13-8,0.038378573,0.001901852,0,0.00068668,0.118641021,0.002322488,0.143494517,0,0,0.000884415,0,0.003595182
027304-13-8,0.037700865,0.001868268,0,0.000674554,0.116546,0.002281476,0.140960622,0,0,0.000868797,0,0.003531697
027304-13-8,0.037046677,0.001835849,0,0.000662849,0.114523686,0.002241888,0.138514663,0,0,0.000853722,0,0.003470415
027304-13-8,0.036414805,0.001804537,0,0.000651544,0.112570356,0.00220365,0.136152141,0,0,0.000839161,0,0.003411223
000072-54-8,0.03263458,-0.000865336,0,0.000526581,0,0.001090055,0.016062385,0.004695623,0,0.00088546,0.000791548,0.003354016
000072-54-8,0.034981125,-0.000927557,0,0.000564444,0,0.001168434,0.017217329,0.005033255,0,0.000949128,0.000848463,0.003595182
000072-54-8,0.033767135,-0.000895367,0,0.000544855,0,0.001127885,0.016619816,0.004858581,0,0.000916189,0.000819018,0.003470415
000072-54-8,0.033191199,-0.000880096,0,0.000535562,0,0.001108647,0.016336347,0.004775712,0,0.000900563,0.000805049,0.003411223
000072-54-8,0.031575531,-0.000837255,0,0.000509492,0,0.001054681,0.015541133,0.004543242,0,0.000856726,0.000765861,0.003245173
000072-55-9,0.03263458,-0.000929063,0,0.000526581,0,0.001090055,0.016381016,0.004695623,0,0.001056515,0.001086701,0.003354016
000072-55-9,0.034981125,-0.000995866,0,0.000564444,0,0.001168434,0.017558871,0.005033255,0,0.001132482,0.001164839,0.003595182
000072-55-9,0.033767135,-0.000961305,0,0.000544855,0,0.001127885,0.016949505,0.004858581,0,0.001093181,0.001124414,0.003470415
000072-55-9,0.033191199,-0.000944909,0,0.000535562,0,0.001108647,0.016660413,0.004775712,0,0.001074535,0.001105236,0.003411223
000072-55-9,0.031575531,-0.000898913,0,0.000509492,0,0.001054681,0.015849424,0.004543242,0,0.001022229,0.001051436,0.003245173
000050-29-3,0.03422103,-0.001033037,0,0.000506456,0,0.00127788,0.013392588,0.004695623,0,0.000526581,0,0.003354016
037680-73-2,0.031625021,-0.001398625,0,0.000667449,0,0.001841355,0.007066913,0.004930404,0,-0.000566829,0.000355526,0.003354016
037680-73-2,0.031103414,-0.001375557,0,0.000656441,0,0.001810985,0.006950355,0.004849085,0,-0.00055748,0.000349662,0.003298697
037680-73-2,0.032164421,-0.00142248,0,0.000678833,0,0.001872761,0.007187447,0.005014498,0,-0.000576497,0.00036159,0.003411223
037680-73-2,0.033300371,-0.001472718,0,0.000702808,0,0.001938902,0.007441286,0.005191595,0,-0.000596857,0.00037436,0.003531697
037680-73-2,0.034519495,-0.001526634,0,0.000728537,0,0.002009885,0.00771371,0.005381658,0,-0.000618708,0.000388065,0.003660992
037680-73-2,0.035831275,-0.001584648,0,0.000756223,0,0.002086263,0.00800684,0.005586168,0,-0.000642219,0.000402812,0.003800114
032598-14-4,0.031682039,-0.001157136,0,0.000415898,0,0.000949187,0.001187322,0.004963944,0,-1.68E-05,0.010008385,0.003354016
032598-14-4,0.031159492,-0.00113805,0,0.000409038,0,0.000933531,0.001167739,0.004882072,0,-1.65E-05,0.009843312,0.003298697
032598-14-4,0.032222412,-0.001176872,0,0.000422992,0,0.000965376,0.001207573,0.00504861,0,-1.71E-05,0.010179089,0.003411223
032598-14-4,0.03336041,-0.001218435,0,0.00043793,0,0.00099947,0.001250221,0.005226912,0,-1.77E-05,0.010538584,0.003531697
032598-14-4,0.034581732,-0.001263042,0,0.000453963,0,0.001036061,0.001295991,0.005418268,0,-1.83E-05,0.010924401,0.003660992
032598-14-4,0.035895877,-0.001311039,0,0.000471214,0,0.001075432,0.00134524,0.005624169,0,-1.90E-05,0.01133954,0.003800114
038380-03-9,0.031682039,-0.001344961,0,0.000523227,0,0.001438873,0.001301358,0.004963944,0,-0.000251551,0.008646654,0.003354016
031508-00-6,0.031625021,-0.00119403,0,0.000617139,0,0.001287942,0.001274526,0.004930404,0,0.000241489,0.003018615,0.003354016
031508-00-6,0.031103414,-0.001174336,0,0.00060696,0,0.0012667,0.001253505,0.004849085,0,0.000237506,0.002968827,0.003298697
031508-00-6,0.032164421,-0.001214395,0,0.000627665,0,0.00130991,0.001296265,0.005014498,0,0.000245608,0.003070101,0.003411223
031508-00-6,0.033300371,-0.001257284,0,0.000649832,0,0.001356172,0.001342045,0.005191595,0,0.000254282,0.003178527,0.003531697
031508-00-6,0.034519495,-0.001303313,0,0.000673623,0,0.001405821,0.001391177,0.005381658,0,0.000263591,0.003294893,0.003660992
031508-00-6,0.035831275,-0.001352841,0,0.000699221,0,0.001459244,0.001444043,0.005586168,0,0.000273608,0.003420103,0.003800114
057465-28-8,0.031625021,-0.001200738,0,0.000248197,0,0.000979373,0.001341607,0.004930404,0,-0.000107329,0.018145229,0.003354016
057465-28-8,0.031103414,-0.001180934,0,0.000244104,0,0.00096322,0.001319479,0.004849085,0,-0.000105558,0.017845951,0.003298697
057465-28-8,0.032164421,-0.001221218,0,0.00025243,0,0.000996077,0.001364489,0.005014498,0,-0.000109159,0.018454716,0.003411223
057465-28-8,0.033300371,-0.001264348,0,0.000261346,0,0.001031256,0.001412679,0.005191595,0,-0.000113014,0.019106481,0.003531697
057465-28-8,0.034519495,-0.001310635,0,0.000270913,0,0.00106901,0.001464397,0.005381658,0,-0.000117152,0.019805967,0.003660992
057465-28-8,0.035831275,-0.001360441,0,0.000281208,0,0.001109633,0.001520046,0.005586168,0,-0.000121604,0.020558617,0.003800114
035065-28-2,0.034029851,-0.001348315,0,0.000744592,0,0.001626698,0.001100117,0.004963944,0,-0.000432668,0.002119738,0.003354016
035065-28-2,0.03346858,-0.001326076,0,0.000732311,0,0.001599868,0.001081973,0.004882072,0,-0.000425532,0.002084777,0.003298697
035065-28-2,0.034610268,-0.001371312,0,0.000757291,0,0.001654443,0.001118881,0.00504861,0,-0.000440048,0.002155893,0.003411223
035065-28-2,0.035832598,-0.001419742,0,0.000784037,0,0.001712873,0.001158397,0.005226912,0,-0.000455589,0.002232032,0.003531697
035065-28-2,0.037144426,-0.001471719,0,0.00081274,0,0.001775581,0.001200805,0.005418268,0,-0.000472268,0.002313747,0.003660992
035065-28-2,0.038555957,-0.001527646,0,0.000843625,0,0.001843055,0.001246437,0.005624169,0,-0.000490215,0.002401672,0.003800114
038380-04-0,0.034029851,-0.001583096,0,0.000828442,0,0.002072782,0.033379172,0.004930404,0,0.000251551,0.000127453,0.003354016
002050-68-2,0.024588294,-0.001022975,0,0.000191179,0,0.000650679,0.00202918,0.004930404,0,0.000281737,0.000482978,0.003354016
002050-68-2,0.027858636,-0.001159035,0,0.000216606,0,0.000737222,0.002299069,0.005586168,0,0.00031921,0.000547216,0.003800114
002050-68-2,0.026838733,-0.001116603,0,0.000208677,0,0.000710232,0.0022149,0.005381658,0,0.000307523,0.000527183,0.003660992
002050-68-2,0.025890871,-0.001077168,0,0.000201307,0,0.000685149,0.002136677,0.005191595,0,0.000296663,0.000508564,0.003531697
002050-68-2,0.025007675,-0.001040423,0,0.00019444,0,0.000661777,0.00206379,0.005014498,0,0.000286543,0.000491216,0.003411223
035065-27-1,0.033972832,-0.001254402,0,0.000754654,0,0.002082844,0.001103471,0.004963944,0,-0.000513165,0.02284756,0.003354016
035065-27-1,0.033412502,-0.001233713,0,0.000742207,0,0.002048491,0.001085271,0.004882072,0,-0.000504701,0.022470724,0.003298697
035065-27-1,0.034552277,-0.001275797,0,0.000767525,0,0.002118369,0.001122292,0.00504861,0,-0.000521917,0.023237251,0.003411223
035065-27-1,0.035772559,-0.001320855,0,0.000794632,0,0.002193184,0.001161928,0.005226912,0,-0.00054035,0.02405792,0.003531697
035065-27-1,0.037082189,-0.001369211,0,0.000823723,0,0.002273476,0.001204466,0.005418268,0,-0.000560132,0.024938678,0.003660992
035065-27-1,0.038491355,-0.001421243,0,0.000855026,0,0.002359871,0.001250238,0.005624169,0,-0.000581417,0.025886377,0.003800114
033979-03-2,0.033972832,-0.001925205,0,0.000986081,0,0.002159987,0.040747946,0.005165185,0,0.000305215,0.002840852,0.003354016
033979-03-2,0.034552277,-0.001958042,0,0.0010029,0,0.002196828,0.041442947,0.005253283,0,0.000310421,0.002889306,0.003411223
033979-03-2,0.035772559,-0.002027194,0,0.001038319,0,0.002274413,0.042906587,0.005438813,0,0.000321384,0.002991347,0.003531697
033979-03-2,0.037082189,-0.002101409,0,0.001076332,0,0.002357679,0.044477393,0.005637928,0,0.00033315,0.00310086,0.003660992
033979-03-2,0.038491355,-0.002181265,0,0.001117234,0,0.002447273,0.046167585,0.005852176,0,0.00034581,0.003218697,0.003800114
052663-71-5,0.036431327,0.000539997,0,0.000758008,0,0.00156968,0.011346638,0.004963944,0,-0.000137515,0.061955392,0.003354016
052663-71-5,0.035830447,0.00053109,0,0.000745506,0,0.00154379,0.011159492,0.004882072,0,-0.000135247,0.060933531,0.003298697
052663-71-5,0.037052703,0.000549207,0,0.000770936,0,0.001596452,0.011540167,0.00504861,0,-0.00013986,0.06301211,0.003411223
052663-71-5,0.038361293,0.000568603,0,0.000798164,0,0.001652834,0.011947731,0.005226912,0,-0.0001448,0.065237507,0.003531697
052663-71-5,0.039765697,0.00058942,0,0.000827384,0,0.001713344,0.012385136,0.005418268,0,-0.000150101,0.067625847,0.003660992
052663-71-5,0.041276838,0.000611818,0,0.000858826,0,0.001778453,0.012855786,0.005624169,0,-0.000155805,0.070195706,0.003800114
037680-65-2,0.026993124,-0.00119403,0,0.000771424,0,0.001868187,0.001760859,0.004963944,0,-0.000482978,3.35E-06,0.003354016
035065-29-3,0.036374308,-0.001445581,0,0.000711051,0,0.002049304,0.000811672,0.004963944,0,-0.000898876,0.027858461,0.003354016
035065-29-3,0.035774369,-0.001421738,0,0.000699324,0,0.002015504,0.000798285,0.004882072,0,-0.000884051,0.027398977,0.003298697
035065-29-3,0.036994713,-0.001470237,0,0.000723179,0,0.002084257,0.000825516,0.00504861,0,-0.000914208,0.028333618,0.003411223
035065-29-3,0.038301254,-0.001522161,0,0.00074872,0,0.002157867,0.000854671,0.005226912,0,-0.000946495,0.029334275,0.003531697
035065-29-3,0.03970346,-0.001577888,0,0.00077613,0,0.002236866,0.00088596,0.005418268,0,-0.000981146,0.030408201,0.003660992
035065-29-3,0.041212236,-0.001637849,0,0.000805624,0,0.00232187,0.000919628,0.005624169,0,-0.001018431,0.031563747,0.003800114
052663-68-0,0.036374308,-0.001324836,0,0.000828442,0,0.002223713,0.007378836,0.004930404,0,-0.001009559,5.03E-05,0.003354016
015862-07-4,0.026993124,-0.001237632,0,0.000627201,0,0.001318128,0.001606574,0.004963944,0,0.000201241,0.001029683,0.003354016
015862-07-4,0.030583317,-0.001402242,0,0.000710621,0,0.001493445,0.001820255,0.005624169,0,0.000228007,0.001166635,0.003800114
015862-07-4,0.029463665,-0.001350906,0,0.000684606,0,0.00143877,0.001753615,0.005418268,0,0.00021966,0.001123925,0.003660992
015862-07-4,0.028423097,-0.001303196,0,0.000660427,0,0.001387957,0.001691683,0.005226912,0,0.000211902,0.001084231,0.003531697
015862-07-4,0.027453522,-0.001258741,0,0.000637899,0,0.001340611,0.001633976,0.00504861,0,0.000204673,0.001047245,0.003411223
002051-62-9,0.022300855,-0.001140366,0,0.000184471,0,0.000586953,0.002190173,0.004930404,0,0.000181117,0.000244843,0.003354016
002051-62-9,0.025266958,-0.001292039,0,0.000209006,0,0.00066502,0.002481474,0.005586168,0,0.000205206,0.000277408,0.003800114
002051-62-9,0.024341937,-0.001244737,0,0.000201355,0,0.000640674,0.002390628,0.005381658,0,0.000197694,0.000267252,0.003660992
002051-62-9,0.023482253,-0.001200777,0,0.000194243,0,0.000618047,0.002306198,0.005191595,0,0.000190712,0.000257814,0.003531697
002051-62-9,0.022681221,-0.001159816,0,0.000187617,0,0.000596964,0.002227529,0.005014498,0,0.000184206,0.000249019,0.003411223
002051-62-9,0.021933036,-0.001121557,0,0.000181428,0,0.000577272,0.002154049,0.004849085,0,0.00017813,0.000240805,0.003298697
041464-39-5,0.029337582,-0.00122757,0,0.000761362,0,0.00172061,0.001633406,0.004963944,0,-0.000479624,6.71E-05,0.003354016
041464-40-8,0.029280563,-0.001204092,0,0.000791548,0,0.001673654,0.001656884,0.004963944,0,-6.71E-05,0.001415395,0.003354016
041464-40-8,0.028797625,-0.001184232,0,0.000778492,0,0.00164605,0.001629556,0.004882072,0,-6.60E-05,0.00139205,0.003298697
041464-40-8,0.029779976,-0.001224629,0,0.000805049,0,0.0017022,0.001685144,0.00504861,0,-6.82E-05,0.001439536,0.003411223
041464-40-8,0.030831715,-0.001267879,0,0.00083348,0,0.001762317,0.001744658,0.005226912,0,-7.06E-05,0.001490376,0.003531697
041464-40-8,0.031960461,-0.001314296,0,0.000863994,0,0.001826835,0.00180853,0.005418268,0,-7.32E-05,0.001544939,0.003660992
035693-99-3,0.029280563,-0.001240986,0,0.000674157,0,0.001858125,0.018165353,0.004930404,0,6.37E-05,0,0.003354016
041464-41-9,0.029337582,-0.000982727,0,0.001069931,0,0.002364582,0.018936777,0.005031025,0,0.000171055,0,0.003354016
041464-41-9,0.028853703,-0.000966518,0,0.001052284,0,0.002325581,0.018624443,0.004948046,0,0.000168234,0,0.003298697
041464-41-9,0.029837967,-0.000999488,0,0.00108818,0,0.002404912,0.019259765,0.005116834,0,0.000173972,0,0.003411223
041464-41-9,0.030891753,-0.001034787,0,0.001126611,0,0.002489846,0.019939961,0.005297545,0,0.000180117,0,0.003531697
041464-41-9,0.032022698,-0.001072671,0,0.001167856,0,0.002580999,0.020669962,0.005491488,0,0.000186711,0,0.003660992
033284-53-6,0.0293946,-0.001874895,0,0.000523227,0,0.001287942,0.005222204,0.004930404,0,-0.000231427,0.000207949,0.003354016
033284-53-6,0.029895958,-0.001906874,0,0.000532151,0,0.00130991,0.005311274,0.005014498,0,-0.000235374,0.000211496,0.003411223
033284-53-6,0.030951792,-0.001974219,0,0.000550945,0,0.001356172,0.005498852,0.005191595,0,-0.000243687,0.000218965,0.003531697
033284-53-6,0.032084935,-0.002046495,0,0.000571115,0,0.001405821,0.005700165,0.005381658,0,-0.000252608,0.000226982,0.003660992
033284-53-6,0.033304199,-0.002124264,0,0.000592818,0,0.001459244,0.005916778,0.005586168,0,-0.000262208,0.000235607,0.003800114
052663-58-8,0.029337582,-0.001532786,0,0.000523227,0,0.001375147,0.00642965,0.004930404,0,-0.000700989,0.000120745,0.003354016
032598-10-0,0.029280563,-0.001106825,0,0.000395774,0,0.00085192,0.001485829,0.004963944,0,0.000311924,0.002076136,0.003354016
032598-10-0,0.028797625,-0.00108857,0,0.000389246,0,0.000837869,0.001461323,0.004882072,0,0.000306779,0.002041893,0.003298697
032598-10-0,0.029779976,-0.001125704,0,0.000402524,0,0.000866451,0.001511172,0.00504861,0,0.000317244,0.002111547,0.003411223
032598-10-0,0.030831715,-0.00116546,0,0.00041674,0,0.000897051,0.001564542,0.005226912,0,0.000328448,0.00218612,0.003531697
032598-10-0,0.031960461,-0.001208127,0,0.000431997,0,0.000929892,0.00162182,0.005418268,0,0.000340472,0.002266154,0.003660992
032598-13-3,0.029280563,-0.00116049,0,0.000214657,0,0.000882106,0.00156968,0.004930404,0,-2.35E-05,0.018272682,0.003354016
032598-13-3,0.028797625,-0.001141349,0,0.000211117,0,0.000867557,0.00154379,0.004849085,0,-2.31E-05,0.017971301,0.003298697
032598-13-3,0.029779976,-0.001180283,0,0.000218318,0,0.000897152,0.001596452,0.005014498,0,-2.39E-05,0.018584342,0.003411223
032598-13-3,0.030831715,-0.001221967,0,0.000226029,0,0.000928836,0.001652834,0.005191595,0,-2.47E-05,0.019240685,0.003531697
032598-13-3,0.031960461,-0.001266703,0,0.000234303,0,0.000962841,0.001713344,0.005381658,0,-2.56E-05,0.019945085,0.003660992
038379-99-6,0.031682039,-0.002250545,0,0.000828442,0,0.002099614,0.021123596,0.004930404,0,0.000362234,0,0.003354016
038379-99-6,0.031159492,-0.002213426,0,0.000814778,0,0.002064984,0.020775194,0.004849085,0,0.000356259,0,0.003298697
038379-99-6,0.032222412,-0.002288931,0,0.000842572,0,0.002135426,0.021483882,0.005014498,0,0.000368412,0,0.003411223
038379-99-6,0.03336041,-0.002369769,0,0.000872329,0,0.002210842,0.022242628,0.005191595,0,0.000381423,0,0.003531697
038379-99-6,0.034581732,-0.002456526,0,0.000904265,0,0.002291781,0.023056928,0.005381658,0,0.000395387,0,0.003660992
038379-99-6,0.035895877,-0.002549876,0,0.000938628,0,0.002378871,0.023933118,0.005586168,0,0.000410412,0,0.003800114
073575-54-9,0.031739058,-0.00127788,0,0.000825088,0,0.002277377,0.049029012,0.004930404,0,-0.000228073,0,0.003354016
073575-54-9,0.03121557,-0.001256804,0,0.000811479,0,0.002239815,0.048220353,0.004849085,0,-0.000224311,0,0.003298697
073575-54-9,0.032280403,-0.001299676,0,0.000839161,0,0.00231622,0.049865257,0.005014498,0,-0.000231963,0,0.003411223
073575-54-9,0.033420449,-0.001345577,0,0.000868797,0,0.002398022,0.051626346,0.005191595,0,-0.000240155,0,0.003531697
073575-54-9,0.034643969,-0.001394838,0,0.000900604,0,0.002485814,0.053516383,0.005381658,0,-0.000248947,0,0.003660992
073575-54-9,0.035960479,-0.001447843,0,0.000934828,0,0.002580277,0.055550067,0.005586168,0,-0.000258408,0,0.003800114
000608-93-5,0.021734026,-0.000238135,0,0.000164347,0,0.000640617,0.000298507,0.004695623,0,-0.001106825,0,0.003354016
000608-93-5,0.024624739,-0.000269808,0,0.000186206,0,0.000725822,0.00033821,0.00532016,0,-0.001254038,0,0.003800114
000608-93-5,0.023723229,-0.00025993,0,0.000179389,0,0.000699249,0.000325828,0.005125389,0,-0.001208127,0,0.003660992
000608-93-5,0.022885396,-0.00025075,0,0.000173053,0,0.000674554,0.000314321,0.004944376,0,-0.00116546,0,0.003531697
000608-93-5,0.022180387,-0.000243026,0,0.000167722,0,0.000653774,0.000304638,0.004792059,0,-0.001129557,0,0.003422899
000771-61-9,0.0086433,-0.001915143,0.003354016,6.71E-05,0,0.000164347,0.005141707,0.004729163,0,0.003870535,0,0.003354016
000771-56-2,0.0086433,-0.001576388,0,0.000117391,0,0.000506456,0.005685058,0.004762703,0,0.003250042,0,0.003354016
000071-41-0,0.009773604,0.00030857,0.003354016,9.06E-05,0,0.000338756,0.000261613,0,0,-0.00131142,0,0.003354016
000107-87-9,0.009290626,0.000489686,0,8.72E-05,0,0.00037565,0.000523227,0,0,-0.001505953,0,0.003354016
000096-22-0,0.009418078,0.00042596,0,8.39E-05,0,0.00037565,0.000560121,0,0,-0.00168707,0,0.003354016
000110-59-8,0.009773604,0.000402482,0,0.000150931,0,0.00044273,0.004437364,0,0,-0.001797753,0,0.003354016
000628-63-7,0.01432165,0.000395774,0,9.73E-05,0,0.000348818,0.003078987,0,0.003354016,-0.002381352,0,0.003354016
000085-01-8,0.02330706,-0.00204595,0,0.000258259,0,0.000677511,0.002971659,0.004829784,0,0.001408687,0,0.003354016
000085-01-8,0.025440234,-0.002233205,0,0.000281896,0,0.00073952,0.003243639,0.005271829,0,0.001537617,0,0.003660992
000085-01-8,0.024541762,-0.002154335,0,0.000271941,0,0.000713403,0.003129084,0.005085644,0,0.001483313,0,0.003531697
000085-01-8,0.023704588,-0.002080846,0,0.000262664,0,0.000689067,0.003022344,0.004912161,0,0.001432714,0,0.003411223
000085-01-8,0.022922646,-0.002012205,0,0.000254,0,0.000666337,0.002922646,0.004750124,0,0.001385453,0,0.003298697
000085-01-8,0.022190643,-0.001947948,0,0.000245889,0,0.000645058,0.002829315,0.004598435,0,0.00134121,0,0.003193358
000071-23-8,0.006419587,0.000134161,0.003354016,6.04E-05,0,8.39E-05,0.000261613,0,0,-0.000258259,0,0.003354016
000067-63-0,0.005809156,0.000164347,0.003354016,0,0,0,0.000737884,0,0,-0.000261613,0,0.003354016
000123-38-6,0.006419587,0.000218011,0,0,0,0,0.004068422,0,0,-0.001002851,0,0.003354016
000067-64-1,0.005809156,0.000228073,0,0,0,0,0.000563475,0,0,-0.000617139,0,0.003354016
000107-12-0,0.006419587,0.000103975,0,0,0,0,0.003840349,0,0,-0.000804964,0,0.003354016
000109-60-4,0.010967634,0.000372296,0,0.000120745,0,0.00037565,0.000600369,0,0.003354016,-0.001019621,0,0.003354016
000110-74-7,0.009773604,0.000318632,0,0.000120745,0,0.000345464,0.002619487,0,0.003354016,-0.001425457,0,0.003354016
000129-00-0,0.026607412,-0.003669294,0,0.000184471,0,0.000727822,0.00487674,0.004762703,0,0.002290793,0,0.003354016
000129-00-0,0.029042651,-0.004005125,0,0.000201355,0,0.000794435,0.005323083,0.005198609,0,0.002500458,0,0.003660992
000129-00-0,0.028016952,-0.003863676,0,0.000194243,0,0.000766378,0.005135087,0.00501501,0,0.002412149,0,0.003531697
000129-00-0,0.027061231,-0.003731878,0,0.000187617,0,0.000740235,0.004959918,0.004843937,0,0.002329865,0,0.003411223
000129-00-0,0.026168563,-0.003608775,0,0.000181428,0,0.000715817,0.004796305,0.00468415,0,0.00225301,0,0.003298697
000129-00-0,0.025332908,-0.003493533,0,0.000175635,0,0.000692959,0.004643142,0.004534568,0,0.002181063,0,0.003193358
001634-04-4,0.008589636,0.000167701,0,0.000150931,0,0.00034211,0.00243837,0,0,0.000285091,0,0.003354016
000319-88-0,0.015421768,-0.000972665,0,6.71E-05,0,0.00030857,0.005872883,0.004695623,0,0.001093409,0,0.003354016
000127-18-4,0.0127352,0.000744592,0,0,0,0,0,0,0,-0.000664095,0,0.003354016
000056-23-5,0.010062049,0.000774778,0,0,0,0,0,0,0,8.39E-05,0,0.003354016
000109-99-9,0.008385041,0.000150931,0,0,0,0,1.01E-05,0,0,0.001422103,0,0.003354016
000142-68-7,0.010062049,0.000194533,0,4.02E-05,0,0.000147577,0.001838001,0,0,-0.000711051,0,0.003354016
000108-88-3,0.011383532,-0.000446084,0,0.000120745,0,0.000385712,0.00127788,0.004695623,0,3.69E-05,0,0.003354016
000057-74-9,0.034442395,-0.000328694,0,0.000788194,0,0.001613282,0.083394265,0,0,-0.001405333,0,0.003354016
000057-74-9,0.036918929,-0.000352328,0,0.000844868,0,0.001729283,0.089390617,0,0,-0.001506381,0,0.003595182
000057-74-9,0.036266996,-0.000346106,0,0.000829949,0,0.001698746,0.087812114,0,0,-0.001479781,0,0.003531697
000057-74-9,0.035637689,-0.000340101,0,0.000815547,0,0.001669269,0.086288391,0,0,-0.001454104,0,0.003470415
000057-74-9,0.035029848,-0.0003343,0,0.000801637,0,0.001640798,0.084816647,0,0,-0.001429302,0,0.003411223
039765-80-5,0.036843871,0.001613282,0,0.000613785,0,0.002411538,0.143894013,0,0,0.000580245,0,0.003354016
039765-80-5,0.039493079,0.001729283,0,0.000657918,0,0.002584936,0.154240518,0,0,0.000621967,0,0.003595182
039765-80-5,0.038122506,0.001669269,0,0.000635086,0,0.002495228,0.148887732,0,0,0.000600382,0,0.003470415
039765-80-5,0.037472284,0.001640798,0,0.000624254,0,0.002452669,0.146348286,0,0,0.000590142,0,0.003411223
039765-80-5,0.035648223,0.001560928,0,0.000593867,0,0.002333279,0.139224404,0,0,0.000561415,0,0.003245173
000103-30-0,0.02330706,-0.001797753,0,9.73E-05,0,0.000241489,0.002874392,0.004896864,0,3.35E-06,0.000798256,0.003354016
000067-66-3,0.008713735,0.000546705,0,0,0,0,0,0,0,0.000281737,0,0.003354016