CAS No.,nN,ATSC8v,SpMaxA_G/D,Mor16u,nROH,O-058,P-117,MLOGP2,Molecular Polarizability
000050-29-3,0.000 ,2.487 ,1.032 ,0.672 ,0.000 ,0.000 ,0.000 ,38.020 ,309.680 
000050-32-8,0.000 ,3.696 ,1.064 ,0.276 ,0.000 ,0.000 ,0.000 ,30.809 ,404.140 
000050-65-7,2.000 ,3.601 ,1.027 ,0.414 ,0.000 ,1.000 ,0.000 ,12.771 ,310.980 
000052-68-6,0.000 ,0.000 ,1.042 ,0.041 ,1.000 ,1.000 ,0.000 ,0.239 ,157.770 
000053-70-3,0.000 ,6.106 ,1.053 ,0.502 ,0.000 ,0.000 ,0.000 ,35.045 ,433.920 
000053-96-3,1.000 ,3.349 ,1.046 ,0.883 ,0.000 ,1.000 ,0.000 ,11.316 ,275.370 
000055-21-0,1.000 ,0.000 ,1.000 ,0.252 ,0.000 ,1.000 ,0.000 ,1.674 ,123.040 
000055-38-9,0.000 ,4.547 ,1.001 ,-0.098 ,0.000 ,0.000 ,0.000 ,6.670 ,257.100 
000056-04-2,2.000 ,0.000 ,1.016 ,-0.036 ,0.000 ,1.000 ,0.000 ,0.010 ,140.890 
000056-38-2,1.000 ,7.227 ,0.986 ,0.226 ,0.000 ,0.000 ,0.000 ,5.351 ,257.540 
000056-49-5,0.000 ,6.886 ,1.054 ,0.410 ,0.000 ,0.000 ,0.000 ,34.194 ,398.490 
000056-53-1,0.000 ,7.412 ,0.937 ,0.617 ,0.000 ,0.000 ,0.000 ,15.651 ,307.030 
000057-13-6,2.000 ,0.000 ,0.892 ,0.178 ,0.000 ,1.000 ,0.000 ,3.473 ,40.060 
000057-55-6,0.000 ,0.000 ,0.926 ,-0.106 ,2.000 ,0.000 ,0.000 ,0.285 ,57.720 
000057-63-6,0.000 ,7.035 ,0.998 ,0.651 ,1.000 ,0.000 ,0.000 ,16.033 ,312.180 
000057-97-6,0.000 ,5.788 ,1.025 ,0.505 ,0.000 ,0.000 ,0.000 ,31.636 ,387.290 
000058-89-9,0.000 ,0.000 ,1.099 ,-0.703 ,0.000 ,0.000 ,0.000 ,16.744 ,190.820 
000058-90-2,0.000 ,0.000 ,1.120 ,0.003 ,0.000 ,0.000 ,0.000 ,13.085 ,168.200 
000060-11-7,3.000 ,4.170 ,0.913 ,0.107 ,0.000 ,0.000 ,0.000 ,10.330 ,308.410 
000060-12-8,0.000 ,0.111 ,0.989 ,0.450 ,1.000 ,0.000 ,0.000 ,3.704 ,128.570 
000060-35-5,1.000 ,0.000 ,0.913 ,0.118 ,0.000 ,1.000 ,0.000 ,0.628 ,44.700 
000060-57-1,0.000 ,0.000 ,1.082 ,-0.116 ,0.000 ,0.000 ,0.000 ,19.817 ,277.270 
000061-82-5,4.000 ,0.000 ,0.975 ,0.536 ,0.000 ,0.000 ,0.000 ,0.054 ,66.130 
000062-53-3,1.000 ,0.000 ,0.997 ,0.342 ,0.000 ,0.000 ,0.000 ,2.268 ,107.220 
000062-56-6,2.000 ,0.000 ,0.935 ,0.178 ,0.000 ,0.000 ,0.000 ,2.056 ,67.790 
000062-73-7,0.000 ,0.000 ,1.020 ,0.127 ,0.000 ,1.000 ,1.000 ,1.553 ,136.500 
000063-25-2,1.000 ,3.330 ,0.995 ,0.171 ,0.000 ,1.000 ,0.000 ,4.939 ,216.920 
000064-10-8,2.000 ,0.269 ,0.995 ,0.435 ,0.000 ,1.000 ,0.000 ,0.747 ,138.480 
000064-17-5,0.000 ,0.000 ,0.904 ,0.062 ,1.000 ,0.000 ,0.000 ,0.030 ,36.570 
000064-19-7,0.000 ,0.000 ,0.915 ,0.126 ,1.000 ,1.000 ,0.000 ,0.149 ,38.550 
000066-75-1,3.000 ,0.573 ,0.964 ,-0.300 ,1.000 ,1.000 ,0.000 ,0.082 ,215.090 
000067-56-1,0.000 ,0.000 ,0.838 ,-0.039 ,1.000 ,0.000 ,0.000 ,0.663 ,21.360 
000067-66-3,0.000 ,0.000 ,1.165 ,0.036 ,0.000 ,0.000 ,0.000 ,3.301 ,61.020 
000071-23-8,0.000 ,0.000 ,0.929 ,0.147 ,1.000 ,0.000 ,0.000 ,0.120 ,51.640 
000071-36-3,0.000 ,0.000 ,0.948 ,0.263 ,1.000 ,0.000 ,0.000 ,0.640 ,66.970 
000071-41-0,0.000 ,0.000 ,0.962 ,0.383 ,1.000 ,0.000 ,0.000 ,1.463 ,82.400 
000071-55-6,0.000 ,0.000 ,1.086 ,0.048 ,0.000 ,0.000 ,0.000 ,4.957 ,79.900 
000072-20-8,0.000 ,0.000 ,1.082 ,-0.111 ,0.000 ,0.000 ,0.000 ,19.817 ,277.270 
000072-43-5,0.000 ,5.254 ,0.983 ,-0.038 ,0.000 ,0.000 ,0.000 ,18.218 ,323.690 
000072-55-9,0.000 ,2.483 ,1.029 ,0.668 ,0.000 ,0.000 ,0.000 ,34.268 ,302.150 
000074-83-9,0.000 ,0.000 ,0.953 ,-0.021 ,0.000 ,0.000 ,0.000 ,1.243 ,38.300 
000075-09-2,0.000 ,0.000 ,1.046 ,-0.037 ,0.000 ,0.000 ,0.000 ,1.860 ,43.420 
000075-25-2,0.000 ,0.000 ,1.252 ,-0.168 ,0.000 ,0.000 ,0.000 ,5.850 ,94.410 
000075-27-4,0.000 ,0.000 ,1.195 ,-0.001 ,0.000 ,0.000 ,0.000 ,4.106 ,71.930 
000075-34-3,0.000 ,0.000 ,1.021 ,0.050 ,0.000 ,0.000 ,0.000 ,3.301 ,61.900 
000075-60-5,0.000 ,0.000 ,1.028 ,-0.109 ,1.000 ,0.000 ,0.000 ,1.109 ,82.780 
000075-99-0,0.000 ,0.000 ,1.028 ,-0.058 ,1.000 ,1.000 ,0.000 ,0.991 ,87.640 
000076-03-9,0.000 ,0.000 ,1.116 ,0.043 ,1.000 ,1.000 ,0.000 ,0.991 ,87.590 
000076-44-8,0.000 ,0.000 ,1.132 ,-0.634 ,0.000 ,0.000 ,0.000 ,26.252 ,269.840 
000078-48-8,0.000 ,11.925 ,1.073 ,0.723 ,0.000 ,1.000 ,1.000 ,11.035 ,327.550 
000078-59-1,0.000 ,0.000 ,0.973 ,0.258 ,0.000 ,1.000 ,0.000 ,3.789 ,146.680 
000079-00-5,0.000 ,0.000 ,1.084 ,0.002 ,0.000 ,0.000 ,0.000 ,4.957 ,77.490 
000079-01-6,0.000 ,0.000 ,1.125 ,0.069 ,0.000 ,0.000 ,0.000 ,4.332 ,76.850 
000079-06-1,1.000 ,0.000 ,0.941 ,0.051 ,0.000 ,1.000 ,0.000 ,0.145 ,62.030 
000079-94-7,0.000 ,5.192 ,1.007 ,-0.014 ,0.000 ,0.000 ,0.000 ,27.612 ,373.270 
000080-05-7,0.000 ,3.587 ,0.972 ,0.511 ,0.000 ,0.000 ,0.000 ,10.928 ,248.130 
000081-81-2,0.000 ,8.719 ,0.971 ,0.539 ,1.000 ,2.000 ,0.000 ,10.264 ,326.280 
000082-68-8,1.000 ,0.000 ,1.154 ,-0.028 ,0.000 ,0.000 ,0.000 ,18.405 ,217.780 
000083-32-9,0.000 ,0.000 ,1.055 ,0.387 ,0.000 ,0.000 ,0.000 ,15.670 ,196.350 
000083-79-4,0.000 ,11.707 ,0.999 ,0.103 ,0.000 ,1.000 ,0.000 ,3.747 ,400.460 
000084-66-2,0.000 ,4.343 ,0.975 ,0.951 ,0.000 ,2.000 ,0.000 ,6.641 ,204.320 
000084-69-5,0.000 ,10.655 ,0.955 ,1.617 ,0.000 ,2.000 ,0.000 ,13.090 ,267.390 
000084-72-0,0.000 ,5.119 ,0.930 ,0.351 ,0.000 ,3.000 ,0.000 ,5.209 ,241.470 
000084-75-3,0.000 ,11.435 ,0.939 ,1.448 ,0.000 ,2.000 ,0.000 ,20.781 ,327.630 
000085-01-8,0.000 ,1.002 ,1.045 ,0.478 ,0.000 ,0.000 ,0.000 ,18.762 ,245.370 
000085-02-9,1.000 ,0.837 ,1.044 ,0.315 ,0.000 ,0.000 ,0.000 ,9.309 ,236.170 
000085-34-7,0.000 ,0.266 ,1.056 ,0.255 ,1.000 ,1.000 ,0.000 ,12.121 ,182.800 
000085-44-9,0.000 ,0.000 ,1.060 ,0.269 ,0.000 ,2.000 ,0.000 ,4.804 ,134.240 
000085-68-7,0.000 ,9.566 ,0.966 ,0.578 ,0.000 ,2.000 ,0.000 ,16.739 ,312.120 
000086-30-6,2.000 ,2.529 ,0.989 ,0.772 ,0.000 ,1.000 ,0.000 ,10.385 ,220.570 
000086-50-0,3.000 ,3.224 ,1.027 ,-0.200 ,0.000 ,1.000 ,0.000 ,0.978 ,305.010 
000086-73-7,0.000 ,0.520 ,1.058 ,0.781 ,0.000 ,0.000 ,0.000 ,17.204 ,213.540 
000086-86-2,1.000 ,1.253 ,0.986 ,0.509 ,0.000 ,1.000 ,0.000 ,5.684 ,213.840 
000086-87-3,0.000 ,0.665 ,1.002 ,0.356 ,1.000 ,1.000 ,0.000 ,7.785 ,206.520 
000087-61-6,0.000 ,0.000 ,1.105 ,0.075 ,0.000 ,0.000 ,0.000 ,16.507 ,140.890 
000087-86-5,0.000 ,0.000 ,1.149 ,-0.010 ,0.000 ,0.000 ,0.000 ,15.278 ,187.210 
000088-06-2,0.000 ,0.000 ,1.090 ,0.119 ,0.000 ,0.000 ,0.000 ,10.982 ,149.520 
000088-30-2,1.000 ,0.000 ,1.020 ,0.444 ,0.000 ,0.000 ,0.000 ,6.065 ,146.580 
000088-99-3,0.000 ,0.000 ,1.008 ,0.362 ,2.000 ,2.000 ,0.000 ,1.915 ,140.660 
000090-05-1,0.000 ,0.000 ,0.978 ,0.046 ,0.000 ,0.000 ,0.000 ,1.553 ,119.740 
000090-12-0,0.000 ,0.000 ,1.023 ,0.414 ,0.000 ,0.000 ,0.000 ,13.524 ,183.830 
000090-94-8,2.000 ,4.861 ,0.965 ,-0.327 ,0.000 ,1.000 ,0.000 ,11.688 ,356.220 
000091-01-0,0.000 ,2.396 ,0.986 ,0.522 ,1.000 ,0.000 ,0.000 ,9.802 ,207.310 
000091-16-7,0.000 ,0.000 ,0.969 ,-0.158 ,0.000 ,0.000 ,0.000 ,2.496 ,136.980 
000091-20-3,0.000 ,0.000 ,1.036 ,0.368 ,0.000 ,0.000 ,0.000 ,11.465 ,166.120 
000091-22-5,1.000 ,0.000 ,1.034 ,0.225 ,0.000 ,0.000 ,0.000 ,4.267 ,157.310 
000091-57-6,0.000 ,0.447 ,1.031 ,0.208 ,0.000 ,0.000 ,0.000 ,13.524 ,185.240 
000091-80-5,3.000 ,9.268 ,0.934 ,0.551 ,0.000 ,0.000 ,0.000 ,5.994 ,284.450 
000091-94-1,2.000 ,2.721 ,1.036 ,-0.124 ,0.000 ,0.000 ,0.000 ,12.856 ,274.710 
000092-24-0,0.000 ,3.776 ,1.063 ,0.129 ,0.000 ,0.000 ,0.000 ,26.674 ,374.120 
000092-82-0,2.000 ,1.715 ,1.048 ,0.203 ,0.000 ,0.000 ,0.000 ,3.604 ,246.320 
000092-87-5,2.000 ,2.487 ,1.015 ,-0.016 ,0.000 ,0.000 ,0.000 ,6.321 ,238.790 
000092-91-1,0.000 ,2.220 ,1.016 ,0.742 ,0.000 ,1.000 ,0.000 ,12.835 ,250.010 
000093-58-3,0.000 ,0.428 ,1.001 ,0.300 ,0.000 ,1.000 ,0.000 ,4.135 ,132.480 
000093-65-2,0.000 ,1.437 ,0.970 ,0.171 ,1.000 ,1.000 ,0.000 ,5.654 ,186.570 
000093-71-0,1.000 ,0.444 ,0.943 ,-0.427 ,0.000 ,1.000 ,0.000 ,3.123 ,156.820 
000093-76-5,0.000 ,0.577 ,1.025 ,-0.159 ,1.000 ,1.000 ,0.000 ,8.490 ,189.810 
000093-89-0,0.000 ,1.571 ,0.992 ,0.425 ,0.000 ,1.000 ,0.000 ,5.526 ,148.020 
000093-99-2,0.000 ,3.938 ,1.014 ,0.543 ,0.000 ,1.000 ,0.000 ,12.378 ,216.450 
000094-59-7,0.000 ,0.882 ,1.028 ,0.311 ,0.000 ,0.000 ,0.000 ,4.512 ,162.850 
000094-74-6,0.000 ,0.980 ,0.998 ,-0.063 ,1.000 ,1.000 ,0.000 ,4.353 ,169.780 
000094-75-7,0.000 ,0.577 ,1.023 ,0.036 ,1.000 ,1.000 ,0.000 ,5.543 ,171.290 
000094-81-5,0.000 ,3.462 ,0.990 ,0.146 ,1.000 ,1.000 ,0.000 ,7.069 ,201.490 
000095-14-7,3.000 ,0.000 ,1.036 ,0.610 ,0.000 ,0.000 ,0.000 ,1.113 ,121.520 
000095-15-8,0.000 ,0.000 ,1.076 ,0.409 ,0.000 ,0.000 ,0.000 ,8.130 ,154.180 
000095-50-1,0.000 ,0.000 ,1.071 ,0.124 ,0.000 ,0.000 ,0.000 ,12.094 ,123.050 
000095-53-4,1.000 ,0.000 ,0.986 ,0.249 ,0.000 ,0.000 ,0.000 ,3.456 ,123.430 
000095-57-8,0.000 ,0.000 ,1.029 ,0.201 ,0.000 ,0.000 ,0.000 ,4.525 ,112.930 
000095-77-2,0.000 ,0.000 ,1.062 ,0.119 ,0.000 ,0.000 ,0.000 ,7.446 ,130.290 
000095-93-2,0.000 ,0.000 ,0.989 ,0.349 ,0.000 ,0.000 ,0.000 ,12.690 ,157.830 
000095-94-3,0.000 ,0.000 ,1.137 ,-0.095 ,0.000 ,0.000 ,0.000 ,21.476 ,160.770 
000096-12-8,0.000 ,0.000 ,1.066 ,-0.111 ,0.000 ,0.000 ,0.000 ,8.746 ,120.490 
000096-18-4,0.000 ,0.000 ,1.043 ,-0.198 ,0.000 ,0.000 ,0.000 ,6.781 ,91.240 
000098-16-8,1.000 ,0.000 ,1.017 ,0.358 ,0.000 ,0.000 ,0.000 ,6.870 ,124.050 
000098-86-2,0.000 ,0.000 ,0.999 ,0.336 ,0.000 ,1.000 ,0.000 ,4.420 ,128.770 
000098-95-3,1.000 ,0.000 ,1.013 ,0.271 ,0.000 ,0.000 ,0.000 ,3.562 ,117.700 
000099-09-2,2.000 ,0.000 ,1.008 ,0.204 ,0.000 ,0.000 ,0.000 ,1.816 ,137.700 
000099-34-3,2.000 ,0.000 ,1.027 ,0.033 ,1.000 ,1.000 ,0.000 ,2.963 ,168.170 
000099-54-7,1.000 ,0.000 ,1.068 ,0.038 ,0.000 ,0.000 ,0.000 ,9.673 ,156.540 
000099-77-4,1.000 ,1.474 ,0.957 ,0.400 ,0.000 ,1.000 ,0.000 ,5.223 ,175.570 
000099-96-7,0.000 ,0.166 ,1.009 ,0.237 ,1.000 ,1.000 ,0.000 ,1.282 ,127.010 
000100-01-6,2.000 ,0.000 ,1.007 ,0.166 ,0.000 ,0.000 ,0.000 ,1.816 ,155.980 
000100-02-7,1.000 ,0.000 ,1.010 ,0.191 ,0.000 ,0.000 ,0.000 ,1.816 ,132.330 
000100-42-5,0.000 ,0.000 ,1.003 ,0.446 ,0.000 ,0.000 ,0.000 ,8.130 ,133.390 
000100-51-6,0.000 ,0.000 ,1.000 ,0.134 ,1.000 ,0.000 ,0.000 ,2.532 ,113.450 
000100-54-9,2.000 ,0.000 ,1.023 ,0.135 ,0.000 ,0.000 ,0.000 ,0.020 ,105.270 
000100-66-3,0.000 ,0.000 ,0.979 ,0.088 ,0.000 ,0.000 ,0.000 ,3.456 ,113.500 
000101-05-3,4.000 ,1.020 ,1.044 ,0.795 ,0.000 ,0.000 ,0.000 ,14.873 ,248.990 
000101-21-3,1.000 ,4.716 ,0.953 ,0.275 ,0.000 ,1.000 ,0.000 ,5.654 ,196.930 
000101-42-8,2.000 ,2.434 ,0.978 ,0.154 ,0.000 ,1.000 ,0.000 ,2.295 ,171.480 
000101-55-3,0.000 ,2.915 ,1.002 ,0.249 ,0.000 ,0.000 ,0.000 ,16.545 ,220.570 
000101-61-1,2.000 ,7.165 ,0.953 ,0.107 ,0.000 ,0.000 ,0.000 ,14.427 ,311.130 
000101-84-8,0.000 ,2.491 ,0.987 ,0.649 ,0.000 ,0.000 ,0.000 ,11.526 ,193.230 
000101-97-3,0.000 ,2.827 ,0.922 ,0.380 ,0.000 ,1.000 ,0.000 ,5.694 ,160.880 
000101-99-5,1.000 ,2.856 ,0.955 ,0.575 ,0.000 ,1.000 ,0.000 ,2.295 ,162.890 
000103-33-3,2.000 ,0.939 ,1.033 ,0.025 ,0.000 ,0.000 ,0.000 ,5.751 ,234.630 
000103-45-7,0.000 ,2.197 ,0.953 ,0.186 ,0.000 ,1.000 ,0.000 ,5.694 ,162.020 
000103-65-1,0.000 ,0.299 ,0.988 ,0.555 ,0.000 ,0.000 ,0.000 ,10.620 ,139.960 
000103-82-2,0.000 ,0.143 ,1.002 ,0.351 ,1.000 ,1.000 ,0.000 ,3.117 ,128.560 
000103-84-4,1.000 ,0.389 ,0.973 ,0.186 ,0.000 ,1.000 ,0.000 ,2.649 ,145.320 
000103-88-8,1.000 ,0.759 ,0.995 ,0.085 ,0.000 ,1.000 ,0.000 ,5.598 ,176.970 
000104-04-1,2.000 ,0.168 ,1.006 ,0.235 ,0.000 ,1.000 ,0.000 ,2.441 ,184.830 
000104-40-5,0.000 ,6.921 ,1.026 ,0.609 ,0.000 ,0.000 ,0.000 ,25.901 ,236.980 
000104-51-8,0.000 ,1.281 ,0.994 ,0.632 ,0.000 ,0.000 ,0.000 ,12.690 ,153.700 
000106-30-9,0.000 ,2.543 ,0.974 ,0.423 ,0.000 ,1.000 ,0.000 ,5.651 ,145.220 
000106-32-1,0.000 ,3.393 ,0.983 ,0.482 ,0.000 ,1.000 ,0.000 ,12.907 ,160.570 
000106-40-1,1.000 ,0.000 ,1.032 ,0.237 ,0.000 ,0.000 ,0.000 ,5.272 ,136.430 
000106-42-3,0.000 ,0.000 ,1.001 ,0.154 ,0.000 ,0.000 ,0.000 ,8.653 ,124.340 
000106-44-5,0.000 ,0.000 ,1.000 ,0.299 ,0.000 ,0.000 ,0.000 ,3.456 ,113.440 
000106-46-7,0.000 ,0.000 ,1.071 ,0.136 ,0.000 ,0.000 ,0.000 ,12.094 ,123.850 
000106-49-0,1.000 ,0.000 ,0.999 ,0.193 ,0.000 ,0.000 ,0.000 ,3.456 ,124.070 
000106-89-8,0.000 ,0.000 ,1.010 ,0.155 ,0.000 ,0.000 ,0.000 ,0.166 ,62.050 
000106-93-4,0.000 ,0.000 ,1.055 ,0.023 ,0.000 ,0.000 ,0.000 ,4.957 ,86.480 
000108-38-3,0.000 ,0.000 ,1.001 ,0.250 ,0.000 ,0.000 ,0.000 ,8.653 ,124.330 
000108-43-0,0.000 ,0.000 ,1.031 ,0.277 ,0.000 ,0.000 ,0.000 ,4.525 ,113.610 
000108-44-1,1.000 ,0.000 ,0.998 ,0.223 ,0.000 ,0.000 ,0.000 ,3.456 ,124.540 
000108-60-1,0.000 ,0.000 ,0.954 ,0.022 ,0.000 ,0.000 ,0.000 ,5.170 ,130.290 
000108-62-3,0.000 ,1.361 ,0.913 ,-0.071 ,0.000 ,0.000 ,0.000 ,0.963 ,141.540 
000108-65-6,0.000 ,0.680 ,0.949 ,-0.034 ,0.000 ,1.000 ,0.000 ,0.289 ,104.920 
000108-68-9,0.000 ,0.000 ,1.001 ,0.159 ,0.000 ,0.000 ,0.000 ,4.808 ,131.060 
000108-70-3,0.000 ,0.000 ,1.105 ,0.230 ,0.000 ,0.000 ,0.000 ,16.507 ,142.920 
000108-86-1,0.000 ,0.000 ,1.045 ,0.291 ,0.000 ,0.000 ,0.000 ,9.273 ,118.440 
000108-90-7,0.000 ,0.000 ,1.036 ,0.275 ,0.000 ,0.000 ,0.000 ,8.272 ,106.290 
000108-95-2,0.000 ,0.000 ,0.999 ,0.323 ,0.000 ,0.000 ,0.000 ,2.268 ,96.600 
000109-69-3,0.000 ,0.000 ,0.969 ,0.172 ,0.000 ,0.000 ,0.000 ,4.957 ,76.880 
000110-86-1,1.000 ,0.000 ,0.993 ,0.216 ,0.000 ,0.000 ,0.000 ,0.219 ,81.650 
000111-27-3,0.000 ,0.161 ,0.974 ,0.522 ,1.000 ,0.000 ,0.000 ,2.519 ,97.780 
000111-42-2,1.000 ,0.058 ,0.959 ,-0.034 ,2.000 ,0.000 ,0.000 ,0.840 ,83.590 
000111-54-6,2.000 ,0.847 ,1.007 ,0.519 ,0.000 ,0.000 ,0.000 ,0.111 ,212.890 
000111-70-6,0.000 ,0.707 ,0.985 ,0.608 ,1.000 ,0.000 ,0.000 ,3.765 ,113.210 
000111-76-2,0.000 ,0.740 ,0.973 ,0.243 ,1.000 ,0.000 ,0.000 ,0.499 ,102.660 
000111-91-1,0.000 ,1.336 ,0.990 ,0.142 ,0.000 ,0.000 ,0.000 ,2.148 ,115.850 
000112-30-1,0.000 ,3.488 ,1.012 ,0.789 ,1.000 ,0.000 ,0.000 ,14.489 ,159.350 
000112-53-8,0.000 ,5.402 ,1.027 ,0.793 ,1.000 ,0.000 ,0.000 ,19.175 ,190.100 
000114-38-5,2.000 ,0.340 ,0.989 ,0.209 ,0.000 ,1.000 ,0.000 ,2.148 ,154.030 
000115-28-6,0.000 ,0.000 ,1.086 ,-0.264 ,2.000 ,2.000 ,0.000 ,6.848 ,254.290 
000115-29-7,0.000 ,0.000 ,1.101 ,-0.363 ,0.000 ,0.000 ,0.000 ,10.387 ,277.320 
000115-90-2,0.000 ,8.172 ,0.986 ,0.178 ,0.000 ,0.000 ,0.000 ,4.270 ,277.590 
000116-06-3,2.000 ,3.337 ,0.987 ,0.072 ,0.000 ,1.000 ,0.000 ,0.801 ,174.430 
000117-18-0,1.000 ,0.000 ,1.128 ,-0.043 ,0.000 ,0.000 ,0.000 ,15.990 ,195.450 
000117-84-0,0.000 ,14.970 ,0.887 ,1.408 ,0.000 ,2.000 ,0.000 ,40.175 ,389.120 
000118-74-1,0.000 ,0.000 ,1.200 ,-0.035 ,0.000 ,0.000 ,0.000 ,27.110 ,199.720 
000118-75-2,0.000 ,0.000 ,1.167 ,-0.259 ,0.000 ,2.000 ,0.000 ,5.081 ,179.140 
000119-91-5,2.000 ,4.847 ,1.040 ,0.136 ,0.000 ,0.000 ,0.000 ,13.905 ,354.700 
000120-12-7,0.000 ,1.635 ,1.052 ,0.327 ,0.000 ,0.000 ,0.000 ,18.762 ,261.540 
000120-36-5,0.000 ,1.037 ,0.996 ,0.176 ,1.000 ,1.000 ,0.000 ,7.000 ,187.630 
000120-66-1,1.000 ,0.356 ,0.982 ,0.389 ,0.000 ,1.000 ,0.000 ,3.782 ,160.330 
000120-82-1,0.000 ,0.000 ,1.104 ,0.039 ,0.000 ,0.000 ,0.000 ,16.507 ,141.880 
000120-83-2,0.000 ,0.000 ,1.061 ,0.151 ,0.000 ,0.000 ,0.000 ,7.446 ,130.500 
000121-75-5,0.000 ,6.050 ,0.961 ,0.280 ,0.000 ,2.000 ,0.000 ,0.346 ,271.760 
000121-81-3,3.000 ,0.000 ,1.016 ,0.126 ,0.000 ,1.000 ,0.000 ,1.730 ,175.460 
000122-14-5,1.000 ,3.495 ,1.004 ,0.334 ,0.000 ,0.000 ,0.000 ,4.040 ,244.290 
000122-34-9,5.000 ,2.650 ,0.998 ,0.208 ,0.000 ,0.000 ,0.000 ,5.165 ,181.720 
000122-39-4,1.000 ,2.413 ,1.000 ,0.407 ,0.000 ,0.000 ,0.000 ,11.526 ,216.550 
000122-42-9,1.000 ,4.334 ,0.942 ,0.366 ,0.000 ,1.000 ,0.000 ,3.306 ,179.120 
000123-33-1,2.000 ,0.000 ,1.009 ,0.002 ,0.000 ,2.000 ,0.000 ,0.093 ,90.250 
000123-66-0,0.000 ,2.151 ,0.973 ,0.464 ,0.000 ,1.000 ,0.000 ,4.244 ,130.350 
000123-91-1,0.000 ,0.000 ,0.944 ,-0.450 ,0.000 ,0.000 ,0.000 ,0.224 ,68.730 
000126-75-0,0.000 ,5.270 ,0.956 ,0.249 ,0.000 ,1.000 ,1.000 ,2.658 ,224.680 
000127-18-4,0.000 ,0.000 ,1.203 ,0.172 ,0.000 ,0.000 ,0.000 ,6.047 ,94.320 
000127-20-8,0.000 ,0.000 ,1.086 ,-0.118 ,0.000 ,1.000 ,0.000 ,0.991 ,97.280 
000129-00-0,0.000 ,1.079 ,1.063 ,0.270 ,0.000 ,0.000 ,0.000 ,22.653 ,298.670 
000131-11-3,0.000 ,1.689 ,0.985 ,0.496 ,0.000 ,2.000 ,0.000 ,4.018 ,173.030 
000132-64-9,0.000 ,0.587 ,1.062 ,0.615 ,0.000 ,0.000 ,0.000 ,8.174 ,201.840 
000132-66-1,1.000 ,5.663 ,0.924 ,0.614 ,1.000 ,2.000 ,0.000 ,12.755 ,319.500 
000133-06-2,1.000 ,1.004 ,1.063 ,-0.016 ,0.000 ,2.000 ,0.000 ,3.317 ,228.920 
000133-07-3,1.000 ,0.878 ,1.106 ,0.315 ,0.000 ,2.000 ,0.000 ,6.620 ,243.270 
000134-32-7,1.000 ,0.000 ,1.024 ,0.374 ,0.000 ,0.000 ,0.000 ,6.954 ,185.230 
000136-60-7,0.000 ,3.885 ,0.970 ,0.366 ,0.000 ,1.000 ,0.000 ,8.676 ,179.230 
000137-26-8,2.000 ,3.253 ,1.019 ,0.004 ,0.000 ,0.000 ,0.000 ,0.206 ,252.410 
000139-40-2,5.000 ,4.161 ,0.975 ,0.569 ,0.000 ,0.000 ,0.000 ,8.371 ,216.850 
000139-65-1,2.000 ,2.650 ,1.004 ,0.173 ,0.000 ,0.000 ,0.000 ,9.304 ,259.410 
000141-66-2,1.000 ,2.134 ,0.926 ,-0.001 ,0.000 ,2.000 ,1.000 ,0.466 ,185.270 
000143-08-8,0.000 ,2.533 ,1.004 ,0.749 ,1.000 ,0.000 ,0.000 ,12.271 ,143.980 
000143-50-0,0.000 ,0.000 ,1.225 ,-1.057 ,0.000 ,1.000 ,0.000 ,24.123 ,317.400 
000145-73-3,0.000 ,0.000 ,0.989 ,-0.351 ,2.000 ,2.000 ,0.000 ,0.003 ,133.300 
000149-29-1,0.000 ,0.000 ,1.028 ,0.116 ,1.000 ,1.000 ,0.000 ,0.184 ,133.180 
000149-30-4,1.000 ,0.000 ,1.105 ,0.485 ,0.000 ,0.000 ,0.000 ,3.129 ,181.390 
000150-13-0,1.000 ,0.297 ,1.007 ,0.257 ,1.000 ,1.000 ,0.000 ,0.001 ,143.110 
000150-68-5,2.000 ,2.797 ,0.987 ,-0.140 ,0.000 ,1.000 ,0.000 ,4.353 ,189.090 
000151-56-4,1.000 ,0.000 ,0.957 ,0.177 ,0.000 ,0.000 ,0.000 ,0.319 ,38.210 
000154-23-4,0.000 ,3.837 ,1.001 ,0.531 ,1.000 ,0.000 ,0.000 ,0.061 ,268.360 
000191-24-2,0.000 ,5.617 ,1.073 ,0.301 ,0.000 ,0.000 ,0.000 ,35.045 ,424.340 
000193-39-5,0.000 ,5.109 ,1.084 ,0.530 ,0.000 ,0.000 ,0.000 ,35.045 ,441.750 
000194-59-2,1.000 ,6.470 ,1.040 ,0.435 ,0.000 ,0.000 ,0.000 ,20.554 ,386.420 
000207-08-9,0.000 ,4.527 ,1.078 ,0.568 ,0.000 ,0.000 ,0.000 ,30.809 ,392.900 
000208-96-8,0.000 ,0.000 ,1.066 ,0.525 ,0.000 ,0.000 ,0.000 ,15.023 ,205.500 
000225-11-6,1.000 ,4.009 ,1.051 ,0.340 ,0.000 ,0.000 ,0.000 ,15.289 ,335.520 
000260-94-6,1.000 ,1.673 ,1.051 ,0.241 ,0.000 ,0.000 ,0.000 ,9.309 ,251.780 
000298-00-0,1.000 ,2.880 ,0.987 ,0.119 ,0.000 ,0.000 ,0.000 ,2.865 ,227.820 
000298-02-2,0.000 ,4.811 ,0.978 ,0.364 ,0.000 ,0.000 ,0.000 ,2.148 ,242.780 
000298-04-4,0.000 ,5.876 ,1.007 ,0.072 ,0.000 ,0.000 ,0.000 ,3.237 ,259.650 
000300-76-5,0.000 ,0.000 ,1.022 ,-0.141 ,0.000 ,1.000 ,1.000 ,5.559 ,194.930 
000301-12-2,0.000 ,2.306 ,0.975 ,0.142 ,0.000 ,1.000 ,1.000 ,0.018 ,195.900 
000309-00-2,0.000 ,0.000 ,1.083 ,-0.151 ,0.000 ,0.000 ,0.000 ,28.743 ,278.880 
000314-40-9,2.000 ,2.688 ,0.986 ,0.064 ,0.000 ,2.000 ,0.000 ,3.233 ,196.560 
000314-42-1,2.000 ,2.426 ,0.989 ,-0.003 ,0.000 ,2.000 ,0.000 ,2.252 ,180.650 
000319-84-6,0.000 ,0.000 ,1.091 ,-0.183 ,0.000 ,0.000 ,0.000 ,16.744 ,189.280 
000330-39-2,2.000 ,1.893 ,0.978 ,0.087 ,0.000 ,1.000 ,0.000 ,3.749 ,169.080 
000330-54-1,2.000 ,3.097 ,0.999 ,0.028 ,0.000 ,1.000 ,0.000 ,7.000 ,207.700 
000332-33-2,2.000 ,2.325 ,0.979 ,-0.077 ,0.000 ,1.000 ,0.000 ,3.749 ,168.640 
000333-41-5,2.000 ,8.708 ,0.975 ,0.197 ,0.000 ,0.000 ,0.000 ,6.369 ,278.930 
000335-67-1,0.000 ,0.381 ,1.039 ,0.238 ,1.000 ,1.000 ,0.000 ,17.390 ,138.400 
000351-28-0,1.000 ,0.433 ,0.979 ,0.189 ,0.000 ,1.000 ,0.000 ,4.227 ,144.180 
000351-36-0,1.000 ,0.519 ,0.986 ,0.308 ,0.000 ,1.000 ,0.000 ,7.093 ,158.170 
000351-83-7,1.000 ,0.004 ,0.979 ,0.166 ,0.000 ,1.000 ,0.000 ,4.227 ,143.290 
000375-95-1,0.000 ,0.595 ,1.039 ,0.265 ,1.000 ,1.000 ,0.000 ,21.686 ,154.570 
000445-66-9,3.000 ,0.000 ,1.017 ,0.389 ,0.000 ,0.000 ,0.000 ,6.300 ,176.710 
000470-90-6,0.000 ,9.374 ,0.976 ,0.486 ,0.000 ,1.000 ,1.000 ,19.790 ,284.490 
000492-80-8,3.000 ,5.648 ,0.959 ,-0.485 ,0.000 ,0.000 ,0.000 ,12.240 ,350.970 
000495-48-7,2.000 ,3.917 ,0.927 ,0.739 ,0.000 ,0.000 ,0.000 ,10.906 ,229.020 
000510-15-6,0.000 ,9.215 ,0.986 ,0.237 ,1.000 ,1.000 ,0.000 ,15.463 ,298.120 
000526-73-8,0.000 ,0.000 ,0.982 ,0.351 ,0.000 ,0.000 ,0.000 ,10.620 ,140.770 
000527-20-8,1.000 ,0.000 ,1.132 ,0.081 ,0.000 ,0.000 ,0.000 ,15.278 ,196.710 
000528-45-0,2.000 ,0.014 ,1.040 ,-0.108 ,1.000 ,1.000 ,0.000 ,1.101 ,203.790 
000533-17-5,1.000 ,0.488 ,0.990 ,0.070 ,0.000 ,1.000 ,0.000 ,4.896 ,162.190 
000533-74-4,2.000 ,0.000 ,0.981 ,-0.069 ,0.000 ,0.000 ,0.000 ,0.039 ,163.380 
000534-52-1,2.000 ,0.000 ,1.011 ,-0.121 ,0.000 ,0.000 ,0.000 ,3.055 ,178.120 
000539-82-2,0.000 ,1.581 ,0.919 ,0.149 ,0.000 ,1.000 ,0.000 ,2.981 ,115.080 
000540-49-8,0.000 ,0.000 ,1.088 ,0.030 ,0.000 ,0.000 ,0.000 ,4.332 ,85.540 
000541-73-1,0.000 ,0.000 ,1.071 ,0.223 ,0.000 ,0.000 ,0.000 ,12.094 ,124.030 
000552-32-9,2.000 ,0.461 ,0.995 ,0.268 ,0.000 ,1.000 ,0.000 ,2.441 ,179.210 
000554-00-7,1.000 ,0.000 ,1.053 ,0.196 ,0.000 ,0.000 ,0.000 ,7.446 ,140.790 
000555-37-3,2.000 ,6.215 ,0.990 ,0.229 ,0.000 ,1.000 ,0.000 ,11.987 ,254.280 
000563-12-2,0.000 ,8.567 ,1.022 ,0.565 ,0.000 ,0.000 ,0.000 ,0.772 ,349.490 
000563-58-6,0.000 ,0.000 ,1.018 ,0.073 ,0.000 ,0.000 ,0.000 ,4.332 ,77.400 
000576-24-9,0.000 ,0.000 ,1.060 ,0.129 ,0.000 ,0.000 ,0.000 ,7.446 ,130.230 
000585-79-5,1.000 ,0.000 ,1.048 ,0.179 ,0.000 ,0.000 ,0.000 ,7.169 ,146.980 
000586-78-7,1.000 ,0.000 ,1.048 ,0.164 ,0.000 ,0.000 ,0.000 ,7.169 ,153.160 
000587-34-8,2.000 ,2.926 ,0.987 ,0.300 ,0.000 ,1.000 ,0.000 ,4.353 ,189.290 
000591-35-5,0.000 ,0.000 ,1.062 ,0.320 ,0.000 ,0.000 ,0.000 ,7.446 ,131.660 
000591-50-4,0.000 ,0.000 ,1.061 ,0.380 ,0.000 ,0.000 ,0.000 ,10.302 ,124.660 
000593-92-0,0.000 ,0.000 ,1.090 ,-0.013 ,0.000 ,0.000 ,0.000 ,4.332 ,82.360 
000608-31-1,1.000 ,0.000 ,1.051 ,0.280 ,0.000 ,0.000 ,0.000 ,7.446 ,140.240 
000608-93-5,0.000 ,0.000 ,1.169 ,-0.042 ,0.000 ,0.000 ,0.000 ,24.263 ,179.650 
000609-66-5,1.000 ,0.000 ,1.026 ,0.243 ,0.000 ,1.000 ,0.000 ,3.593 ,140.690 
000610-15-1,2.000 ,0.000 ,1.000 ,0.320 ,0.000 ,1.000 ,0.000 ,1.510 ,148.880 
000610-28-6,2.000 ,0.000 ,1.018 ,0.185 ,1.000 ,1.000 ,0.000 ,2.963 ,167.920 
000613-13-8,1.000 ,2.061 ,1.049 ,0.205 ,0.000 ,0.000 ,0.000 ,12.835 ,291.410 
000613-93-4,1.000 ,0.389 ,0.975 ,0.273 ,0.000 ,1.000 ,0.000 ,2.649 ,139.580 
000614-76-6,1.000 ,0.514 ,1.018 ,0.212 ,0.000 ,1.000 ,0.000 ,5.598 ,172.410 
000618-87-1,3.000 ,0.000 ,1.016 ,0.020 ,0.000 ,0.000 ,0.000 ,1.945 ,163.320 
000619-55-6,1.000 ,0.777 ,1.000 ,0.120 ,0.000 ,1.000 ,0.000 ,2.649 ,141.800 
000619-80-7,2.000 ,0.058 ,1.009 ,0.117 ,0.000 ,1.000 ,0.000 ,1.510 ,152.140 
000626-43-7,1.000 ,0.000 ,1.054 ,0.280 ,0.000 ,0.000 ,0.000 ,7.446 ,142.550 
000632-58-6,0.000 ,0.000 ,1.080 ,0.405 ,2.000 ,2.000 ,0.000 ,9.691 ,217.340 
000634-66-2,0.000 ,0.000 ,1.137 ,-0.009 ,0.000 ,0.000 ,0.000 ,21.476 ,159.640 
000634-83-3,1.000 ,0.000 ,1.107 ,0.079 ,0.000 ,0.000 ,0.000 ,13.085 ,177.730 
000634-90-2,0.000 ,0.000 ,1.137 ,0.042 ,0.000 ,0.000 ,0.000 ,21.476 ,160.930 
000641-38-3,0.000 ,3.669 ,1.021 ,0.458 ,0.000 ,1.000 ,0.000 ,5.748 ,272.380 
000651-85-4,0.000 ,0.000 ,1.074 ,-0.052 ,0.000 ,2.000 ,0.000 ,10.382 ,143.250 
000656-31-5,2.000 ,0.301 ,0.987 ,0.292 ,0.000 ,1.000 ,0.000 ,1.693 ,138.330 
000659-30-3,2.000 ,0.003 ,0.977 ,0.253 ,0.000 ,1.000 ,0.000 ,1.693 ,134.500 
000685-91-6,1.000 ,0.000 ,0.929 ,-0.172 ,0.000 ,1.000 ,0.000 ,0.936 ,105.480 
000697-82-5,0.000 ,0.000 ,0.992 ,0.248 ,0.000 ,0.000 ,0.000 ,6.299 ,147.590 
000709-98-8,1.000 ,1.912 ,1.025 ,0.136 ,0.000 ,1.000 ,0.000 ,9.459 ,195.020 
000732-11-6,1.000 ,3.349 ,1.040 ,0.422 ,0.000 ,2.000 ,0.000 ,1.215 ,297.390 
000741-58-2,1.000 ,13.599 ,0.913 ,0.695 ,0.000 ,2.000 ,0.000 ,2.725 ,370.480 
000759-94-4,1.000 ,4.002 ,0.964 ,0.537 ,0.000 ,1.000 ,0.000 ,3.886 ,185.120 
000779-02-2,0.000 ,1.541 ,1.036 ,0.376 ,0.000 ,0.000 ,0.000 ,21.047 ,279.930 
000786-19-6,0.000 ,5.712 ,1.017 ,0.339 ,0.000 ,0.000 ,0.000 ,10.106 ,327.390 
000834-12-8,5.000 ,6.566 ,0.965 ,0.656 ,0.000 ,0.000 ,0.000 ,6.707 ,230.610 
000879-39-0,1.000 ,0.000 ,1.124 ,0.013 ,0.000 ,0.000 ,0.000 ,15.990 ,195.610 
000886-50-0,5.000 ,7.796 ,0.954 ,0.455 ,0.000 ,0.000 ,0.000 ,8.371 ,247.020 
000886-59-9,2.000 ,6.470 ,0.997 ,0.608 ,0.000 ,1.000 ,0.000 ,5.156 ,231.290 
000933-78-8,0.000 ,0.000 ,1.090 ,0.133 ,0.000 ,0.000 ,0.000 ,10.982 ,149.300 
000939-27-5,0.000 ,1.628 ,1.016 ,0.467 ,0.000 ,0.000 ,0.000 ,15.670 ,202.060 
000944-22-9,0.000 ,4.572 ,1.017 ,0.113 ,0.000 ,0.000 ,0.000 ,7.914 ,261.280 
000953-17-3,0.000 ,3.303 ,1.026 ,-0.050 ,0.000 ,0.000 ,0.000 ,6.794 ,295.800 
000957-51-7,1.000 ,7.628 ,0.959 ,1.005 ,0.000 ,1.000 ,0.000 ,11.191 ,265.230 
000959-98-8,0.000 ,0.000 ,1.101 ,-0.369 ,0.000 ,0.000 ,0.000 ,10.387 ,277.270 
001007-36-9,2.000 ,1.395 ,0.960 ,0.238 ,0.000 ,1.000 ,0.000 ,1.435 ,152.540 
001014-70-6,5.000 ,5.364 ,0.984 ,0.188 ,0.000 ,0.000 ,0.000 ,5.165 ,213.210 
001024-57-3,0.000 ,0.000 ,1.132 ,-0.448 ,0.000 ,0.000 ,0.000 ,17.759 ,268.610 
001114-71-2,1.000 ,5.541 ,0.978 ,0.478 ,0.000 ,1.000 ,0.000 ,5.174 ,200.930 
001127-76-0,0.000 ,0.407 ,1.007 ,0.366 ,0.000 ,0.000 ,0.000 ,15.670 ,199.890 
001129-50-6,1.000 ,2.968 ,0.939 ,0.386 ,0.000 ,1.000 ,0.000 ,5.054 ,172.410 
001162-65-8,0.000 ,5.913 ,1.032 ,-0.493 ,0.000 ,2.000 ,0.000 ,3.524 ,316.570 
001165-39-5,0.000 ,5.952 ,1.022 ,-0.376 ,0.000 ,2.000 ,0.000 ,3.726 ,319.540 
001194-65-6,1.000 ,0.000 ,1.087 ,0.086 ,0.000 ,0.000 ,0.000 ,8.735 ,148.620 
001468-95-7,0.000 ,1.885 ,1.033 ,0.123 ,1.000 ,0.000 ,0.000 ,12.750 ,285.200 
001470-94-6,0.000 ,0.000 ,1.028 ,0.194 ,0.000 ,0.000 ,0.000 ,6.299 ,142.400 
001538-74-5,1.000 ,4.429 ,0.954 ,0.824 ,0.000 ,1.000 ,0.000 ,4.451 ,193.590 
001582-09-8,3.000 ,5.303 ,0.947 ,0.208 ,0.000 ,0.000 ,0.000 ,17.698 ,283.030 
001596-84-5,2.000 ,0.815 ,0.928 ,0.190 ,1.000 ,2.000 ,0.000 ,0.003 ,127.410 
001610-17-9,5.000 ,6.351 ,0.954 ,0.570 ,0.000 ,0.000 ,0.000 ,4.946 ,202.720 
001615-80-1,2.000 ,0.000 ,0.953 ,0.227 ,0.000 ,0.000 ,0.000 ,0.535 ,89.340 
001646-87-3,2.000 ,3.463 ,0.938 ,-0.036 ,0.000 ,1.000 ,0.000 ,0.000 ,181.700 
001646-88-4,2.000 ,3.580 ,0.975 ,0.025 ,0.000 ,3.000 ,0.000 ,0.003 ,180.510 
001698-60-8,3.000 ,1.856 ,1.024 ,0.257 ,0.000 ,1.000 ,0.000 ,3.809 ,217.210 
001702-17-6,1.000 ,0.000 ,1.065 ,0.218 ,1.000 ,1.000 ,0.000 ,1.800 ,145.760 
001754-58-1,2.000 ,2.647 ,0.988 ,0.542 ,0.000 ,1.000 ,1.000 ,4.056 ,177.190 
001763-23-1,0.000 ,0.721 ,1.042 ,0.478 ,1.000 ,2.000 ,0.000 ,15.048 ,171.920 
001836-75-5,1.000 ,2.048 ,1.009 ,0.086 ,0.000 ,0.000 ,0.000 ,16.321 ,263.360 
001861-32-1,0.000 ,0.735 ,1.049 ,-0.047 ,0.000 ,2.000 ,0.000 ,13.311 ,247.690 
001861-40-1,3.000 ,4.849 ,0.941 ,0.046 ,0.000 ,0.000 ,0.000 ,17.698 ,282.330 
001897-45-6,2.000 ,0.000 ,1.153 ,-0.096 ,0.000 ,0.000 ,0.000 ,9.814 ,218.190 
001912-25-0,5.000 ,5.414 ,0.949 ,0.744 ,0.000 ,0.000 ,0.000 ,10.142 ,233.520 
001912-26-1,5.000 ,4.450 ,0.957 ,0.554 ,0.000 ,0.000 ,0.000 ,8.371 ,215.930 
001918-00-9,0.000 ,0.000 ,1.010 ,0.003 ,1.000 ,1.000 ,0.000 ,6.877 ,173.010 
001918-13-4,1.000 ,0.000 ,1.055 ,0.207 ,0.000 ,0.000 ,0.000 ,8.735 ,190.340 
001918-16-7,1.000 ,1.163 ,0.961 ,0.200 ,0.000 ,1.000 ,0.000 ,7.956 ,199.710 
001918-18-9,1.000 ,1.609 ,1.008 ,0.185 ,0.000 ,1.000 ,0.000 ,5.543 ,183.790 
001929-82-4,1.000 ,0.000 ,1.101 ,0.381 ,0.000 ,0.000 ,0.000 ,7.232 ,169.820 
001967-16-4,1.000 ,3.923 ,0.995 ,0.178 ,0.000 ,1.000 ,0.000 ,6.620 ,206.100 
001967-25-5,2.000 ,0.510 ,1.006 ,0.203 ,0.000 ,1.000 ,0.000 ,2.645 ,170.860 
001982-47-4,2.000 ,5.333 ,0.975 ,0.051 ,0.000 ,1.000 ,0.000 ,10.110 ,290.480 
001982-49-6,2.000 ,7.390 ,0.970 ,0.615 ,0.000 ,1.000 ,0.000 ,6.422 ,245.350 
002008-41-5,1.000 ,7.816 ,0.924 ,0.588 ,0.000 ,1.000 ,0.000 ,6.585 ,219.340 
002032-65-7,1.000 ,3.680 ,0.948 ,0.057 ,0.000 ,1.000 ,0.000 ,5.654 ,221.430 
002051-60-7,0.000 ,1.033 ,1.033 ,0.531 ,0.000 ,0.000 ,0.000 ,19.499 ,208.790 
002051-61-8,0.000 ,1.011 ,1.034 ,0.298 ,0.000 ,0.000 ,0.000 ,19.499 ,213.400 
002077-99-8,3.000 ,2.030 ,0.986 ,0.291 ,0.000 ,0.000 ,0.000 ,11.583 ,240.220 
002104-64-5,1.000 ,8.849 ,0.998 ,0.387 ,0.000 ,0.000 ,0.000 ,11.494 ,325.020 
002122-70-5,0.000 ,4.275 ,0.991 ,0.388 ,0.000 ,1.000 ,0.000 ,11.059 ,236.470 
002150-88-1,1.000 ,1.545 ,0.992 ,0.354 ,0.000 ,1.000 ,0.000 ,3.179 ,165.260 
002150-93-8,1.000 ,0.510 ,1.010 ,0.032 ,0.000 ,1.000 ,0.000 ,7.751 ,181.890 
002164-08-1,2.000 ,6.074 ,0.999 ,0.331 ,0.000 ,2.000 ,0.000 ,4.960 ,223.430 
002212-67-1,1.000 ,3.018 ,0.951 ,0.180 ,0.000 ,1.000 ,0.000 ,2.494 ,181.320 
002227-17-0,0.000 ,0.000 ,1.179 ,-0.125 ,0.000 ,0.000 ,0.000 ,31.741 ,339.040 
002234-13-1,0.000 ,0.000 ,1.191 ,0.245 ,0.000 ,0.000 ,0.000 ,42.931 ,331.170 
002303-17-5,1.000 ,5.697 ,0.953 ,0.026 ,0.000 ,1.000 ,0.000 ,9.069 ,253.610 
002307-68-8,1.000 ,5.913 ,0.921 ,0.304 ,0.000 ,1.000 ,0.000 ,13.133 ,236.790 
002310-17-0,1.000 ,6.405 ,0.997 ,0.731 ,0.000 ,1.000 ,0.000 ,3.032 ,329.800 
002327-02-8,2.000 ,0.338 ,1.011 ,0.219 ,0.000 ,1.000 ,0.000 ,4.206 ,173.720 
002385-85-5,0.000 ,0.000 ,1.228 ,-0.925 ,0.000 ,0.000 ,0.000 ,42.449 ,350.500 
002425-06-1,1.000 ,3.771 ,1.073 ,0.005 ,0.000 ,2.000 ,0.000 ,5.553 ,264.560 
002439-01-2,2.000 ,1.024 ,1.095 ,0.505 ,0.000 ,1.000 ,0.000 ,0.199 ,267.410 
002497-06-5,0.000 ,6.505 ,1.049 ,0.479 ,0.000 ,2.000 ,0.000 ,0.511 ,263.890 
002539-17-5,0.000 ,0.000 ,1.064 ,-0.140 ,0.000 ,0.000 ,0.000 ,9.168 ,192.940 
002597-03-7,0.000 ,9.792 ,1.000 ,0.528 ,0.000 ,1.000 ,0.000 ,2.962 ,301.670 
002603-10-3,1.000 ,1.340 ,0.974 ,0.423 ,0.000 ,1.000 ,0.000 ,1.435 ,147.590 
002631-37-0,1.000 ,3.580 ,0.941 ,0.126 ,0.000 ,1.000 ,0.000 ,5.716 ,207.340 
002655-14-3,1.000 ,2.950 ,0.976 ,0.099 ,0.000 ,1.000 ,0.000 ,3.306 ,178.650 
002668-24-8,0.000 ,0.000 ,1.036 ,0.023 ,0.000 ,0.000 ,0.000 ,7.488 ,172.380 
002675-77-6,0.000 ,0.796 ,0.999 ,-0.057 ,0.000 ,0.000 ,0.000 ,7.488 ,172.260 
002921-88-2,1.000 ,7.214 ,0.972 ,0.351 ,0.000 ,0.000 ,0.000 ,10.912 ,279.400 
002989-98-2,2.000 ,0.359 ,1.007 ,0.261 ,0.000 ,1.000 ,0.000 ,2.645 ,169.800 
003060-89-7,2.000 ,3.639 ,0.983 ,0.035 ,0.000 ,1.000 ,0.000 ,5.007 ,210.290 
003148-09-2,0.000 ,26.034 ,0.893 ,-0.396 ,1.000 ,3.000 ,0.000 ,3.363 ,438.640 
003337-71-1,2.000 ,2.675 ,0.968 ,0.709 ,0.000 ,3.000 ,0.000 ,0.067 ,198.230 
003383-96-8,0.000 ,8.783 ,0.955 ,0.230 ,0.000 ,0.000 ,0.000 ,11.048 ,429.500 
003424-82-6,0.000 ,2.741 ,1.027 ,0.699 ,0.000 ,0.000 ,0.000 ,34.268 ,300.020 
003478-94-2,1.000 ,6.401 ,0.954 ,0.133 ,0.000 ,1.000 ,0.000 ,16.456 ,301.790 
003481-20-7,1.000 ,0.000 ,1.105 ,0.037 ,0.000 ,0.000 ,0.000 ,13.085 ,177.630 
003597-91-9,0.000 ,2.331 ,1.017 ,0.090 ,1.000 ,0.000 ,0.000 ,9.802 ,219.230 
003766-81-2,1.000 ,4.442 ,0.919 ,0.630 ,0.000 ,1.000 ,0.000 ,5.716 ,206.950 
003813-05-6,1.000 ,0.631 ,1.037 ,0.090 ,1.000 ,2.000 ,0.000 ,2.555 ,208.160 
004090-00-0,1.000 ,1.709 ,0.960 ,0.041 ,0.000 ,1.000 ,0.000 ,3.179 ,157.870 
004147-51-7,5.000 ,9.392 ,0.963 ,0.879 ,0.000 ,0.000 ,0.000 ,10.142 ,264.950 
004684-94-0,1.000 ,0.000 ,1.037 ,0.179 ,1.000 ,1.000 ,0.000 ,0.548 ,126.220 
004780-79-4,0.000 ,0.151 ,1.016 ,0.389 ,1.000 ,0.000 ,0.000 ,7.078 ,189.430 
004901-51-3,0.000 ,0.000 ,1.120 ,0.071 ,0.000 ,0.000 ,0.000 ,13.085 ,167.200 
005221-53-4,3.000 ,4.381 ,0.954 ,0.827 ,0.000 ,0.000 ,0.000 ,6.182 ,215.350 
005259-88-1,1.000 ,5.255 ,1.005 ,0.250 ,0.000 ,3.000 ,0.000 ,0.315 ,253.670 
005345-54-0,1.000 ,0.889 ,1.009 ,-0.003 ,0.000 ,0.000 ,0.000 ,3.415 ,147.160 
005436-43-1,0.000 ,2.921 ,1.043 ,-0.076 ,0.000 ,0.000 ,0.000 ,29.732 ,314.670 
005598-13-0,1.000 ,3.331 ,1.035 ,0.087 ,0.000 ,0.000 ,0.000 ,7.458 ,244.440 
005902-51-2,2.000 ,3.237 ,0.978 ,0.355 ,0.000 ,2.000 ,0.000 ,2.725 ,186.280 
005915-41-3,5.000 ,4.151 ,0.959 ,0.466 ,0.000 ,0.000 ,0.000 ,8.371 ,215.390 
006422-86-2,0.000 ,16.667 ,0.870 ,1.510 ,0.000 ,2.000 ,0.000 ,29.446 ,391.560 
006515-38-4,1.000 ,0.000 ,1.106 ,-0.072 ,0.000 ,1.000 ,0.000 ,4.536 ,146.760 
006795-23-9,0.000 ,5.766 ,1.026 ,-0.332 ,1.000 ,2.000 ,0.000 ,1.250 ,322.650 
006933-10-4,1.000 ,0.000 ,1.024 ,0.159 ,0.000 ,0.000 ,0.000 ,6.870 ,153.630 
006988-21-2,1.000 ,3.428 ,0.931 ,-0.026 ,0.000 ,1.000 ,0.000 ,0.634 ,194.570 
007012-37-5,0.000 ,0.783 ,1.061 ,0.352 ,0.000 ,0.000 ,0.000 ,29.937 ,247.320 
007159-34-4,1.000 ,0.000 ,1.060 ,0.391 ,0.000 ,0.000 ,0.000 ,10.112 ,194.780 
007160-01-2,2.000 ,2.704 ,0.980 ,0.203 ,0.000 ,1.000 ,0.000 ,3.306 ,189.270 
007160-02-3,2.000 ,3.062 ,0.972 ,-0.122 ,0.000 ,1.000 ,0.000 ,1.635 ,194.790 
007241-98-7,0.000 ,6.958 ,1.024 ,-0.345 ,0.000 ,2.000 ,0.000 ,4.040 ,322.180 
007286-84-2,1.000 ,1.800 ,1.034 ,0.023 ,0.000 ,1.000 ,0.000 ,6.877 ,187.540 
007287-19-6,5.000 ,7.811 ,0.961 ,0.720 ,0.000 ,0.000 ,0.000 ,8.371 ,248.510 
007786-34-7,0.000 ,1.199 ,0.950 ,-0.379 ,0.000 ,2.000 ,1.000 ,0.570 ,165.200 
008001-35-2,0.000 ,0.000 ,1.066 ,-0.035 ,0.000 ,0.000 ,0.000 ,31.513 ,286.600 
009006-42-2,5.000 ,5.969 ,0.998 ,0.871 ,0.000 ,0.000 ,0.000 ,2.184 ,535.750 
010061-02-6,0.000 ,0.000 ,1.030 ,-0.168 ,0.000 ,0.000 ,0.000 ,4.332 ,75.650 
010265-92-6,1.000 ,0.000 ,1.025 ,0.127 ,0.000 ,1.000 ,1.000 ,1.493 ,106.100 
010548-10-4,0.000 ,6.250 ,1.016 ,0.024 ,0.000 ,0.000 ,0.000 ,1.640 ,290.360 
012122-67-7,2.000 ,0.167 ,1.021 ,0.266 ,0.000 ,0.000 ,0.000 ,0.111 ,266.900 
012771-68-5,2.000 ,3.413 ,0.961 ,0.302 ,1.000 ,0.000 ,0.000 ,3.291 ,258.550 
013029-08-8,0.000 ,1.158 ,1.044 ,0.706 ,0.000 ,0.000 ,0.000 ,24.476 ,222.640 
013114-87-9,2.000 ,0.376 ,0.993 ,0.320 ,0.000 ,1.000 ,0.000 ,3.749 ,153.830 
013140-86-8,2.000 ,3.556 ,1.012 ,0.503 ,0.000 ,1.000 ,0.000 ,2.034 ,185.750 
013140-89-1,2.000 ,5.685 ,1.009 ,0.117 ,0.000 ,1.000 ,0.000 ,3.995 ,214.660 
013194-48-4,0.000 ,6.645 ,0.942 ,0.173 ,0.000 ,1.000 ,1.000 ,4.244 ,227.110 
013286-32-3,0.000 ,6.818 ,0.940 ,0.692 ,0.000 ,1.000 ,1.000 ,5.053 ,243.410 
013360-45-7,2.000 ,3.853 ,0.994 ,-0.052 ,0.000 ,1.000 ,0.000 ,7.794 ,227.950 
013684-63-4,2.000 ,6.114 ,0.984 ,0.793 ,0.000 ,2.000 ,0.000 ,4.354 ,304.510 
014255-72-2,0.000 ,8.274 ,0.982 ,0.581 ,0.000 ,2.000 ,0.000 ,3.665 ,281.290 
015299-99-7,1.000 ,8.602 ,0.920 ,0.215 ,0.000 ,1.000 ,0.000 ,9.613 ,297.620 
015545-48-9,2.000 ,3.122 ,0.990 ,0.253 ,0.000 ,1.000 ,0.000 ,5.654 ,206.770 
015968-05-5,0.000 ,1.423 ,1.065 ,0.593 ,0.000 ,0.000 ,0.000 ,35.867 ,259.610 
015972-60-8,1.000 ,7.759 ,0.916 ,-0.082 ,0.000 ,1.000 ,0.000 ,10.127 ,256.520 
016752-77-5,2.000 ,2.070 ,0.982 ,0.206 ,0.000 ,1.000 ,0.000 ,0.003 ,140.560 
017804-35-2,4.000 ,7.713 ,0.934 ,0.805 ,0.000 ,2.000 ,0.000 ,2.760 ,283.580 
017924-92-4,0.000 ,13.524 ,0.948 ,0.688 ,0.000 ,2.000 ,0.000 ,7.860 ,310.570 
018691-97-9,3.000 ,2.949 ,1.030 ,0.493 ,0.000 ,1.000 ,0.000 ,3.016 ,233.560 
019044-88-3,4.000 ,6.784 ,0.956 ,0.721 ,0.000 ,2.000 ,0.000 ,3.842 ,327.090 
019095-79-5,2.000 ,7.261 ,0.989 ,0.444 ,0.000 ,1.000 ,0.000 ,6.422 ,245.680 
019937-59-8,2.000 ,3.551 ,0.979 ,0.005 ,0.000 ,1.000 ,0.000 ,3.378 ,213.520 
020354-26-1,2.000 ,1.665 ,1.050 ,0.339 ,0.000 ,2.000 ,0.000 ,6.073 ,211.880 
020782-57-4,2.000 ,2.290 ,0.959 ,-0.075 ,0.000 ,1.000 ,0.000 ,2.392 ,192.910 
021087-64-9,4.000 ,2.416 ,0.973 ,0.078 ,0.000 ,1.000 ,0.000 ,2.556 ,208.570 
021259-20-1,0.000 ,24.586 ,0.904 ,0.255 ,1.000 ,3.000 ,0.000 ,2.529 ,398.040 
021609-90-5,0.000 ,6.131 ,1.028 ,0.151 ,0.000 ,0.000 ,0.000 ,21.339 ,342.600 
022175-22-0,2.000 ,1.824 ,0.976 ,0.145 ,0.000 ,1.000 ,0.000 ,4.353 ,188.050 
022224-92-6,1.000 ,11.283 ,0.949 ,0.344 ,0.000 ,1.000 ,1.000 ,14.039 ,283.280 
022248-79-9,0.000 ,4.447 ,0.964 ,0.064 ,0.000 ,1.000 ,1.000 ,19.896 ,275.590 
023103-98-2,4.000 ,7.133 ,0.939 ,0.368 ,0.000 ,1.000 ,0.000 ,2.717 ,229.210 
023135-22-0,3.000 ,2.579 ,0.948 ,-0.178 ,0.000 ,2.000 ,0.000 ,0.214 ,187.930 
023184-66-9,1.000 ,14.898 ,0.909 ,-0.093 ,0.000 ,0.000 ,0.000 ,16.023 ,308.350 
023564-05-8,4.000 ,4.261 ,0.943 ,0.295 ,0.000 ,2.000 ,0.000 ,0.026 ,329.950 
023950-58-5,1.000 ,4.221 ,0.978 ,0.292 ,0.000 ,1.000 ,0.000 ,14.486 ,236.720 
024691-80-3,1.000 ,3.875 ,0.998 ,0.744 ,0.000 ,1.000 ,0.000 ,2.864 ,213.060 
025057-89-0,2.000 ,2.959 ,1.017 ,0.606 ,0.000 ,3.000 ,0.000 ,2.416 ,216.530 
025277-05-8,2.000 ,0.968 ,0.974 ,-0.072 ,0.000 ,1.000 ,0.000 ,1.545 ,177.880 
025311-71-1,1.000 ,14.977 ,0.945 ,0.537 ,0.000 ,1.000 ,0.000 ,9.442 ,326.480 
026225-79-6,0.000 ,5.090 ,0.971 ,-0.054 ,0.000 ,2.000 ,0.000 ,2.786 ,252.150 
026259-45-0,5.000 ,6.953 ,0.938 ,0.531 ,0.000 ,0.000 ,0.000 ,6.387 ,217.720 
026389-78-6,3.000 ,3.520 ,0.962 ,-0.498 ,0.000 ,0.000 ,0.000 ,12.577 ,275.400 
026644-46-2,4.000 ,3.439 ,0.977 ,-0.988 ,0.000 ,2.000 ,0.000 ,1.970 ,312.940 
026718-65-0,0.000 ,3.106 ,0.949 ,-0.030 ,0.000 ,2.000 ,1.000 ,0.570 ,163.190 
026934-87-2,0.000 ,20.384 ,0.929 ,-0.198 ,2.000 ,2.000 ,0.000 ,1.396 ,363.110 
027355-22-2,0.000 ,0.000 ,1.132 ,-0.023 ,0.000 ,1.000 ,0.000 ,13.240 ,204.760 
027554-26-3,0.000 ,14.375 ,0.829 ,0.923 ,0.000 ,2.000 ,0.000 ,29.446 ,391.020 
028170-54-9,2.000 ,2.581 ,0.978 ,0.120 ,0.000 ,1.000 ,0.000 ,1.635 ,195.060 
028540-82-1,4.000 ,22.361 ,0.918 ,0.475 ,0.000 ,4.000 ,0.000 ,0.586 ,417.850 
029091-05-2,4.000 ,2.551 ,0.949 ,0.125 ,0.000 ,0.000 ,0.000 ,8.592 ,280.000 
029091-21-2,4.000 ,6.389 ,0.935 ,0.619 ,0.000 ,0.000 ,0.000 ,11.962 ,318.300 
029682-39-1,1.000 ,0.000 ,1.075 ,0.062 ,0.000 ,0.000 ,0.000 ,10.697 ,169.870 
029752-43-0,0.000 ,5.649 ,0.996 ,-0.135 ,2.000 ,1.000 ,0.000 ,1.915 ,278.080 
030560-19-1,1.000 ,0.000 ,0.995 ,0.092 ,0.000 ,2.000 ,1.000 ,0.576 ,140.360 
031620-87-8,1.000 ,0.540 ,1.029 ,0.352 ,0.000 ,1.000 ,0.000 ,5.054 ,177.730 
031972-43-7,1.000 ,11.404 ,0.961 ,0.100 ,0.000 ,1.000 ,1.000 ,8.757 ,288.310 
031972-44-8,1.000 ,11.517 ,0.982 ,0.415 ,0.000 ,3.000 ,1.000 ,8.013 ,291.880 
032598-11-1,0.000 ,0.837 ,1.073 ,0.188 ,0.000 ,0.000 ,0.000 ,35.867 ,264.010 
032809-16-8,1.000 ,4.174 ,1.031 ,0.260 ,0.000 ,2.000 ,0.000 ,10.500 ,249.040 
033089-61-1,3.000 ,9.899 ,0.969 ,0.579 ,0.000 ,0.000 ,0.000 ,24.001 ,380.890 
033244-86-9,1.000 ,3.742 ,0.936 ,0.516 ,0.000 ,1.000 ,0.000 ,7.479 ,197.130 
033245-39-5,3.000 ,2.474 ,0.948 ,0.233 ,0.000 ,0.000 ,0.000 ,17.698 ,281.840 
033629-47-9,3.000 ,5.935 ,0.944 ,0.640 ,0.000 ,0.000 ,0.000 ,14.516 ,311.100 
033979-03-2,0.000 ,0.546 ,1.093 ,0.526 ,0.000 ,0.000 ,0.000 ,41.857 ,298.900 
034014-18-1,4.000 ,4.992 ,0.990 ,0.208 ,0.000 ,1.000 ,0.000 ,1.542 ,215.330 
034256-82-1,1.000 ,8.150 ,0.922 ,0.082 ,0.000 ,1.000 ,0.000 ,10.127 ,254.890 
034883-43-7,0.000 ,1.004 ,1.047 ,0.432 ,0.000 ,0.000 ,0.000 ,24.476 ,227.370 
035065-27-1,0.000 ,0.375 ,1.098 ,0.235 ,0.000 ,0.000 ,0.000 ,41.857 ,298.790 
035065-28-2,0.000 ,0.375 ,1.097 ,0.327 ,0.000 ,0.000 ,0.000 ,41.857 ,297.730 
035400-43-2,0.000 ,10.265 ,0.996 ,-0.038 ,0.000 ,0.000 ,0.000 ,10.106 ,331.540 
035554-44-0,2.000 ,6.731 ,0.962 ,0.574 ,0.000 ,0.000 ,0.000 ,9.855 ,273.880 
035693-99-3,0.000 ,1.118 ,1.071 ,0.411 ,0.000 ,0.000 ,0.000 ,35.867 ,260.250 
035694-08-7,0.000 ,0.071 ,1.122 ,0.302 ,0.000 ,0.000 ,0.000 ,48.018 ,337.010 
036455-72-8,0.000 ,14.230 ,0.945 ,1.104 ,1.000 ,1.000 ,0.000 ,8.330 ,318.770 
036627-56-2,2.000 ,4.260 ,0.982 ,0.055 ,0.000 ,1.000 ,0.000 ,4.451 ,206.040 
037680-65-2,0.000 ,1.184 ,1.057 ,0.585 ,0.000 ,0.000 ,0.000 ,29.937 ,241.110 
037680-66-3,0.000 ,1.035 ,1.058 ,0.656 ,0.000 ,0.000 ,0.000 ,29.937 ,241.290 
037680-73-2,0.000 ,0.806 ,1.084 ,0.314 ,0.000 ,0.000 ,0.000 ,38.839 ,279.320 
037924-13-3,1.000 ,4.610 ,0.994 ,1.081 ,0.000 ,4.000 ,0.000 ,6.682 ,307.100 
038379-99-6,0.000 ,1.149 ,1.081 ,0.382 ,0.000 ,0.000 ,0.000 ,38.839 ,278.240 
038380-02-8,0.000 ,0.806 ,1.084 ,0.447 ,0.000 ,0.000 ,0.000 ,38.839 ,278.110 
038411-22-2,0.000 ,1.175 ,1.091 ,0.226 ,0.000 ,0.000 ,0.000 ,41.857 ,297.280 
038727-55-8,1.000 ,9.882 ,0.907 ,-0.036 ,0.000 ,2.000 ,0.000 ,10.158 ,287.930 
039108-81-1,1.000 ,3.901 ,0.925 ,0.106 ,0.000 ,1.000 ,0.000 ,5.947 ,223.830 
039300-45-3,2.000 ,9.558 ,0.963 ,0.256 ,0.000 ,1.000 ,0.000 ,21.937 ,348.980 
040487-42-1,3.000 ,7.335 ,0.951 ,0.349 ,0.000 ,0.000 ,0.000 ,12.577 ,290.300 
041198-08-7,0.000 ,10.030 ,0.992 ,0.189 ,0.000 ,1.000 ,1.000 ,13.968 ,289.330 
041394-05-2,4.000 ,3.180 ,1.005 ,0.166 ,0.000 ,1.000 ,0.000 ,3.843 ,219.670 
041464-51-1,0.000 ,0.806 ,1.084 ,0.346 ,0.000 ,0.000 ,0.000 ,38.839 ,278.450 
041814-78-2,3.000 ,0.000 ,1.049 ,0.743 ,0.000 ,0.000 ,0.000 ,5.727 ,194.590 
042576-02-3,1.000 ,3.030 ,0.952 ,0.023 ,0.000 ,1.000 ,0.000 ,13.824 ,303.750 
042874-03-3,1.000 ,3.611 ,0.992 ,0.461 ,0.000 ,0.000 ,0.000 ,16.979 ,304.960 
043121-43-3,3.000 ,9.376 ,0.944 ,0.337 ,0.000 ,1.000 ,0.000 ,11.052 ,266.940 
051218-45-2,1.000 ,7.751 ,0.922 ,0.145 ,0.000 ,1.000 ,0.000 ,9.155 ,271.600 
051235-04-2,4.000 ,6.321 ,0.955 ,0.349 ,0.000 ,2.000 ,0.000 ,5.234 ,236.210 
051338-27-3,0.000 ,4.778 ,0.969 ,0.162 ,0.000 ,1.000 ,0.000 ,13.399 ,304.120 
051707-55-2,4.000 ,2.065 ,1.031 ,0.501 ,0.000 ,1.000 ,0.000 ,0.193 ,225.130 
052315-07-8,1.000 ,10.091 ,0.983 ,0.999 ,0.000 ,1.000 ,0.000 ,15.264 ,402.670 
052645-53-1,0.000 ,10.159 ,0.995 ,0.964 ,0.000 ,1.000 ,0.000 ,20.970 ,383.810 
053404-31-2,0.000 ,6.624 ,0.979 ,0.518 ,0.000 ,1.000 ,0.000 ,11.581 ,284.520 
053780-34-0,2.000 ,2.745 ,0.973 ,0.618 ,0.000 ,3.000 ,0.000 ,2.068 ,242.030 
054593-83-8,0.000 ,4.671 ,1.000 ,0.295 ,0.000 ,0.000 ,0.000 ,5.740 ,233.600 
055283-68-6,3.000 ,3.355 ,0.935 ,-0.229 ,0.000 ,0.000 ,0.000 ,16.946 ,291.190 
055290-64-7,0.000 ,0.000 ,1.054 ,-0.120 ,0.000 ,4.000 ,0.000 ,0.053 ,163.680 
055335-06-3,1.000 ,0.592 ,1.041 ,0.144 ,1.000 ,1.000 ,0.000 ,4.993 ,184.950 
056070-16-7,0.000 ,7.265 ,0.996 ,0.359 ,0.000 ,2.000 ,0.000 ,1.065 ,282.350 
057018-04-9,0.000 ,3.862 ,1.000 ,0.166 ,0.000 ,0.000 ,0.000 ,9.873 ,249.540 
057057-83-7,0.000 ,0.000 ,1.032 ,-0.106 ,0.000 ,0.000 ,0.000 ,7.488 ,171.820 
057966-95-7,4.000 ,1.351 ,0.962 ,-0.014 ,0.000 ,2.000 ,0.000 ,1.722 ,164.190 
058138-08-2,0.000 ,0.480 ,1.058 ,0.184 ,0.000 ,0.000 ,0.000 ,16.429 ,242.590 
059080-40-9,0.000 ,0.743 ,1.114 ,0.087 ,0.000 ,0.000 ,0.000 ,51.159 ,377.170 
059669-26-0,4.000 ,7.945 ,0.957 ,0.918 ,0.000 ,2.000 ,0.000 ,0.268 ,314.340 
059756-60-4,1.000 ,8.206 ,1.023 ,0.563 ,0.000 ,1.000 ,0.000 ,15.863 ,332.590 
060168-88-9,2.000 ,5.409 ,0.992 ,0.547 ,1.000 ,0.000 ,0.000 ,13.101 ,323.700 
060348-60-9,0.000 ,2.539 ,1.064 ,0.217 ,0.000 ,0.000 ,0.000 ,33.633 ,349.670 
062924-70-3,3.000 ,5.384 ,0.955 ,0.657 ,0.000 ,0.000 ,0.000 ,25.380 ,346.220 
063075-06-9,1.000 ,4.758 ,0.913 ,0.846 ,0.000 ,1.000 ,0.000 ,5.716 ,209.150 
064532-97-4,0.000 ,20.587 ,0.886 ,1.684 ,0.000 ,1.000 ,1.000 ,58.403 ,456.280 
064902-72-3,5.000 ,3.225 ,1.001 ,0.603 ,0.000 ,3.000 ,0.000 ,4.492 ,300.020 
066215-27-8,6.000 ,1.804 ,0.983 ,0.953 ,0.000 ,0.000 ,0.000 ,1.488 ,158.800 
066441-23-4,1.000 ,6.792 ,0.961 ,0.738 ,0.000 ,1.000 ,0.000 ,12.066 ,328.010 
066841-25-6,1.000 ,10.919 ,0.889 ,0.718 ,0.000 ,1.000 ,0.000 ,22.983 ,488.270 
067485-29-4,4.000 ,12.505 ,0.915 ,0.852 ,0.000 ,0.000 ,0.000 ,35.241 ,567.040 
068085-85-8,1.000 ,10.087 ,0.963 ,1.299 ,0.000 ,1.000 ,0.000 ,17.784 ,400.580 
068359-37-5,1.000 ,9.674 ,0.926 ,0.873 ,0.000 ,1.000 ,0.000 ,18.311 ,397.550 
068631-49-2,0.000 ,2.007 ,1.079 ,0.120 ,0.000 ,0.000 ,0.000 ,37.645 ,381.870 
069806-40-2,1.000 ,4.631 ,0.974 ,0.473 ,0.000 ,1.000 ,0.000 ,11.626 ,295.420 
069806-50-4,1.000 ,7.958 ,0.891 ,0.426 ,0.000 ,1.000 ,0.000 ,14.936 ,322.080 
070124-77-5,1.000 ,12.806 ,0.898 ,0.975 ,0.000 ,1.000 ,0.000 ,18.029 ,429.230 
071059-53-5,2.000 ,2.181 ,0.955 ,0.516 ,0.000 ,1.000 ,0.000 ,4.370 ,203.670 
071626-11-4,1.000 ,14.030 ,0.918 ,0.919 ,0.000 ,2.000 ,0.000 ,13.285 ,334.160 
072178-02-0,2.000 ,3.663 ,1.004 ,0.274 ,0.000 ,3.000 ,0.000 ,7.987 ,344.260 
072490-01-8,1.000 ,5.290 ,0.968 ,0.647 ,0.000 ,1.000 ,0.000 ,5.604 ,293.540 
074051-80-2,1.000 ,13.464 ,0.916 ,0.481 ,1.000 ,1.000 ,0.000 ,5.279 ,324.290 
074115-24-5,4.000 ,2.071 ,1.033 ,1.005 ,0.000 ,0.000 ,0.000 ,25.710 ,313.520 
074223-56-6,4.000 ,4.739 ,0.987 ,0.871 ,1.000 ,4.000 ,0.000 ,0.677 ,310.350 
074223-64-6,5.000 ,4.908 ,0.966 ,0.529 ,0.000 ,4.000 ,0.000 ,2.778 ,323.160 
076578-12-6,2.000 ,4.017 ,0.962 ,0.368 ,1.000 ,1.000 ,0.000 ,7.616 ,334.380 
076738-62-0,3.000 ,9.429 ,0.934 ,0.534 ,1.000 ,0.000 ,0.000 ,14.213 ,279.350 
077501-63-4,1.000 ,5.491 ,0.976 ,0.286 ,0.000 ,2.000 ,0.000 ,17.797 ,370.090 
078508-43-7,2.000 ,4.579 ,0.992 ,0.252 ,0.000 ,1.000 ,0.000 ,7.817 ,237.730 
078508-45-9,2.000 ,0.822 ,0.983 ,0.044 ,0.000 ,1.000 ,0.000 ,2.645 ,151.640 
078508-46-0,2.000 ,1.450 ,0.998 ,0.177 ,0.000 ,1.000 ,0.000 ,3.749 ,185.740 
078587-05-0,2.000 ,10.664 ,0.972 ,0.668 ,0.000 ,2.000 ,0.000 ,9.198 ,336.870 
079241-46-6,1.000 ,7.958 ,0.955 ,0.738 ,0.000 ,1.000 ,0.000 ,14.936 ,322.450 
079277-27-3,5.000 ,3.720 ,0.939 ,0.580 ,0.000 ,4.000 ,0.000 ,1.452 ,319.820 
079755-43-4,0.000 ,3.486 ,1.029 ,-0.028 ,0.000 ,0.000 ,0.000 ,20.902 ,321.960 
080045-51-8,1.000 ,3.478 ,0.940 ,0.520 ,0.000 ,1.000 ,0.000 ,9.858 ,196.210 
080045-52-9,1.000 ,4.948 ,0.922 ,0.570 ,0.000 ,1.000 ,0.000 ,12.434 ,247.980 
081334-34-1,3.000 ,5.855 ,0.960 ,0.358 ,1.000 ,2.000 ,0.000 ,1.490 ,246.620 
081335-77-5,3.000 ,7.774 ,0.972 ,0.556 ,1.000 ,2.000 ,0.000 ,3.029 ,281.310 
081405-85-8,2.000 ,10.401 ,0.959 ,0.625 ,0.000 ,2.000 ,0.000 ,7.628 ,284.810 
081777-89-1,1.000 ,5.389 ,0.983 ,-0.010 ,0.000 ,1.000 ,0.000 ,7.164 ,220.740 
082558-50-7,2.000 ,8.403 ,0.868 ,-0.049 ,0.000 ,1.000 ,0.000 ,6.763 ,324.160 
082657-04-3,0.000 ,10.734 ,1.003 ,1.345 ,0.000 ,1.000 ,0.000 ,29.164 ,396.070 
083055-99-6,4.000 ,6.447 ,0.964 ,0.307 ,0.000 ,4.000 ,0.000 ,3.119 ,356.980 
086209-51-0,4.000 ,4.444 ,0.924 ,0.884 ,0.000 ,4.000 ,0.000 ,4.038 ,341.470 
087818-31-3,0.000 ,11.662 ,0.956 ,-0.260 ,0.000 ,0.000 ,0.000 ,11.335 ,282.270 
088671-89-0,4.000 ,4.927 ,0.965 ,0.537 ,0.000 ,0.000 ,0.000 ,11.821 ,260.240 
091465-08-6,1.000 ,10.087 ,0.873 ,1.281 ,0.000 ,1.000 ,0.000 ,17.784 ,397.500 
097383-42-1,0.000 ,2.751 ,0.985 ,0.421 ,0.000 ,3.000 ,0.000 ,2.413 ,209.530 
097780-06-8,6.000 ,7.703 ,0.930 ,0.720 ,0.000 ,4.000 ,0.000 ,2.598 ,356.340 
099387-89-0,3.000 ,8.487 ,0.956 ,0.636 ,0.000 ,0.000 ,0.000 ,14.244 ,293.050 
101200-48-0,5.000 ,7.964 ,0.945 ,0.709 ,0.000 ,4.000 ,0.000 ,3.697 ,342.440 
102851-06-9,2.000 ,14.919 ,0.926 ,1.230 ,0.000 ,1.000 ,0.000 ,23.140 ,461.160 
120162-55-2,10.000 ,6.171 ,0.931 ,1.211 ,0.000 ,3.000 ,0.000 ,1.991 ,352.540 
121552-61-2,3.000 ,6.376 ,1.003 ,0.490 ,0.000 ,0.000 ,0.000 ,9.240 ,268.580 
122931-48-0,5.000 ,6.264 ,0.933 ,0.590 ,0.000 ,5.000 ,0.000 ,0.222 ,361.100 
126535-15-7,6.000 ,9.689 ,0.940 ,0.884 ,0.000 ,4.000 ,0.000 ,6.045 ,392.810 
131341-86-1,2.000 ,0.653 ,1.040 ,0.813 ,0.000 ,0.000 ,0.000 ,2.029 ,215.460 
144740-54-5,5.000 ,7.834 ,0.944 ,0.744 ,0.000 ,3.000 ,0.000 ,3.934 ,361.790 
145348-20-5,0.000 ,4.673 ,1.000 ,0.444 ,0.000 ,3.000 ,0.000 ,4.437 ,244.680 
145348-21-6,0.000 ,5.530 ,0.937 ,0.903 ,0.000 ,3.000 ,0.000 ,5.617 ,259.650 
145348-22-7,0.000 ,2.923 ,0.996 ,0.297 ,0.000 ,3.000 ,0.000 ,4.421 ,229.150 
145348-24-9,0.000 ,5.190 ,0.938 ,0.594 ,0.000 ,3.000 ,0.000 ,8.376 ,276.580 
145348-25-0,0.000 ,3.288 ,0.998 ,0.293 ,0.000 ,3.000 ,0.000 ,5.016 ,242.270 
145348-26-1,1.000 ,2.414 ,0.988 ,0.224 ,0.000 ,3.000 ,0.000 ,2.563 ,237.680 
160790-03-4,1.000 ,6.551 ,0.952 ,0.381 ,0.000 ,3.000 ,0.000 ,5.843 ,288.410 
160790-06-7,0.000 ,4.368 ,0.986 ,0.269 ,0.000 ,3.000 ,0.000 ,6.286 ,259.980 
160790-07-8,0.000 ,5.396 ,0.987 ,0.389 ,0.000 ,3.000 ,0.000 ,7.656 ,276.220 
160790-09-0,0.000 ,3.931 ,0.984 ,0.435 ,0.000 ,3.000 ,0.000 ,5.638 ,246.810 
160790-13-6,0.000 ,7.870 ,0.979 ,0.154 ,0.000 ,3.000 ,0.000 ,6.896 ,277.530 
160790-14-7,0.000 ,6.332 ,0.954 ,0.663 ,0.000 ,3.000 ,0.000 ,5.617 ,262.640 
160790-17-0,0.000 ,3.632 ,0.975 ,0.525 ,0.000 ,3.000 ,0.000 ,3.366 ,226.350 
160790-18-1,0.000 ,4.461 ,0.979 ,0.240 ,0.000 ,3.000 ,0.000 ,4.437 ,242.950 
160790-19-2,0.000 ,6.551 ,0.970 ,0.857 ,0.000 ,3.000 ,0.000 ,5.617 ,259.740 
207122-15-4,0.000 ,2.241 ,1.076 ,0.005 ,0.000 ,0.000 ,0.000 ,37.645 ,382.730 
207122-16-5,0.000 ,1.628 ,1.080 ,-0.342 ,0.000 ,0.000 ,0.000 ,41.760 ,410.320 
KOC-01,3.000 ,1.800 ,0.997 ,0.433 ,0.000 ,0.000 ,0.000 ,5.581 ,186.350 
KOC-03,3.000 ,0.000 ,1.047 ,0.345 ,0.000 ,0.000 ,0.000 ,2.257 ,121.240 
KOC-04,3.000 ,0.000 ,1.065 ,0.259 ,0.000 ,0.000 ,0.000 ,2.810 ,140.540 
KOC-05,3.000 ,0.000 ,1.092 ,0.148 ,0.000 ,0.000 ,0.000 ,5.188 ,159.030 
KOC-07,1.000 ,1.386 ,0.951 ,0.297 ,0.000 ,1.000 ,0.000 ,3.306 ,174.590 
KOC-08,1.000 ,1.831 ,0.946 ,0.407 ,0.000 ,1.000 ,0.000 ,4.451 ,191.170 
KOC-09,1.000 ,0.774 ,0.956 ,0.082 ,0.000 ,1.000 ,0.000 ,0.433 ,148.560 
KOC-11,1.000 ,0.397 ,0.987 ,0.290 ,0.000 ,1.000 ,0.000 ,2.645 ,154.780 
KOC-12,3.000 ,1.903 ,0.995 ,-0.154 ,0.000 ,2.000 ,0.000 ,3.295 ,259.040 
KOC-13,3.000 ,3.227 ,0.954 ,0.175 ,0.000 ,2.000 ,0.000 ,5.808 ,289.970 
KOC-16,3.000 ,3.831 ,0.941 ,0.460 ,0.000 ,2.000 ,0.000 ,7.241 ,306.040 
KOC-17,3.000 ,8.197 ,0.949 ,0.398 ,0.000 ,2.000 ,0.000 ,10.410 ,339.270 