CAS-Number,X%,EHOMO,Mor29u,NdsCH,GATS1e,X3A,1/T,SdsCH,nR=Cp,F02[F-Br],RDF015m,BIC1,SpMin8_Bh(p),NssssC
000002-52-3,23.8,-0.2765,-0.176,0,0.565,0.196,0.003356 ,0,0,0,5.173,0.513,0.084,0
000057-14-7,0,-0.22958,-0.144,0,1.089,0,0.003356 ,0,0,0,2.755,0.566,0,0
000062-53-3,0,-0.21247,-0.05,0,1.423,0.237,0.003356 ,0,0,0,2.467,0.491,0,0
000064-17-5,0,-0.28053,-0.178,0,1.07,0,0.001912 ,0,0,0,1.802,0.627,0,0
000064-17-5,0,-0.28053,-0.178,0,1.07,0,0.001239 ,0,0,0,1.802,0.627,0,0
000066-25-1,0,-0.2631,-0.664,1,0.526,0.302,0.003356 ,0.982,0,0,4.55,0.47,0,0
000067-63-0,0,-0.27914,-0.312,0,1.053,0,0.003367 ,0,0,0,2.762,0.515,0,0
000067-64-1,0,-0.25918,-0.318,0,0.5,0,0.001147 ,0,0,0,1.943,0.473,0,0
000067-64-1,0,-0.25918,-0.318,0,0.5,0,0.000900 ,0,0,0,1.943,0.473,0,0
000067-64-1,0,-0.25918,-0.318,0,0.5,0,0.000765 ,0,0,0,1.943,0.473,0,0
000071-23-8,0,-0.28026,-0.28,0,1.053,0.5,0.003953 ,0,0,0,2.685,0.563,0,0
000071-23-8,0,-0.28026,-0.28,0,1.053,0.5,0.002809 ,0,0,0,2.685,0.563,0,0
000071-43-2,0,-0.26009,0.024,0,0.917,0.25,0.003356 ,0,0,0,1.965,0.256,0,0
000071-43-2,0,-0.26009,0.024,0,0.917,0.25,0.002464 ,0,0,0,1.965,0.256,0,0
000074-84-0,0,-0.34598,-0.307,0,2,0,0.004329 ,0,0,0,0.908,0.289,0,0
000074-84-0,0,-0.34598,-0.307,0,2,0,0.003344 ,0,0,0,0.908,0.289,0,0
000074-84-0,0,-0.34598,-0.307,0,2,0,0.002817 ,0,0,0,0.908,0.289,0,0
000074-85-1,0,-0.28151,-0.074,0,1.5,0,0.003356 ,0,2,0,0.054,0.355,0,0
000074-90-8,0,-0.37486,-0.024,0,0.568,0,0.003356 ,0,0,0,0,0.792,0,0
000074-98-6,0,-0.33024,-0.429,0,1.833,0,0.004762 ,0,0,0,1.811,0.33,0,0
000074-98-6,0,-0.33024,-0.429,0,1.833,0,0.003356 ,0,0,0,1.811,0.33,0,0
000074-99-7,0,-0.27604,-0.086,0,1.167,0,0.003356 ,0,0,0,0.831,0.709,0,0
000075-05-8,0,-0.34056,-0.037,0,0.5,0,0.003356 ,0,0,0,0.824,0.638,0,0
000075-11-6,40,-0.26573,-0.085,0,0.671,0,0.003356 ,0,0,0,0,0.761,0,0
000075-25-2,60,-0.29226,-0.045,0,0.916,0,0.003356 ,0,0,0,0,0.685,0,0
000075-26-3,9.1,-0.2766,-0.395,0,0.553,0,0.003676 ,0,0,0,1.929,0.449,0,0
000075-26-3,9.1,-0.2766,-0.395,0,0.553,0,0.002083 ,0,0,0,1.929,0.449,0,0
000075-28-5,0,-0.32412,-0.513,0,1.75,0,0.003953 ,0,0,0,2.654,0.296,0,0
000075-28-5,0,-0.32412,-0.513,0,1.75,0,0.003356 ,0,0,0,2.654,0.296,0,0
000075-28-5,0,-0.32412,-0.513,0,1.75,0,0.002915 ,0,0,0,2.654,0.296,0,0
000075-29-6,9.1,-0.29622,-0.307,0,0.51,0,0.003356 ,0,0,0,1.922,0.449,0,0
000075-37-6,25,-0.35388,-0.232,0,0.577,0,0.003356 ,0,0,0,1.695,0.623,0,0
000075-46-7,60,-0.41722,-0.101,0,1.103,0,0.003356 ,0,0,0,0.416,0.685,0,0
000075-63-8,80,-0.33211,-0.062,0,1.822,0,0.003356 ,0,0,3,0.292,0.685,0,1
000075-69-4,80,-0.33148,0.033,0,1.99,0,0.003356 ,0,0,0,0.142,0.685,0,1
000075-76-3,0,-0.30128,-0.193,0,2.965,0,0.003356 ,0,0,0,0,0.272,0,0
000075-89-8,33.3,-0.31929,-0.062,0,0.916,0.354,0.003356 ,0,0,0,2.037,0.806,0,1
000075-91-2,0,-0.26617,-0.329,0,0.578,0.354,0.004132 ,0,0,0,5.281,0.491,0,1
000075-91-2,0,-0.26617,-0.329,0,0.578,0.354,0.002857 ,0,0,0,5.281,0.491,0,1
000076-37-9,33.3,-0.31248,-0.074,0,0.85,0.275,0.003597 ,0,0,0,3.482,0.729,0,1
000076-37-9,33.3,-0.31248,-0.074,0,0.85,0.275,0.002959 ,0,0,0,3.482,0.729,0,1
000078-00-2,0,-0.24454,-0.81,0,2.595,0.25,0.003356 ,0,0,0,3.587,0.276,0.686,0
000078-38-6,0,-0.28643,-0.59,0,1.027,0.233,0.002874 ,0,0,0,9.972,0.42,0,0
000078-40-0,0,-0.29224,-0.588,0,1.088,0.213,0.002882 ,0,0,0,12.689,0.404,0,0
000078-79-5,0,-0.23944,-0.253,1,1.3,0.408,0.003003 ,1.722,2,0,2.045,0.601,0,0
000078-79-5,0,-0.23944,-0.253,1,1.3,0.408,0.002611 ,1.722,2,0,2.045,0.601,0,0
000078-85-3,0,-0.2694,-0.306,1,0.5,0.408,0.003356 ,0.722,1,0,2.063,0.724,0,0
000078-93-3,0,-0.25487,-0.445,0,0.506,0.408,0.001138 ,0,0,0,2.785,0.501,0,0
000078-93-3,0,-0.25487,-0.445,0,0.506,0.408,0.000962 ,0,0,0,2.785,0.501,0,0
000078-93-3,0,-0.25487,-0.445,0,0.506,0.408,0.000852 ,0,0,0,2.785,0.501,0,0
000078-93-3,0,-0.25487,-0.445,0,0.506,0.408,0.000733 ,0,0,0,2.785,0.501,0,0
000079-02-7,28.6,-0.30109,-0.031,1,0.723,0.408,0.003356 ,0.448,0,0,0.936,0.898,0,0
000079-24-3,0,-0.30998,-0.197,0,0.215,0.408,0.003356 ,0,0,0,2.09,0.567,0,0
000079-29-8,0,-0.30974,-0.868,0,1.667,0.333,0.001127 ,0,0,0,4.225,0.272,0,0
000079-29-8,0,-0.30974,-0.868,0,1.667,0.333,0.001024 ,0,0,0,4.225,0.272,0,0
000079-29-8,0,-0.30974,-0.868,0,1.667,0.333,0.000924 ,0,0,0,4.225,0.272,0,0
000079-29-8,0,-0.30974,-0.868,0,1.667,0.333,0.000845 ,0,0,0,4.225,0.272,0,0
000079-29-8,0,-0.30974,-0.868,0,1.667,0.333,0.000774 ,0,0,0,4.225,0.272,0,0
000079-38-9,66.7,-0.27712,-0.068,0,1.392,0.333,0.003356 ,0,2,0,0.303,0.693,0,0
000080-62-6,0,-0.27741,-0.346,0,0.729,0.297,0.003401 ,0,1,0,3.125,0.685,0,0
000085-01-8,0,-0.22369,-0.275,0,0.758,0.174,0.003378 ,0,0,0,7.034,0.292,0.2,0
000085-01-8,0,-0.22369,-0.275,0,0.758,0.174,0.002667 ,0,0,0,7.034,0.292,0.2,0
000086-57-7,0,-0.25071,-0.145,0,0.187,0.179,0.003356 ,0,0,0,5.663,0.446,0.043,0
000087-44-5,0,-0.23358,-1.471,1,1.235,0.178,0.003356 ,2.42,1,0,11.936,0.468,0.904,1
000091-16-7,0,-0.21132,-0.006,0,0.886,0.208,0.003356 ,0,0,0,3.882,0.541,0,0
000091-20-3,0,-0.22589,-0.05,0,0.805,0.193,0.002976 ,0,0,0,4.528,0.302,0.023,0
000092-52-4,0,-0.23589,-0.068,0,0.837,0.198,0.003356 ,0,0,0,5.102,0.278,0.133,0
000092-52-4,0,-0.23589,-0.068,0,0.837,0.198,0.002874 ,0,0,0,5.102,0.278,0.133,0
000095-48-7,0,-0.22902,-0.029,0,0.985,0.231,0.003340 ,0,0,0,3.279,0.636,0,0
000095-48-7,0,-0.22902,-0.029,0,0.985,0.231,0.002904 ,0,0,0,3.279,0.636,0,0
000095-48-7,0,-0.22902,-0.029,0,0.985,0.231,0.002452 ,0,0,0,3.279,0.636,0,0
000095-80-7,0,-0.19432,-0.301,0,1.523,0.22,0.003356 ,0,0,0,4.042,0.643,0,0
000096-18-4,27.3,-0.3098,-0.2,0,0.557,0.348,0.003356 ,0,0,0,1.9,0.539,0,0
000096-22-0,0,-0.2553,-0.606,0,0.515,0.348,0.001019 ,0,0,0,3.758,0.418,0,0
000096-22-0,0,-0.2553,-0.606,0,0.515,0.348,0.000877 ,0,0,0,3.758,0.418,0,0
000096-22-0,0,-0.2553,-0.606,0,0.515,0.348,0.000795 ,0,0,0,3.758,0.418,0,0
000096-22-0,0,-0.2553,-0.606,0,0.515,0.348,0.000739 ,0,0,0,3.758,0.418,0,0
000097-88-1,0,-0.2752,-0.84,0,0.708,0.267,0.003484 ,0,1,0,5.99,0.565,0,0
000097-96-1,0,-0.25986,-0.654,1,0.526,0.289,0.003356 ,1.028,0,0,4.409,0.479,0,0
000098-55-5,0,-0.23054,-0.964,1,1.007,0.203,0.003356 ,2.256,0,0,9.1,0.512,0.453,1
000098-95-3,0,-0.29234,0.02,0,0.193,0.216,0.003356 ,0,0,0,3.023,0.472,0,0
000099-86-5,0,-0.20351,-0.893,2,1.25,0.215,0.003378 ,4.53,0,0,7.542,0.471,0.281,0
000100-41-4,0,-0.24616,-0.251,0,1.063,0.23,0.003356 ,0,0,0,3.898,0.509,0,0
000100-52-7,0,-0.26976,-0.035,1,0.464,0.23,0.003356 ,0.833,0,0,2.997,0.449,0,0
000100-66-3,0,-0.22893,-0.031,0,0.85,0.23,0.003140 ,0,0,0,2.946,0.53,0,0
000100-66-3,0,-0.22893,-0.031,0,0.85,0.23,0.002594 ,0,0,0,2.946,0.53,0,0
000100-66-3,0,-0.22893,-0.031,0,0.85,0.23,0.002370 ,0,0,0,2.946,0.53,0,0
000101-55-3,4.3,-0.23295,0.124,0,0.753,0.206,0.002890 ,0,0,0,4.518,0.399,0.133,0
000101-84-8,0,-0.23025,0.184,0,0.823,0.206,0.003367 ,0,0,0,4.55,0.315,0.133,0
000101-84-8,0,-0.23025,0.184,0,0.823,0.206,0.002924 ,0,0,0,4.55,0.315,0.133,0
000103-65-1,0,-0.24731,-0.2,0,1.111,0.22,0.003356 ,0,0,0,4.776,0.513,0.029,0
000105-46-4,0,-0.27432,-0.637,0,0.71,0.262,0.003356 ,0,0,0,5.063,0.479,0,0
000106-36-5,0,-0.28116,-0.786,0,0.71,0.291,0.003356 ,0,0,0,4.941,0.479,0,0
000106-47-8,7.1,-0.21705,-0.075,0,0.82,0.23,0.003356 ,0,0,0,2.399,0.617,0,0
000106-93-4,25,-0.29301,-0.249,0,0.511,0.5,0.003356 ,0,0,0,0.994,0.534,0,0
000106-94-5,9.1,-0.27823,-0.383,0,0.553,0.5,0.003676 ,0,0,0,1.846,0.504,0,0
000106-94-5,9.1,-0.27823,-0.383,0,0.553,0.5,0.002083 ,0,0,0,1.846,0.504,0,0
000106-97-8,0,-0.32504,-0.582,0,1.75,0.5,0.003356 ,0,0,0,2.702,0.31,0,0
000106-97-8,0,-0.32504,-0.582,0,1.75,0.5,0.002941 ,0,0,0,2.702,0.31,0,0
000106-98-9,0,-0.26291,-0.32,1,1.5,0.5,0.003356 ,1.875,1,0,1.929,0.62,0,0
000106-99-0,0,-0.24321,-0.094,2,1.25,0.5,0.003663 ,3.278,2,0,0.969,0.396,0,0
000106-99-0,0,-0.24321,-0.094,2,1.25,0.5,0.002833 ,3.278,2,0,0.969,0.396,0,0
000107-00-6,0,-0.27408,-0.151,0,1.25,0.5,0.003356 ,0,0,0,1.718,0.625,0,0
000107-07-3,11.1,-0.29967,-0.147,0,0.921,0.5,0.003356 ,0,0,0,1.75,0.76,0,0
000107-18-6,0,-0.27075,-0.08,1,1.07,0.5,0.003356 ,1.431,1,0,1.905,0.797,0,0
000107-21-1,0,-0.28621,-0.035,0,1.165,0.5,0.003356 ,0,0,0,2.532,0.606,0,0
000107-40-4,0,-0.23754,-0.85,1,1.5,0.204,0.003356 ,2.271,0,0,5.408,0.406,0,1
000107-87-9,0,-0.25631,-0.591,0,0.515,0.289,0.001047 ,0,0,0,3.75,0.481,0,0
000107-87-9,0,-0.25631,-0.591,0,0.515,0.289,0.000889 ,0,0,0,3.75,0.481,0,0
000107-92-6,0,-0.29185,-0.348,0,0.809,0.289,0.003356 ,0,0,0,3,0.631,0,0
000108-05-4,0,-0.26468,-0.174,1,0.753,0.289,0.003401 ,1.1,1,0,1.655,0.755,0,0
000108-10-1,0,-0.25635,-0.571,0,0.526,0.236,0.003356 ,0,0,0,4.57,0.442,0,0
000108-31-6,0,-0.31591,0.036,2,0.79,0.217,0.003356 ,2.171,0,0,2.888,0.636,0,0
000108-68-9,0,-0.22685,-0.115,0,0.985,0.201,0.003356 ,0,0,0,4.291,0.61,0,0
000108-90-7,8.3,-0.25749,-0.005,0,0.459,0.237,0.003356 ,0,0,0,1.927,0.422,0,0
000108-90-7,8.3,-0.25749,-0.005,0,0.459,0.237,0.001835 ,0,0,0,1.927,0.422,0,0
000108-94-1,0,-0.24877,-0.55,0,0.484,0.237,0.003356 ,0,0,0,5.358,0.416,0,0
000109-60-4,0,-0.28225,-0.577,0,0.717,0.284,0.003356 ,0,0,0,4.022,0.522,0,0
000109-66-0,0,-0.3195,-0.775,0,1.7,0.354,0.002941 ,0,0,0,3.599,0.29,0,0
000109-66-0,0,-0.3195,-0.775,0,1.7,0.354,0.001192 ,0,0,0,3.599,0.29,0,0
000109-66-0,0,-0.3195,-0.775,0,1.7,0.354,0.001071 ,0,0,0,3.599,0.29,0,0
000109-66-0,0,-0.3195,-0.775,0,1.7,0.354,0.001004 ,0,0,0,3.599,0.29,0,0
000109-66-0,0,-0.3195,-0.775,0,1.7,0.354,0.000863 ,0,0,0,3.599,0.29,0,0
000109-66-0,0,-0.3195,-0.775,0,1.7,0.354,0.000822 ,0,0,0,3.599,0.29,0,0
000109-69-3,7.1,-0.29663,-0.507,0,0.525,0.354,0.003356 ,0,0,0,2.742,0.44,0,0
000109-94-4,0,-0.29446,-0.211,1,0.756,0.354,0.003356 ,0.431,0,0,2.073,0.695,0,0
000110-01-0,0,-0.21853,-0.541,0,0.841,0.25,0.003356 ,0,0,0,2.702,0.418,0,0
000110-43-0,0,-0.25304,-0.851,0,0.538,0.277,0.003356 ,0,0,0,5.465,0.408,0,0
000110-54-3,0,-0.31304,-0.893,0,1.667,0.319,0.002941 ,0,0,0,4.496,0.272,0,0
000110-54-3,0,-0.31304,-0.893,0,1.667,0.319,0.001145 ,0,0,0,4.496,0.272,0,0
000110-54-3,0,-0.31304,-0.893,0,1.667,0.319,0.001073 ,0,0,0,4.496,0.272,0,0
000110-54-3,0,-0.31304,-0.893,0,1.667,0.319,0.000907 ,0,0,0,4.496,0.272,0,0
000110-54-3,0,-0.31304,-0.893,0,1.667,0.319,0.000840 ,0,0,0,4.496,0.272,0,0
000110-54-3,0,-0.31304,-0.893,0,1.667,0.319,0.000770 ,0,0,0,4.496,0.272,0,0
000110-82-7,0,-0.29925,-0.765,0,1.417,0.25,0.003356 ,0,0,0,5.271,0.22,0,0
000110-82-7,0,-0.29925,-0.765,0,1.417,0.25,0.002667 ,0,0,0,5.271,0.22,0,0
000110-93-0,0,-0.23813,-0.692,1,0.536,0.26,0.003356 ,2.085,0,0,5.865,0.466,0,0
000111-30-8,0,-0.27006,-0.299,2,0.505,0.302,0.003356 ,1.646,0,0,3.705,0.585,0,0
000111-65-9,0,-0.30505,-1.146,0,1.625,0.291,0.003356 ,0,0,0,6.29,0.246,0.368,0
000111-84-2,0,-0.30216,-1.24,0,1.611,0.285,0.003356 ,0,0,0,7.186,0.235,0.44,0
000112-36-7,0,-0.26183,-0.967,0,0.921,0.276,0.003356 ,0,0,0,7.953,0.312,0.599,0
000115-11-7,0,-0.25118,-0.368,0,1.5,0,0.003356 ,0,1,0,2.056,0.546,0,0
000116-09-6,0,-0.26325,-0.261,0,0.84,0.408,0.003356 ,0,0,0,2.645,0.695,0,0
000120-12-7,0,-0.20495,-0.202,0,0.758,0.178,0.003356 ,0,0,0,7.125,0.292,0.278,0
000120-80-9,0,-0.22156,0.227,0,1.07,0.231,0.003356 ,0,0,0,2.441,0.547,0,0
000121-46-0,0,-0.23073,-0.35,4,0.938,0.188,0.003356 ,9.185,0,0,4.802,0.521,0,0
000123-35-3,0,-0.23759,-0.713,2,1.3,0.272,0.003356 ,4.035,2,0,5.982,0.54,0.293,0
000123-35-3,0,-0.23759,-0.713,2,1.3,0.272,0.002833 ,4.035,2,0,5.982,0.54,0.293,0
000123-35-3,0,-0.23759,-0.713,2,1.3,0.272,0.002481 ,4.035,2,0,5.982,0.54,0.293,0
000123-72-8,0,-0.26421,-0.389,1,0.506,0.354,0.003356 ,0.931,0,0,2.754,0.591,0,0
000124-40-3,0,-0.22626,-0.085,0,1.379,0,0.003356 ,0,0,0,1.947,0.496,0,0
000127-18-4,66.7,-0.26844,-0.034,0,1.5,0.333,0.003356 ,0,2,0,0.139,0.355,0,0
000132-64-9,0,-0.23381,0.218,0,0.787,0.17,0.003367 ,0,0,0,5.499,0.389,0.061,0
000132-64-9,0,-0.23381,0.218,0,0.787,0.17,0.002591 ,0,0,0,5.499,0.389,0.061,0
000141-32-2,0,-0.28501,-0.685,1,0.71,0.285,0.003401 ,1.176,1,0,4.944,0.608,0,0
000141-78-6,0,-0.28284,-0.461,0,0.73,0.289,0.003356 ,0,0,0,3.154,0.55,0,0
000142-82-5,0,-0.30867,-1.02,0,1.643,0.302,0.001193 ,0,0,0,5.393,0.258,0,0
000142-82-5,0,-0.30867,-1.02,0,1.643,0.302,0.001070 ,0,0,0,5.393,0.258,0,0
000142-82-5,0,-0.30867,-1.02,0,1.643,0.302,0.000903 ,0,0,0,5.393,0.258,0,0
000142-82-5,0,-0.30867,-1.02,0,1.643,0.302,0.000858 ,0,0,0,5.393,0.258,0,0
000142-82-5,0,-0.30867,-1.02,0,1.643,0.302,0.000798 ,0,0,0,5.393,0.258,0,0
000151-56-4,0,-0.25683,-0.152,0,1.217,0,0.003356 ,0,0,0,3.135,0.583,0,0
000156-60-5,33.3,-0.26866,-0.154,2,0.62,0.5,0.003356 ,2.475,2,0,0.062,0.613,0,0
000206-44-0,0,-0.2247,-0.058,0,0.7,0.157,0.002591 ,0,0,0,8.641,0.294,0.524,0
000208-96-8,0,-0.22684,-0.158,2,0.72,0.167,0.003378 ,4.356,0,0,6.545,0.423,0.081,0
000280-33-1,0,-0.28417,-0.791,0,1.255,0.197,0.003356 ,0,0,0,7.19,0.274,0.134,0
000287-92-3,0,-0.31513,-0.715,0,1.4,0.25,0.003333 ,0,0,0,4.045,0.235,0,0
000287-92-3,0,-0.31513,-0.715,0,1.4,0.25,0.002564 ,0,0,0,4.045,0.235,0,0
000291-64-5,0,-0.30164,-0.976,0,1.429,0.25,0.003356 ,0,0,0,5.765,0.209,0,0
000291-64-5,0,-0.30164,-0.976,0,1.429,0.25,0.002564 ,0,0,0,5.765,0.209,0,0
000292-64-8,0,-0.29149,-1.161,0,1.438,0.25,0.002667 ,0,0,0,6.747,0.2,0.338,0
000311-89-7,67.5,-0.36698,-0.705,0,1.625,0.175,0.003356 ,0,0,0,12.009,0.281,0.81,12
000353-36-6,12.5,-0.34061,-0.227,0,0.508,0,0.003356 ,0,0,0,1.652,0.552,0,0
000354-23-4,62.5,-0.34174,-0.056,0,1.115,0.289,0.003356 ,0,0,0,1.384,0.768,0,1
000371-62-0,11.1,-0.29919,-0.13,0,0.783,0.5,0.003356 ,0,0,0,2.321,0.76,0,0
000406-58-6,35.7,-0.36759,-0.33,0,0.682,0.177,0.003356 ,0,0,0,4.199,0.581,0,2
000421-14-7,33.3,-0.34597,-0.104,0,0.876,0.354,0.003356 ,0,0,0,1.586,0.704,0,1
000422-05-9,41.7,-0.32378,-0.147,0,0.981,0.243,0.003597 ,0,0,0,3.158,0.708,0,2
000422-05-9,41.7,-0.32378,-0.147,0,0.981,0.243,0.002793 ,0,0,0,3.158,0.708,0,2
000431-03-8,0,-0.25807,-0.389,0,0.517,0.333,0.003356 ,0,0,0,2.726,0.484,0,0
000460-12-8,0,-0.27511,0.024,0,0.75,0.5,0.003356 ,0,0,0,0.162,0.5,0,0
000461-18-7,20,-0.29582,-0.266,0,0.699,0.256,0.003704 ,0,0,0,4.173,0.636,0,1
000461-18-7,20,-0.29582,-0.266,0,0.699,0.256,0.003096 ,0,0,0,4.173,0.636,0,1
000463-82-1,0,-0.32304,-0.534,0,1.7,0,0.003356 ,0,0,0,3.409,0.272,0,1
000488-17-5,0,-0.22099,0.021,0,1.046,0.222,0.003356 ,0,0,0,3.549,0.67,0,0
000496-16-2,0,-0.22132,-0.151,0,0.806,0.189,0.003356 ,0,0,0,5.054,0.609,0,0
000499-94-5,0,-0.23385,-0.895,1,1.35,0.215,0.003356 ,2.411,0,0,8.178,0.435,0.419,0
000503-30-0,0,-0.25534,-0.233,0,0.829,0.25,0.003356 ,0,0,0,3.752,0.473,0,0
000505-29-3,0,-0.22779,-0.489,0,0.737,0.25,0.003356 ,0,0,0,1.879,0.362,0,0
000507-55-1,63.6,-0.3412,-0.095,0,1.196,0.225,0.003356 ,0,0,0,2.36,0.669,0,2
000513-35-9,0,-0.236,-0.379,1,1.5,0.408,0.003356 ,2.083,0,0,3.058,0.432,0,0
000526-73-8,0,-0.23769,-0.588,0,1.111,0.222,0.003356 ,0,0,0,5.159,0.464,0,0
000540-54-5,9.1,-0.2979,-0.327,0,0.51,0.5,0.003356 ,0,0,0,1.852,0.504,0,0
000541-05-9,0,-0.2738,-1.118,0,2.044,0.16,0.003356 ,0,0,0,1.112,0.32,0,0
000543-59-9,5.9,-0.29591,-0.632,0,0.542,0.319,0.003356 ,0,0,0,3.651,0.392,0,0
000544-40-1,0,-0.2185,-0.932,0,1.14,0.285,0.003356 ,0,0,0,5.426,0.326,0.44,0
000554-61-0,0,-0.24351,-0.969,2,1.204,0.163,0.003356 ,4.747,0,0,9.595,0.465,0.233,1
000558-37-2,0,-0.26262,-0.485,1,1.5,0.354,0.003356 ,1.938,1,0,3.526,0.493,0,1
000565-69-5,0,-0.25183,-0.623,0,0.526,0.297,0.003356 ,0,0,0,4.517,0.408,0,0
000571-61-9,0,-0.21708,-0.41,0,0.92,0.184,0.003356 ,0,0,0,6.754,0.486,0.088,0
000576-24-9,15.4,-0.25122,0.101,0,0.811,0.222,0.003356 ,0,0,0,2.163,0.665,0,0
000581-89-5,0,-0.25242,-0.034,0,0.187,0.188,0.003356 ,0,0,0,5.536,0.446,0.037,0
000590-18-1,0,-0.24629,-0.331,2,1.5,0.5,0.003356 ,4,0,0,2.067,0.5,0,0
000590-90-9,0,-0.2599,-0.343,0,0.809,0.333,0.003356 ,0,0,0,3.591,0.631,0,0
000591-87-7,0,-0.27876,-0.228,1,0.729,0.284,0.003356 ,1.529,1,0,3.213,0.704,0,0
000592-43-8,0,-0.24608,-0.633,2,1.5,0.319,0.003356 ,4.267,0,0,3.821,0.504,0,0
000592-90-5,0,-0.2548,-0.545,0,0.859,0.25,0.003356 ,0,0,0,5.855,0.343,0,0
000593-79-3,0,-0.21366,-0.178,0,0.866,0,0.003356 ,0,0,0,0,0.408,0,0
000594-82-1,0,-0.3016,-1.071,0,1.625,0.25,0.001195 ,0,0,0,5.337,0.246,0,2
000594-82-1,0,-0.3016,-1.071,0,1.625,0.25,0.001034 ,0,0,0,5.337,0.246,0,2
000598-26-5,0,-0.22378,-0.357,0,0.5,0.408,0.003356 ,0,0,0,1.989,0.562,0,0
000600-14-6,0,-0.25452,-0.416,0,0.505,0.297,0.003356 ,0,0,0,3.534,0.51,0,0
000620-14-4,0,-0.24128,-0.175,0,1.111,0.219,0.003356 ,0,0,0,4.901,0.522,0,0
000623-42-7,0,-0.27999,-0.321,0,0.717,0.296,0.003356 ,0,0,0,3.826,0.522,0,0
000624-91-9,0,-0.28988,0.003,0,0.452,0.5,0.003356 ,0,0,0,1.759,0.823,0,0
000625-46-7,0,-0.29581,-0.157,1,0.212,0.289,0.003356 ,1.25,1,0,2.14,0.72,0,0
000627-13-4,0,-0.32778,-0.327,0,0.323,0.284,0.003356 ,0,0,0,3.686,0.579,0,0
000627-58-7,0,-0.24781,-0.563,0,1.375,0.264,0.003356 ,0,2,0,4.868,0.491,0,0
000628-55-7,0,-0.26033,-0.914,0,0.924,0.26,0.003356 ,0,0,0,6.785,0.326,0.224,0
000629-50-5,0,-0.29497,-1.733,0,1.577,0.271,0.003356 ,0,0,0,10.774,0.206,0.804,0
000637-50-3,0,-0.22501,-0.224,2,1,0.22,0.003356 ,4.12,0,0,4.084,0.52,0.023,0
000677-56-5,54.5,-0.37715,-0.224,0,0.994,0.243,0.003356 ,0,0,0,2.892,0.562,0,2
000683-08-9,0,-0.28589,-0.511,0,1.039,0.232,0.003125 ,0,0,0,8.972,0.449,0,0
000692-49-9,50,-0.3458,-0.219,2,0.919,0.232,0.004545 ,-1.708,0,0,3.015,0.5,0,2
000692-49-9,50,-0.3458,-0.219,2,0.919,0.232,0.003378 ,-1.708,0,0,3.015,0.5,0,2
000693-65-2,0,-0.25571,-1.182,0,0.937,0.276,0.003356 ,0,0,0,8.704,0.296,0.617,0
000756-79-6,0,-0.29024,-0.451,0,1.083,0.319,0.003597 ,0,0,0,6.757,0.492,0,0
000756-79-6,0,-0.29024,-0.451,0,1.083,0.319,0.002874 ,0,0,0,6.757,0.492,0,0
000763-30-4,0,-0.25321,-0.331,1,1.333,0.289,0.003356 ,1.85,2,0,3.08,0.593,0,0
000764-99-8,0,-0.23726,-0.464,2,0.939,0.276,0.003356 ,2.785,2,0,5.316,0.533,0.345,0
000820-69-9,0,-0.27011,-0.397,2,0.505,0.264,0.003356 ,2.505,0,0,4.027,0.577,0,0
000868-85-9,0,-0.30229,-0.111,0,1.112,0.348,0.003378 ,0,0,0,7.365,0.594,0,0
000872-05-9,0,-0.26081,-1.101,1,1.5,0.28,0.003356 ,2.014,1,0,7.305,0.39,0.461,0
000924-43-6,0,-0.32509,-0.425,0,0.307,0.245,0.003356 ,0,0,0,5.226,0.474,0,1
000928-55-2,0,-0.22081,-0.383,2,0.906,0.319,0.003356 ,3.545,0,0,3.071,0.594,0,0
000931-64-6,0,-0.24678,-0.631,2,1.131,0.197,0.003356 ,4.829,0,0,6.512,0.44,0.012,0
001001-26-9,0,-0.24865,-0.559,2,0.804,0.26,0.003356 ,2.588,0,0,5.171,0.572,0,0
001115-15-7,0,-0.24153,-0.168,2,0.357,0.348,0.003610 ,2.653,2,0,3.577,0.529,0,0
001115-15-7,0,-0.24153,-0.168,2,0.357,0.348,0.002865 ,2.653,2,0,3.577,0.529,0,0
001120-97-4,0,-0.25777,-0.449,0,0.878,0.237,0.003356 ,0,0,0,5.646,0.493,0,0
001191-95-3,0,-0.25726,-0.123,0,0.455,0.232,0.003356 ,0,0,0,3.136,0.521,0,0
001476-23-9,0,-0.25601,-0.109,1,0.6,0.319,0.003344 ,1.533,1,0,2.014,0.769,0,0
001502-06-3,0,-0.25055,-1.395,0,0.54,0.241,0.003356 ,0,0,0,8.442,0.31,0.417,0
001576-87-0,0,-0.2633,-0.335,3,0.505,0.319,0.004115 ,4.094,0,0,2.833,0.675,0,0
001576-87-0,0,-0.2633,-0.335,3,0.505,0.319,0.002865 ,4.094,0,0,2.833,0.675,0,0
001708-29-8,0,-0.24304,-0.204,2,0.837,0.25,0.003356 ,4.028,0,0,3.775,0.61,0,0
001878-18-8,0,-0.23897,-0.664,0,1.225,0.348,0.003356 ,0,0,0,3.48,0.476,0,0
002050-47-7,8.7,-0.23667,0.137,0,0.72,0.206,0.002646 ,0,0,0,4.453,0.443,0.133,0
002050-68-2,9.1,-0.24109,-0.128,0,0.457,0.199,0.003040 ,0,0,0,4.972,0.413,0.133,0
002050-68-2,9.1,-0.24109,-0.128,0,0.457,0.199,0.002801 ,0,0,0,4.972,0.413,0.133,0
002051-60-7,4.5,-0.24545,0.02,0,0.471,0.193,0.003067 ,0,0,0,5.05,0.365,0.053,0
002051-61-8,4.5,-0.2438,-0.087,0,0.471,0.195,0.002915 ,0,0,0,5.029,0.365,0.095,0
002051-62-9,4.5,-0.23847,-0.097,0,0.471,0.199,0.002967 ,0,0,0,5.033,0.365,0.133,0
002051-62-9,4.5,-0.23847,-0.097,0,0.471,0.199,0.002755 ,0,0,0,5.033,0.365,0.133,0
002240-88-2,25,-0.30307,-0.262,0,0.766,0.25,0.003704 ,0,0,0,3.262,0.729,0,1
002240-88-2,25,-0.30307,-0.262,0,0.766,0.25,0.003096 ,0,0,0,3.262,0.729,0,1
002314-97-8,80,-0.3004,-0.072,0,1.28,0,0.003425 ,0,0,0,0.312,0.685,0,1
002370-63-0,0,-0.27253,-0.689,0,0.793,0.265,0.003356 ,0,1,0,6.467,0.564,0,0
002437-79-8,18.2,-0.26354,-0.139,0,0.494,0.185,0.003096 ,0,0,0,4.901,0.459,0,0
002517-43-3,0,-0.26332,-0.356,0,0.995,0.296,0.003356 ,0,0,0,5.137,0.538,0,0
002568-90-3,0,-0.25885,-1.109,0,0.907,0.276,0.002000 ,0,0,0,7.885,0.349,0.469,0
002704-78-1,0,-0.25604,-0.917,1,0.487,0.173,0.003356 ,0.961,0,0,8.278,0.524,0.315,1
002987-16-8,0,-0.26113,-0.462,1,0.526,0.25,0.003356 ,0.958,0,0,4.25,0.47,0,1
003208-16-0,0,-0.22644,-0.294,0,0.847,0.228,0.003356 ,0,0,0,3.267,0.65,0,0
003393-64-4,0,-0.25038,-0.312,0,0.794,0.297,0.003356 ,0,0,0,4.446,0.589,0,0
003710-84-7,0,-0.23867,-0.318,0,0.776,0.348,0.003356 ,0,0,0,5.24,0.475,0,0
004054-38-0,0,-0.22132,-0.376,4,1.143,0.25,0.003356 ,8.66,0,0,4.832,0.554,0,0
004497-92-1,0,-0.22484,-1.278,1,1.204,0.17,0.003356 ,2.494,0,0,9.591,0.493,0.312,1
004984-85-4,0,-0.25582,-0.484,0,0.785,0.282,0.003356 ,0,0,0,5.354,0.537,0,0
005259-65-4,0,-0.24106,-0.789,1,0.512,0.215,0.003356 ,2.19,0,0,7.492,0.514,0.159,0
005409-83-6,9.5,-0.24593,0.158,0,0.638,0.17,0.002532 ,0,0,0,5.352,0.514,0.043,0
005915-41-3,3.2,-0.24912,-0.595,0,0.9,0.187,0.003356 ,0,0,0,6.444,0.517,0.629,1
006094-02-6,0,-0.24962,-0.718,0,1.5,0.284,0.003356 ,0,1,0,4.698,0.49,0,0
006163-75-3,0,-0.2903,-0.361,0,1.056,0.285,0.003356 ,0,0,0,7.755,0.479,0,0
006434-78-2,0,-0.24541,-1.021,2,1.5,0.285,0.003356 ,4.377,0,0,6.513,0.408,0.384,0
006728-26-3,0,-0.26268,-0.529,3,0.514,0.302,0.003690 ,4.201,0,0,3.72,0.636,0,0
006728-26-3,0,-0.26268,-0.529,3,0.514,0.302,0.002841 ,4.201,0,0,3.72,0.636,0,0
006876-00-2,4.3,-0.2391,0.065,0,0.753,0.202,0.003067 ,0,0,0,4.499,0.399,0.133,0
006876-00-2,4.3,-0.2391,0.065,0,0.753,0.202,0.002801 ,0,0,0,4.499,0.399,0.133,0
007012-37-5,13.6,-0.2501,-0.051,0,0.47,0.191,0.002915 ,0,0,0,4.953,0.443,0.025,0
007319-00-8,0,-0.25042,-0.44,3,1.333,0.319,0.003356 ,5.953,1,0,3.103,0.551,0,0
010025-87-3,60,-0.34709,0.093,0,2.448,0,0.003356 ,0,0,0,3.039,0.59,0,0
013029-08-8,9.1,-0.25503,-0.024,0,0.457,0.189,0.003367 ,0,0,0,4.979,0.413,0.033,0
013151-27-4,0,-0.24921,-1.224,0,1.5,0.267,0.003356 ,0,1,0,8.281,0.376,0.608,0
013877-91-3,0,-0.22489,-0.566,3,1.3,0.272,0.003356 ,6.242,1,0,6.115,0.526,0.247,0
014920-89-9,0,-0.22007,-0.318,0,0.847,0.229,0.003356 ,0,0,0,3.451,0.631,0,0
015862-07-4,13.6,-0.25226,-0.026,0,0.47,0.191,0.002907 ,0,0,0,5.037,0.443,0.022,0
015980-15-1,0,-0.23002,-0.258,0,0.84,0.25,0.003356 ,0,0,0,3.499,0.475,0,0
016606-02-3,13.6,-0.25177,-0.044,0,0.47,0.192,0.002762 ,0,0,0,4.948,0.443,0.01,0
018516-37-5,0,-0.24985,-1.451,0,1.5,0.265,0.003356 ,0,1,0,9.242,0.357,0.727,0
020334-52-5,0,-0.23686,-0.326,0,0.5,0.354,0.003356 ,0,0,0,1.886,0.724,0,0
022052-84-2,46.7,-0.34184,-0.417,0,1.016,0.191,0.003356 ,0,0,0,3.577,0.564,0,3
002436-90-0,0,-0.2362,-0.953,2,1.4,0.272,0.003356 ,4.291,1,0,6.597,0.509,0.372,0
026946-56-5,0,-0.26807,-0.673,2,0.474,0.177,0.003356 ,1.748,0,0,6.537,0.56,0,1
028523-86-6,46.7,-0.34992,-0.2,0,1.016,0.178,0.003344 ,0,0,0,3.98,0.564,0,2
033284-50-3,9.1,-0.24849,-0.017,0,0.457,0.19,0.003096 ,0,0,0,5.006,0.413,0.048,0
034862-07-2,16.7,-0.28645,-0.081,0,0.761,0.289,0.003356 ,0,0,0,2.213,0.614,0,0
038380-03-9,22.7,-0.26348,0.118,0,0.526,0.189,0.003356 ,0,0,0,5.04,0.465,0,0
039227-53-7,4.5,-0.21826,0.281,0,0.771,0.176,0.003356 ,0,0,0,4.997,0.452,0.111,0
040478-73-7,0,-0.2658,-0.579,1,0.948,0.21,0.003356 ,1.739,1,0,6.938,0.657,0,1
041464-39-5,18.2,-0.25848,-0.075,0,0.494,0.188,0.002915 ,0,0,0,4.963,0.459,0.01,0
051452-87-0,8.7,-0.24071,0.083,0,0.72,0.199,0.002646 ,0,0,0,4.449,0.443,0.046,0
055702-46-0,13.6,-0.25338,0.071,0,0.47,0.194,0.002915 ,0,0,0,5.161,0.443,0.037,0
082944-59-0,0,-0.32268,-0.783,0,0.307,0.245,0.003356 ,0,0,0,5.515,0.482,0,0
138495-42-8,58.8,-0.38264,-0.434,0,1.128,0.207,0.003356 ,0,0,0,5.22,0.445,0,3
147217-71-8,8.7,-0.2388,0.076,0,0.72,0.199,0.002793 ,0,0,0,4.473,0.443,0.133,0
183065-42-1,0,-0.29995,-0.586,0,0.513,0.201,0.003356 ,0,0,0,6.949,0.575,0,0
SRC002-52-6,0,-0.31664,-0.618,0,0.306,0.21,0.003356 ,0,0,0,6.43,0.447,0,1
000002-60-0,0,-0.31765,-1.04,0,0.308,0.236,0.003356 ,0,0,0,8.278,0.392,0.441,0
000057-55-6,0,-0.28351,-0.103,0,1.114,0.408,0.003356 ,0,0,0,3.543,0.614,0,0
000064-17-5,0,-0.28053,-0.178,0,1.07,0,0.003356 ,0,0,0,1.802,0.627,0,0
000064-17-5,0,-0.28053,-0.178,0,1.07,0,0.001520 ,0,0,0,1.802,0.627,0,0
000064-17-5,0,-0.28053,-0.178,0,1.07,0,0.001157 ,0,0,0,1.802,0.627,0,0
000067-56-1,0,-0.28431,-0.04,0,1.115,0,0.003356 ,0,0,0,0.748,0.772,0,0
000067-63-0,0,-0.27914,-0.312,0,1.053,0,0.003077 ,0,0,0,2.762,0.515,0,0
000067-64-1,0,-0.25918,-0.318,0,0.5,0,0.001071 ,0,0,0,1.943,0.473,0,0
000067-64-1,0,-0.25918,-0.318,0,0.5,0,0.000871 ,0,0,0,1.943,0.473,0,0
000067-64-1,0,-0.25918,-0.318,0,0.5,0,0.000738 ,0,0,0,1.943,0.473,0,0
000071-23-8,0,-0.28026,-0.28,0,1.053,0.5,0.003663 ,0,0,0,2.685,0.563,0,0
000071-23-8,0,-0.28026,-0.28,0,1.053,0.5,0.002660 ,0,0,0,2.685,0.563,0,0
000071-43-2,0,-0.26009,0.024,0,0.917,0.25,0.003285 ,0,0,0,1.965,0.256,0,0
000071-43-2,0,-0.26009,0.024,0,0.917,0.25,0.002370 ,0,0,0,1.965,0.256,0,0
000074-84-0,0,-0.34598,-0.307,0,2,0,0.003968 ,0,0,0,0.908,0.289,0,0
000074-84-0,0,-0.34598,-0.307,0,2,0,0.003333 ,0,0,0,0.908,0.289,0,0
000074-84-0,0,-0.34598,-0.307,0,2,0,0.002778 ,0,0,0,0.908,0.289,0,0
000074-86-2,0,-0.30141,-0.036,0,1,0,0.003356 ,0,0,0,0,0.431,0,0
000074-93-1,0,-0.24308,-0.132,0,1.114,0,0.003356 ,0,0,0,0.022,0.772,0,0
000074-98-6,0,-0.33024,-0.429,0,1.833,0,0.004545 ,0,0,0,1.811,0.33,0,0
000074-98-6,0,-0.33024,-0.429,0,1.833,0,0.003030 ,0,0,0,1.811,0.33,0,0
000075-00-3,12.5,-0.29885,-0.189,0,0.5,0,0.003356 ,0,0,0,0.975,0.552,0,0
000075-07-0,0,-0.2697,-0.147,1,0.505,0,0.003356 ,0.75,0,0,0.999,0.758,0,0
000075-17-2,0,-0.28354,0.012,0,0.825,0,0.003356 ,0,0,0,0.6,0.871,0,0
000075-26-3,9.1,-0.2766,-0.395,0,0.553,0,0.004762 ,0,0,0,1.929,0.449,0,0
000075-26-3,9.1,-0.2766,-0.395,0,0.553,0,0.003356 ,0,0,0,1.929,0.449,0,0
000075-28-5,0,-0.32412,-0.513,0,1.75,0,0.004695 ,0,0,0,2.654,0.296,0,0
000075-28-5,0,-0.32412,-0.513,0,1.75,0,0.003676 ,0,0,0,2.654,0.296,0,0
000075-28-5,0,-0.32412,-0.513,0,1.75,0,0.003333 ,0,0,0,2.654,0.296,0,0
000075-28-5,0,-0.32412,-0.513,0,1.75,0,0.002801 ,0,0,0,2.654,0.296,0,0
000075-33-2,0,-0.24026,-0.386,0,1.173,0,0.003356 ,0,0,0,1.872,0.515,0,0
000075-38-7,33.3,-0.28413,-0.114,0,0.666,0,0.003356 ,0,2,0,0.191,0.742,0,0
000075-50-3,0,-0.21796,-0.41,0,1.169,0,0.003356 ,0,0,0,2.858,0.318,0,0
000075-64-9,0,-0.24294,-0.404,0,1.562,0,0.003356 ,0,0,0,3.701,0.459,0,1
000075-71-8,80,-0.34288,0.006,0,1.988,0,0.003356 ,0,0,0,0.232,0.761,0,1
000075-83-2,0,-0.31136,-0.639,0,1.667,0.354,0.003356 ,0,0,0,4.217,0.296,0,1
000075-90-1,42.9,-0.32056,-0.117,1,1.045,0.354,0.003356 ,-1.063,0,0,1.22,0.758,0,1
000075-91-2,0,-0.26617,-0.329,0,0.578,0.354,0.003717 ,0,0,0,5.281,0.491,0,1
000075-91-2,0,-0.26617,-0.329,0,0.578,0.354,0.002667 ,0,0,0,5.281,0.491,0,1
000076-37-9,33.3,-0.31248,-0.074,0,0.85,0.275,0.003484 ,0,0,0,3.482,0.729,0,1
000076-37-9,33.3,-0.31248,-0.074,0,0.85,0.275,0.002793 ,0,0,0,3.482,0.729,0,1
000078-38-6,0,-0.28643,-0.59,0,1.027,0.233,0.003597 ,0,0,0,9.972,0.42,0,0
000078-40-0,0,-0.29224,-0.588,0,1.088,0.213,0.003597 ,0,0,0,12.689,0.404,0,0
000078-70-6,0,-0.23383,-0.737,2,1.043,0.259,0.003356 ,3.712,1,0,7.675,0.568,0.436,1
000078-79-5,0,-0.23944,-0.253,1,1.3,0.408,0.002915 ,1.722,2,0,2.045,0.601,0,0
000078-79-5,0,-0.23944,-0.253,1,1.3,0.408,0.002545 ,1.722,2,0,2.045,0.601,0,0
000078-86-4,7.1,-0.29476,-0.432,0,0.525,0.408,0.003356 ,0,0,0,2.811,0.44,0,0
000078-93-3,0,-0.25487,-0.445,0,0.506,0.408,0.001105 ,0,0,0,2.785,0.501,0,0
000078-93-3,0,-0.25487,-0.445,0,0.506,0.408,0.000919 ,0,0,0,2.785,0.501,0,0
000078-93-3,0,-0.25487,-0.445,0,0.506,0.408,0.000802 ,0,0,0,2.785,0.501,0,0
000078-94-4,0,-0.26385,-0.198,1,0.5,0.408,0.003356 ,1.278,1,0,2.026,0.724,0,0
000079-09-4,0,-0.28918,-0.109,0,0.84,0.408,0.003356 ,0,0,0,2.038,0.695,0,0
000079-29-8,0,-0.30974,-0.868,0,1.667,0.333,0.003356 ,0,0,0,4.225,0.272,0,0
000079-29-8,0,-0.30974,-0.868,0,1.667,0.333,0.001120 ,0,0,0,4.225,0.272,0,0
000079-29-8,0,-0.30974,-0.868,0,1.667,0.333,0.000991 ,0,0,0,4.225,0.272,0,0
000079-29-8,0,-0.30974,-0.868,0,1.667,0.333,0.000903 ,0,0,0,4.225,0.272,0,0
000079-29-8,0,-0.30974,-0.868,0,1.667,0.333,0.000829 ,0,0,0,4.225,0.272,0,0
000079-31-2,0,-0.28844,-0.214,0,0.809,0.333,0.003356 ,0,0,0,2.889,0.594,0,0
000079-46-9,0,-0.30662,-0.279,0,0.21,0.333,0.003356 ,0,0,0,2.933,0.494,0,0
000080-62-6,0,-0.27741,-0.346,0,0.729,0.297,0.003356 ,0,1,0,3.125,0.685,0,0
000085-01-8,0,-0.22369,-0.275,0,0.758,0.174,0.003135 ,0,0,0,7.034,0.292,0.2,0
000085-01-8,0,-0.22369,-0.275,0,0.758,0.174,0.002660 ,0,0,0,7.034,0.292,0.2,0
000086-73-7,0,-0.22422,-0.167,0,0.778,0.17,0.003356 ,0,0,0,7.038,0.439,0.053,0
000088-72-2,0,-0.27938,-0.174,0,0.195,0.202,0.003356 ,0,0,0,4.134,0.616,0,0
000091-20-3,0,-0.22589,-0.05,0,0.805,0.193,0.003401 ,0,0,0,4.528,0.302,0.023,0
000091-20-3,0,-0.22589,-0.05,0,0.805,0.193,0.002732 ,0,0,0,4.528,0.302,0.023,0
000092-52-4,0,-0.23589,-0.068,0,0.837,0.198,0.003096 ,0,0,0,5.102,0.278,0.133,0
000092-52-4,0,-0.23589,-0.068,0,0.837,0.198,0.002809 ,0,0,0,5.102,0.278,0.133,0
000095-48-7,0,-0.22902,-0.029,0,0.985,0.231,0.003220 ,0,0,0,3.279,0.636,0,0
000095-48-7,0,-0.22902,-0.029,0,0.985,0.231,0.002805 ,0,0,0,3.279,0.636,0,0
000095-48-7,0,-0.22902,-0.029,0,0.985,0.231,0.002364 ,0,0,0,3.279,0.636,0,0
000095-87-4,0,-0.22434,-0.306,0,0.985,0.22,0.003356 ,0,0,0,4.318,0.61,0,0
000096-22-0,0,-0.2553,-0.606,0,0.515,0.348,0.003356 ,0,0,0,3.758,0.418,0,0
000096-22-0,0,-0.2553,-0.606,0,0.515,0.348,0.000976 ,0,0,0,3.758,0.418,0,0
000096-22-0,0,-0.2553,-0.606,0,0.515,0.348,0.000864 ,0,0,0,3.758,0.418,0,0
000096-22-0,0,-0.2553,-0.606,0,0.515,0.348,0.000772 ,0,0,0,3.758,0.418,0,0
000096-33-3,0,-0.28931,-0.168,1,0.753,0.348,0.003356 ,1.111,1,0,2.083,0.755,0,0
000097-88-1,0,-0.2752,-0.84,0,0.708,0.267,0.003401 ,0,1,0,5.99,0.565,0,0
000098-01-1,0,-0.26488,-0.031,1,0.719,0.228,0.003356 ,0.667,0,0,2.085,0.661,0,0
000098-56-6,26.7,-0.27876,-0.044,0,0.572,0.203,0.003356 ,0,0,0,3.464,0.605,0,1
000099-08-1,0,-0.27918,-0.094,0,0.195,0.209,0.003356 ,0,0,0,4.059,0.616,0,0
000099-86-5,0,-0.20351,-0.893,2,1.25,0.215,0.003356 ,4.53,0,0,7.542,0.471,0.281,0
000100-42-5,0,-0.23505,-0.158,1,0.938,0.23,0.003356 ,1.833,1,0,3.065,0.411,0,0
000100-66-3,0,-0.22893,-0.031,0,0.85,0.23,0.003356 ,0,0,0,2.946,0.53,0,0
000100-66-3,0,-0.22893,-0.031,0,0.85,0.23,0.003108 ,0,0,0,2.946,0.53,0,0
000100-66-3,0,-0.22893,-0.031,0,0.85,0.23,0.002549 ,0,0,0,2.946,0.53,0,0
000100-66-3,0,-0.22893,-0.031,0,0.85,0.23,0.002333 ,0,0,0,2.946,0.53,0,0
000101-55-3,4.3,-0.23295,0.124,0,0.753,0.206,0.002801 ,0,0,0,4.518,0.399,0.133,0
000101-84-8,0,-0.23025,0.184,0,0.823,0.206,0.003021 ,0,0,0,4.55,0.315,0.133,0
000101-84-8,0,-0.23025,0.184,0,0.823,0.206,0.002890 ,0,0,0,4.55,0.315,0.133,0
000104-87-0,0,-0.26549,-0.26,1,0.475,0.226,0.003356 ,0.847,0,0,4.034,0.604,0,0
000105-54-4,0,-0.28115,-0.739,0,0.71,0.26,0.003356 ,0,0,0,4.963,0.479,0,0
000106-42-3,0,-0.23683,-0.087,0,1.063,0.23,0.003356 ,0,0,0,4.03,0.5,0,0
000106-51-4,0,-0.28696,-0.292,4,0.49,0.23,0.003356 ,5.009,0,0,4.067,0.48,0,0
000106-94-5,9.1,-0.27823,-0.383,0,0.553,0.5,0.004762 ,0,0,0,1.846,0.504,0,0
000106-94-5,9.1,-0.27823,-0.383,0,0.553,0.5,0.003356 ,0,0,0,1.846,0.504,0,0
000106-95-6,11.1,-0.2766,-0.157,1,0.518,0.5,0.003356 ,1.792,1,0,1.037,0.763,0,0
000106-97-8,0,-0.32504,-0.582,0,1.75,0.5,0.003344 ,0,0,0,2.702,0.31,0,0
000106-97-8,0,-0.32504,-0.582,0,1.75,0.5,0.002841 ,0,0,0,2.702,0.31,0,0
000106-98-9,0,-0.26291,-0.32,1,1.5,0.5,0.003333 ,1.875,1,0,1.929,0.62,0,0
000106-99-0,0,-0.24321,-0.094,2,1.25,0.5,0.003534 ,3.278,2,0,0.969,0.396,0,0
000106-99-0,0,-0.24321,-0.094,2,1.25,0.5,0.002681 ,3.278,2,0,0.969,0.396,0,0
000107-02-8,0,-0.27281,-0.153,2,0.505,0.5,0.003356 ,1.833,1,0,1.001,0.631,0,0
000107-12-0,0,-0.33516,-0.161,0,0.523,0.5,0.003356 ,0,0,0,1.724,0.566,0,0
000107-18-6,0,-0.27075,-0.08,1,1.07,0.5,0.003333 ,1.431,1,0,1.905,0.797,0,0
000107-22-2,0,-0.28446,-0.031,2,0.64,0.5,0.003356 ,0.389,0,0,0.925,0.565,0,0
000107-46-0,0,-0.26967,-0.375,0,2.217,0.177,0.003356 ,0,0,0,0.156,0.282,0,0
000107-87-9,0,-0.25631,-0.591,0,0.515,0.289,0.000991 ,0,0,0,3.75,0.481,0,0
000107-87-9,0,-0.25631,-0.591,0,0.515,0.289,0.000843 ,0,0,0,3.75,0.481,0,0
000107-98-2,0,-0.26694,-0.272,0,1.01,0.289,0.003356 ,0,0,0,4.039,0.567,0,0
000108-05-4,0,-0.26468,-0.174,1,0.753,0.289,0.003356 ,1.1,1,0,1.655,0.755,0,0
000108-11-2,0,-0.27552,-0.713,0,1.046,0.236,0.003356 ,0,0,0,5.258,0.434,0,0
000108-38-3,0,-0.241,-0.081,0,1.063,0.22,0.003356 ,0,0,0,4.052,0.5,0,0
000108-83-8,0,-0.25009,-1.01,0,0.562,0.218,0.003356 ,0,0,0,7.124,0.353,0.224,0
000108-90-7,8.3,-0.25749,-0.005,0,0.459,0.237,0.003344 ,0,0,0,1.927,0.422,0,0
000108-90-7,8.3,-0.25749,-0.005,0,0.459,0.237,0.001709 ,0,0,0,1.927,0.422,0,0
000108-95-2,0,-0.23489,0.127,0,0.988,0.237,0.003356 ,0,0,0,2.211,0.479,0,0
000109-65-9,7.1,-0.27761,-0.539,0,0.588,0.354,0.003356 ,0,0,0,2.739,0.44,0,0
000109-66-0,0,-0.3195,-0.775,0,1.7,0.354,0.002778 ,0,0,0,3.599,0.29,0,0
000109-66-0,0,-0.3195,-0.775,0,1.7,0.354,0.001176 ,0,0,0,3.599,0.29,0,0
000109-66-0,0,-0.3195,-0.775,0,1.7,0.354,0.001070 ,0,0,0,3.599,0.29,0,0
000109-66-0,0,-0.3195,-0.775,0,1.7,0.354,0.000946 ,0,0,0,3.599,0.29,0,0
000109-66-0,0,-0.3195,-0.775,0,1.7,0.354,0.000836 ,0,0,0,3.599,0.29,0,0
000109-66-0,0,-0.3195,-0.775,0,1.7,0.354,0.000816 ,0,0,0,3.599,0.29,0,0
000109-79-5,0,-0.23938,-0.584,0,1.201,0.354,0.003356 ,0,0,0,2.746,0.492,0,0
000109-95-5,0,-0.28581,-0.126,0,0.392,0.354,0.003356 ,0,0,0,2.782,0.682,0,0
000110-02-1,0,-0.2458,-0.197,0,0.673,0.25,0.003356 ,0,0,0,0.942,0.521,0,0
000110-53-2,5.9,-0.2773,-0.661,0,0.621,0.319,0.003356 ,0,0,0,3.636,0.392,0,0
000110-54-3,0,-0.31304,-0.893,0,1.667,0.319,0.002778 ,0,0,0,4.496,0.272,0,0
000110-54-3,0,-0.31304,-0.893,0,1.667,0.319,0.001142 ,0,0,0,4.496,0.272,0,0
000110-54-3,0,-0.31304,-0.893,0,1.667,0.319,0.001008 ,0,0,0,4.496,0.272,0,0
000110-54-3,0,-0.31304,-0.893,0,1.667,0.319,0.000895 ,0,0,0,4.496,0.272,0,0
000110-54-3,0,-0.31304,-0.893,0,1.667,0.319,0.000838 ,0,0,0,4.496,0.272,0,0
000110-62-3,0,-0.26351,-0.517,1,0.515,0.319,0.003356 ,0.962,0,0,3.653,0.523,0,0
000110-82-7,0,-0.29925,-0.765,0,1.417,0.25,0.003333 ,0,0,0,5.271,0.22,0,0
000110-82-7,0,-0.29925,-0.765,0,1.417,0.25,0.002564 ,0,0,0,5.271,0.22,0,0
000111-13-7,0,-0.25562,-1.001,0,0.55,0.273,0.003356 ,0,0,0,6.44,0.38,0.359,0
000111-35-3,0,-0.26322,-0.467,0,0.995,0.302,0.003356 ,0,0,0,5.054,0.478,0,0
000111-66-0,0,-0.26098,-0.895,1,1.5,0.291,0.003390 ,1.996,1,0,5.511,0.447,0.176,0
000111-66-0,0,-0.26098,-0.895,1,1.5,0.291,0.003356 ,1.996,1,0,5.511,0.447,0.176,0
000111-87-5,0,-0.27941,-0.927,0,1.052,0.285,0.003356 ,0,0,0,7.166,0.342,0.393,0
000112-40-3,0,-0.29631,-1.615,0,1.583,0.273,0.003356 ,0,0,0,9.877,0.212,0.711,0
000115-18-4,0,-0.2703,-0.386,1,1.045,0.354,0.003356 ,1.493,1,0,3.854,0.652,0,1
000116-15-4,66.7,-0.31026,-0.114,0,1.5,0.237,0.003356 ,0,1,0,1.72,0.667,0,1
000120-12-7,0,-0.20495,-0.202,0,0.758,0.178,0.003077 ,0,0,0,7.125,0.292,0.278,0
000120-82-1,25,-0.26278,-0.029,0,0.536,0.22,0.003356 ,0,0,0,1.925,0.512,0,0
000121-69-7,0,-0.19734,-0.087,0,1.055,0.216,0.003356 ,0,0,0,4.42,0.505,0,0
000123-35-3,0,-0.23759,-0.713,2,1.3,0.272,0.003195 ,4.035,2,0,5.982,0.54,0.293,0
000123-35-3,0,-0.23759,-0.713,2,1.3,0.272,0.002755 ,4.035,2,0,5.982,0.54,0.293,0
000123-38-6,0,-0.26555,-0.258,1,0.5,0.5,0.003356 ,0.875,0,0,1.864,0.651,0,0
000123-86-4,0,-0.28179,-0.765,0,0.71,0.277,0.003356 ,0,0,0,4.929,0.479,0,0
000124-68-5,0,-0.24007,-0.305,0,1.197,0.354,0.003356 ,0,0,0,4.554,0.61,0,1
000127-19-5,0,-0.24768,-0.166,0,0.657,0.333,0.003356 ,0,0,0,3.092,0.479,0,0
000132-64-9,0,-0.23381,0.218,0,0.787,0.17,0.003356 ,0,0,0,5.499,0.389,0.061,0
000132-65-0,0,-0.22458,-0.073,0,0.655,0.17,0.003356 ,0,0,0,5.098,0.389,0.061,0
000141-32-2,0,-0.28501,-0.685,1,0.71,0.285,0.003356 ,1.176,1,0,4.944,0.608,0,0
000142-28-9,18.2,-0.30319,-0.244,0,0.509,0.354,0.003356 ,0,0,0,1.879,0.507,0,0
000142-82-5,0,-0.30867,-1.02,0,1.643,0.302,0.001182 ,0,0,0,5.393,0.258,0,0
000142-82-5,0,-0.30867,-1.02,0,1.643,0.302,0.001062 ,0,0,0,5.393,0.258,0,0
000142-82-5,0,-0.30867,-1.02,0,1.643,0.302,0.000894 ,0,0,0,5.393,0.258,0,0
000142-82-5,0,-0.30867,-1.02,0,1.643,0.302,0.000857 ,0,0,0,5.393,0.258,0,0
000142-82-5,0,-0.30867,-1.02,0,1.643,0.302,0.000796 ,0,0,0,5.393,0.258,0,0
000151-67-7,62.5,-0.31654,-0.165,0,1.052,0.289,0.003356 ,0,0,0,1.276,0.857,0,1
000206-44-0,0,-0.2247,-0.058,0,0.7,0.157,0.003356 ,0,0,0,8.641,0.294,0.524,0
000208-96-8,0,-0.22684,-0.158,2,0.72,0.167,0.002899 ,4.356,0,0,6.545,0.423,0.081,0
000208-96-8,0,-0.22684,-0.158,2,0.72,0.167,0.003356 ,4.356,0,0,6.545,0.423,0.081,0
000280-57-9,0,-0.19244,-0.448,0,1.038,0.197,0.003356 ,0,0,0,8.473,0.295,0,0
000287-92-3,0,-0.31513,-0.715,0,1.4,0.25,0.003077 ,0,0,0,4.045,0.235,0,0
000288-32-4,0,-0.24117,-0.072,0,1.114,0.25,0.003356 ,0,0,0,0.957,0.75,0,0
000291-64-5,0,-0.30164,-0.976,0,1.429,0.25,0.003333 ,0,0,0,5.765,0.209,0,0
000292-64-8,0,-0.29149,-1.161,0,1.438,0.25,0.003356 ,0,0,0,6.747,0.2,0.338,0
000292-64-8,0,-0.29149,-1.161,0,1.438,0.25,0.002564 ,0,0,0,6.747,0.2,0.338,0
000319-84-6,33.3,-0.3056,-0.189,0,0.586,0.207,0.003356 ,0,0,0,5.246,0.38,0,0
000353-54-8,80,-0.29968,-0.036,0,1.373,0,0.003356 ,0,0,3,0.126,0.685,0,1
000354-33-6,62.5,-0.38993,-0.167,0,1.224,0.289,0.003356 ,0,0,0,1.598,0.552,0,1
000375-01-9,46.7,-0.32362,-0.264,0,1.039,0.212,0.003356 ,0,0,0,4.161,0.612,0,3
000406-78-0,46.7,-0.36802,-0.213,0,1.016,0.237,0.003356 ,0,0,0,4.148,0.599,0,2
000421-50-1,30,-0.30423,-0.31,0,0.727,0.289,0.003356 ,0,0,0,2.129,0.714,0,1
000422-05-9,41.7,-0.32378,-0.147,0,0.981,0.243,0.003484 ,0,0,0,3.158,0.708,0,2
000422-56-0,63.6,-0.33687,-0.256,0,1.196,0.225,0.003356 ,0,0,0,2.219,0.669,0,2
000431-47-0,27.3,-0.3275,-0.109,0,0.889,0.261,0.003356 ,0,0,0,2.231,0.75,0,1
000460-19-5,0,-0.383,0.101,0,1,0.5,0.003356 ,0,0,0,0.215,0.356,0,0
000461-18-7,20,-0.29582,-0.266,0,0.699,0.256,0.003597 ,0,0,0,4.173,0.636,0,1
000461-18-7,20,-0.29582,-0.266,0,0.699,0.256,0.002959 ,0,0,0,4.173,0.636,0,1
000462-95-3,0,-0.26021,-0.463,0,0.921,0.302,0.003356 ,0,0,0,4.315,0.4,0,0
000464-06-2,0,-0.30504,-0.998,0,1.643,0.289,0.003356 ,0,0,0,4.847,0.277,0,1
000493-01-6,0,-0.28303,-1.031,0,1.303,0.193,0.003356 ,0,0,0,9.089,0.247,0.417,0
000497-23-4,0,-0.28917,-0.041,2,0.718,0.235,0.003356 ,3.1,0,0,3.159,0.815,0,0
000502-42-1,0,-0.24859,-0.772,0,0.498,0.238,0.003356 ,0,0,0,6.024,0.38,0,0
000505-22-6,0,-0.25975,-0.239,0,0.886,0.25,0.003356 ,0,0,0,4.631,0.475,0,0
000505-29-3,0,-0.22779,-0.489,0,0.737,0.25,0.003333 ,0,0,0,1.879,0.362,0,0
000508-32-7,0,-0.25831,-0.981,0,1.161,0.145,0.003356 ,0,0,0,10.489,0.358,0.208,2
000513-44-0,0,-0.23883,-0.513,0,1.201,0.408,0.003356 ,0,0,0,2.67,0.492,0,0
000526-75-0,0,-0.22598,-0.359,0,0.985,0.222,0.003356 ,0,0,0,4.368,0.61,0,0
000540-80-7,0,-0.27329,-0.384,0,0.365,0.25,0.003356 ,0,0,0,4.639,0.491,0,1
000541-31-1,0,-0.23928,-0.589,0,1.225,0.289,0.003356 ,0,0,0,3.544,0.476,0,0
000543-67-9,0,-0.28477,-0.298,0,0.372,0.319,0.003356 ,0,0,0,3.631,0.611,0,0
000544-76-3,0,-0.29203,-2.095,0,1.563,0.266,0.003356 ,0,0,0,13.464,0.192,1.052,0
000555-10-2,0,-0.226,-0.775,1,1.25,0.215,0.003356 ,2.175,0,0,7.196,0.56,0.273,0
000563-45-1,0,-0.26301,-0.451,1,1.5,0.408,0.003356 ,1.917,1,0,2.757,0.549,0,0
000565-75-3,0,-0.29867,-1.037,0,1.625,0.263,0.003356 ,0,0,0,5.731,0.255,0.065,0
000573-98-8,0,-0.21649,-0.376,0,0.92,0.189,0.003356 ,0,0,0,6.7,0.486,0.107,0
000576-26-1,0,-0.22457,-0.176,0,0.985,0.222,0.003356 ,0,0,0,4.347,0.61,0,0
000582-16-1,0,-0.21857,-0.377,0,0.92,0.188,0.003356 ,0,0,0,6.602,0.486,0.178,0
000590-19-2,0,-0.25829,-0.264,1,1.25,0.5,0.003356 ,1.764,1,0,1.037,0.685,0,0
000591-12-8,0,-0.25365,-0.25,1,0.694,0.217,0.003356 ,1.766,0,0,3.835,0.719,0,0
000591-93-5,0,-0.26334,-0.338,2,1.3,0.354,0.003356 ,3.625,2,0,2.099,0.537,0,0
000592-48-3,0,-0.23077,-0.339,3,1.333,0.319,0.003356 ,5.788,1,0,2.837,0.593,0,0
000593-53-3,20,-0.35589,-0.041,0,0.539,0,0.003356 ,0,0,0,0.536,0.685,0,0
000594-20-7,18.2,-0.30311,-0.261,0,0.509,0,0.003356 ,0,0,0,1.929,0.507,0,1
000594-82-1,0,-0.3016,-1.071,0,1.625,0.25,0.001130 ,0,0,0,5.337,0.246,0,2
000594-82-1,0,-0.3016,-1.071,0,1.625,0.25,0.000984 ,0,0,0,5.337,0.246,0,2
000598-32-3,0,-0.26102,-0.14,1,1.053,0.408,0.003356 ,1.472,1,0,2.736,0.735,0,0
000611-14-3,0,-0.23969,-0.407,0,1.111,0.216,0.003356 ,0,0,0,4.993,0.522,0,0
000620-23-5,0,-0.26529,-0.04,1,0.475,0.219,0.003356 ,0.854,0,0,4.018,0.604,0,0
000623-78-9,0,-0.26017,-0.346,0,0.824,0.26,0.003356 ,0,0,0,4.278,0.564,0,0
000624-92-0,0,-0.24346,-0.242,0,0.569,0.5,0.003356 ,0,0,0,0,0.432,0,0
000625-58-1,0,-0.32934,-0.209,0,0.349,0.289,0.003356 ,0,0,0,2.811,0.62,0,0
000627-19-0,0,-0.27348,-0.332,0,1.3,0.354,0.003356 ,0,0,0,2.605,0.575,0,0
000627-93-0,0,-0.28183,-0.5,0,0.74,0.276,0.003356 ,0,0,0,6.803,0.46,0.385,0
000628-63-7,0,-0.27739,-0.685,0,0.708,0.273,0.003356 ,0,0,0,5.775,0.442,0,0
000629-59-4,0,-0.29384,-1.874,0,1.571,0.269,0.003356 ,0,0,0,11.671,0.201,0.892,0
000637-92-3,0,-0.25613,-0.697,0,0.913,0.25,0.003356 ,0,0,0,5.323,0.341,0,1
000679-86-7,45.5,-0.36155,-0.241,0,0.811,0.275,0.003356 ,0,0,0,3.224,0.594,0,1
000683-08-9,0,-0.28589,-0.511,0,1.039,0.232,0.002874 ,0,0,0,8.972,0.449,0,0
000692-49-9,50,-0.3458,-0.219,2,0.919,0.232,0.004405 ,-1.708,0,0,3.015,0.5,0,2
000692-49-9,50,-0.3458,-0.219,2,0.919,0.232,0.002959 ,-1.708,0,0,3.015,0.5,0,2
000694-72-4,0,-0.30794,-0.767,0,1.255,0.185,0.003356 ,0,0,0,7.252,0.274,0.078,0
000756-79-6,0,-0.29024,-0.451,0,1.083,0.319,0.003534 ,0,0,0,6.757,0.492,0,0
000758-96-3,0,-0.24659,-0.245,0,0.656,0.297,0.003356 ,0,0,0,3.962,0.466,0,0
000763-69-9,0,-0.26905,-0.81,0,0.793,0.26,0.003356 ,0,0,0,6.443,0.454,0,0
000765-34-4,0,-0.27139,-0.19,1,0.548,0.408,0.003356 ,0.278,0,0,1.845,0.728,0,0
000821-07-8,0,-0.22321,-0.109,4,1.167,0.319,0.003356 ,7.073,2,0,1.807,0.345,0,0
000868-85-9,0,-0.30229,-0.111,0,1.112,0.348,0.003356 ,0,0,0,7.365,0.594,0,0
000873-66-5,0,-0.22501,-0.225,2,1,0.22,0.003356 ,4.12,0,0,4.089,0.52,0.023,0
000926-42-1,0,-0.32531,-0.425,0,0.307,0.245,0.003356 ,0,0,0,5.228,0.474,0,1
000928-96-1,0,-0.25224,-0.431,2,1.043,0.302,0.003356 ,4.038,0,0,4.678,0.572,0,0
000931-88-4,0,-0.24326,-0.854,2,1.313,0.25,0.003356 ,4.637,0,0,6.27,0.413,0.063,0
001002-16-0,0,-0.32623,-0.598,0,0.307,0.273,0.003356 ,0,0,0,5.489,0.474,0,0
001115-15-7,0,-0.24153,-0.168,2,0.357,0.348,0.003378 ,2.653,2,0,3.577,0.529,0,0
001119-16-0,0,-0.26299,-0.599,1,0.526,0.284,0.003356 ,0.972,0,0,4.455,0.504,0,0
001127-76-0,0,-0.22045,-0.311,0,0.92,0.185,0.003356 ,0,0,0,6.492,0.483,0.129,0
001192-37-6,0,-0.2481,-0.609,0,1.286,0.237,0.003356 ,0,1,0,5.486,0.472,0,0
001476-23-9,0,-0.25601,-0.109,1,0.6,0.319,0.003268 ,1.533,1,0,2.014,0.769,0,0
001511-62-2,60,-0.31836,-0.046,0,0.941,0,0.003356 ,0,0,2,0.286,0.961,0,0
001576-87-0,0,-0.2633,-0.335,3,0.505,0.319,0.003690 ,4.094,0,0,2.833,0.675,0,0
001576-87-0,0,-0.2633,-0.335,3,0.505,0.319,0.002674 ,4.094,0,0,2.833,0.675,0,0
001712-64-7,0,-0.32585,-0.326,0,0.323,0.236,0.003356 ,0,0,0,3.865,0.542,0,0
001885-48-9,41.7,-0.35122,-0.157,0,0.952,0.245,0.003356 ,0,0,0,2.775,0.642,0,1
002050-47-7,8.7,-0.23667,0.137,0,0.72,0.206,0.002591 ,0,0,0,4.453,0.443,0.133,0
002050-68-2,9.1,-0.24109,-0.128,0,0.457,0.199,0.002924 ,0,0,0,4.972,0.413,0.133,0
002050-68-2,9.1,-0.24109,-0.128,0,0.457,0.199,0.002740 ,0,0,0,4.972,0.413,0.133,0
002051-60-7,4.5,-0.24545,0.02,0,0.471,0.193,0.002915 ,0,0,0,5.05,0.365,0.053,0
002051-61-8,4.5,-0.2438,-0.087,0,0.471,0.195,0.002755 ,0,0,0,5.029,0.365,0.095,0
002051-62-9,4.5,-0.23847,-0.097,0,0.471,0.199,0.002950 ,0,0,0,5.033,0.365,0.133,0
002051-62-9,4.5,-0.23847,-0.097,0,0.471,0.199,0.002747 ,0,0,0,5.033,0.365,0.133,0
002240-88-2,25,-0.30307,-0.262,0,0.766,0.25,0.003597 ,0,0,0,3.262,0.729,0,1
002240-88-2,25,-0.30307,-0.262,0,0.766,0.25,0.002959 ,0,0,0,3.262,0.729,0,1
002314-97-8,80,-0.3004,-0.072,0,1.28,0,0.003390 ,0,0,0,0.312,0.685,0,1
002403-24-9,0,-0.27393,-0.412,0,0.355,0.204,0.003356 ,0,0,0,7.372,0.565,0,0
002437-79-8,18.2,-0.26354,-0.139,0,0.494,0.185,0.003086 ,0,0,0,4.901,0.459,0,0
002524-03-0,7.7,-0.26102,-0.012,0,1.226,0.319,0.003356 ,0,0,0,4.444,0.614,0,0
002568-90-3,0,-0.25885,-1.109,0,0.907,0.276,0.001667 ,0,0,0,7.885,0.349,0.469,0
002807-30-9,0,-0.26451,-0.544,0,0.995,0.302,0.003356 ,0,0,0,4.983,0.478,0,0
003013-02-3,0,-0.24466,-0.044,0,0.669,0.297,0.003356 ,0,0,0,2.144,0.523,0,0
003221-61-2,0,-0.30082,-1.213,0,1.611,0.273,0.003356 ,0,0,0,7.046,0.273,0.397,0
003338-55-4,0,-0.22489,-0.567,3,1.3,0.272,0.003356 ,6.242,1,0,6.115,0.526,0.247,0
003638-35-5,0,-0.28199,-0.584,0,1.417,0.213,0.003356 ,0,0,0,5.688,0.347,0,0
003779-61-1,0,-0.22756,-0.481,3,1.3,0.272,0.003356 ,6.242,1,0,6.139,0.526,0.247,0
004164-28-7,0,-0.28536,-0.19,0,0.252,0.333,0.003356 ,0,0,0,2.344,0.529,0,0
004549-74-0,0,-0.22679,-0.325,2,1.333,0.348,0.003356 ,3.854,1,0,3.07,0.589,0,0
005077-67-8,0,-0.25905,-0.2,0,0.809,0.348,0.003356 ,0,0,0,3.472,0.631,0,0
005409-83-6,9.5,-0.24593,0.158,0,0.638,0.17,0.003356 ,0,0,0,5.352,0.514,0.043,0
005409-83-6,9.5,-0.24593,0.158,0,0.638,0.17,0.002469 ,0,0,0,5.352,0.514,0.043,0
005989-27-5,0,-0.23545,-0.633,1,1.25,0.215,0.003356 ,2.35,1,0,7.53,0.507,0.28,0
006135-31-5,0,-0.26373,-0.232,0,0.844,0.296,0.003356 ,0,0,0,3.122,0.625,0,0
006163-75-3,0,-0.2903,-0.361,0,1.056,0.285,0.003125 ,0,0,0,7.755,0.479,0,0
006482-24-2,8.3,-0.27776,-0.224,0,0.838,0.354,0.003356 ,0,0,0,2.309,0.563,0,0
006728-26-3,0,-0.26268,-0.529,3,0.514,0.302,0.003356 ,4.201,0,0,3.72,0.636,0,0
006728-26-3,0,-0.26268,-0.529,3,0.514,0.302,0.002674 ,4.201,0,0,3.72,0.636,0,0
006876-00-2,4.3,-0.2391,0.065,0,0.753,0.202,0.002994 ,0,0,0,4.499,0.399,0.133,0
006876-00-2,4.3,-0.2391,0.065,0,0.753,0.202,0.002717 ,0,0,0,4.499,0.399,0.133,0
007012-37-5,13.6,-0.2501,-0.051,0,0.47,0.191,0.002762 ,0,0,0,4.953,0.443,0.025,0
007433-56-9,0,-0.24494,-1.07,2,1.5,0.28,0.003356 ,4.637,0,0,7.388,0.381,0.457,0
010061-01-5,22.2,-0.27781,-0.168,2,0.534,0.354,0.003356 ,3.052,1,0,1.042,0.86,0,0
013029-08-8,9.1,-0.25503,-0.024,0,0.457,0.189,0.003096 ,0,0,0,4.979,0.413,0.033,0
013211-15-9,0,-0.24124,-0.759,0,0.491,0.176,0.003356 ,0,0,0,7.855,0.443,0.154,1
014315-97-0,0,-0.26493,-0.461,0,0.939,0.265,0.003356 ,0,0,0,6.011,0.402,0,0
015862-07-4,13.6,-0.25226,-0.026,0,0.47,0.191,0.003356 ,0,0,0,5.037,0.443,0.022,0
015862-07-4,13.6,-0.25226,-0.026,0,0.47,0.191,0.002755 ,0,0,0,5.037,0.443,0.022,0
016606-02-3,13.6,-0.25177,-0.044,0,0.47,0.192,0.003356 ,0,0,0,4.948,0.443,0.01,0
016606-02-3,13.6,-0.25177,-0.044,0,0.47,0.192,0.002755 ,0,0,0,4.948,0.443,0.01,0
018259-05-7,22.7,-0.26501,0.213,0,0.526,0.187,0.003356 ,0,0,0,5.276,0.465,0.031,0
018794-84-8,0,-0.23139,-0.926,3,1.3,0.255,0.003356 ,6.444,2,0,9.823,0.467,0.935,0
020820-41-1,0,-0.33223,-0.267,0,0.368,0.23,0.003356 ,0,0,0,6.686,0.558,0,0
022056-82-2,0,-0.27291,-0.244,1,0.73,0.319,0.003356 ,0.74,0,0,3.266,0.631,0,0
024903-95-5,0,-0.24623,-0.631,0,0.491,0.168,0.003356 ,0,0,0,7.898,0.467,0.274,1
029043-89-8,0,-0.27216,-0.57,1,0.71,0.291,0.003356 ,0.773,0,0,5.06,0.537,0,0
033284-50-3,9.1,-0.24849,-0.017,0,0.457,0.19,0.002915 ,0,0,0,5.006,0.413,0.048,0
034883-41-5,9.1,-0.25188,-0.085,0,0.457,0.189,0.003356 ,0,0,0,4.985,0.413,0.038,0
038380-03-9,22.7,-0.26348,0.118,0,0.526,0.189,0.002915 ,0,0,0,5.04,0.465,0,0
039227-62-8,27.3,-0.24354,0.219,0,0.858,0.173,0.003367 ,0,0,0,5.003,0.492,0,0
041446-63-3,0,-0.24444,-1.663,2,1.5,0.269,0.003390 ,4.753,0,0,10.966,0.319,0.848,0
041464-39-5,18.2,-0.25848,-0.075,0,0.494,0.188,0.002755 ,0,0,0,4.963,0.459,0.01,0
053042-85-6,0,-0.24983,-0.313,5,0.505,0.302,0.003356 ,7.543,0,0,2.829,0.611,0,0
055702-46-0,13.6,-0.25338,0.071,0,0.47,0.194,0.002755 ,0,0,0,5.161,0.443,0.037,0
082944-60-3,0,-0.32101,-0.684,0,0.306,0.231,0.003356 ,0,0,0,6.475,0.447,0,0
138689-24-4,28.6,-0.30299,-0.101,1,0.732,0.408,0.003356 ,0.015,0,0,1.222,1,0,0
147217-71-8,8.7,-0.2388,0.076,0,0.72,0.199,0.002710 ,0,0,0,4.473,0.443,0.133,0
183065-43-2,0,-0.32557,-0.644,0,0.317,0.181,0.003356 ,0,0,0,10.163,0.489,0.426,1
SRC002-52-8,0,-0.32204,-0.713,0,0.306,0.246,0.003356 ,0,0,0,6.347,0.466,0,0
000003-82-0,0,-0.27209,-0.718,0,0.909,0.26,0.003356 ,0,0,0,6.805,0.35,0,0
000058-89-9,33.3,-0.31284,-0.195,0,0.586,0.207,0.003356 ,0,0,0,5.309,0.38,0,0
000064-17-5,0,-0.28053,-0.178,0,1.07,0,0.002681 ,0,0,0,1.802,0.627,0,0
000064-17-5,0,-0.28053,-0.178,0,1.07,0,0.001433 ,0,0,0,1.802,0.627,0,0
000064-18-6,0,-0.31023,0.062,1,1.123,0,0.003356 ,-0.25,0,0,0.124,1,0,0
000067-63-0,0,-0.27914,-0.312,0,1.053,0,0.004219 ,0,0,0,2.762,0.515,0,0
000067-63-0,0,-0.27914,-0.312,0,1.053,0,0.002857 ,0,0,0,2.762,0.515,0,0
000067-64-1,0,-0.25918,-0.318,0,0.5,0,0.001004 ,0,0,0,1.943,0.473,0,0
000067-64-1,0,-0.25918,-0.318,0,0.5,0,0.000819 ,0,0,0,1.943,0.473,0,0
000067-66-3,60,-0.32156,-0.008,0,1.015,0,0.003356 ,0,0,0,0.002,0.685,0,0
000071-23-8,0,-0.28026,-0.28,0,1.053,0.5,0.003356 ,0,0,0,2.685,0.563,0,0
000071-36-3,0,-0.27982,-0.467,0,1.047,0.354,0.003356 ,0,0,0,3.588,0.492,0,0
000071-43-2,0,-0.26009,0.024,0,0.917,0.25,0.003270 ,0,0,0,1.965,0.256,0,0
000071-43-2,0,-0.26009,0.024,0,0.917,0.25,0.003099 ,0,0,0,1.965,0.256,0,0
000074-84-0,0,-0.34598,-0.307,0,2,0,0.003953 ,0,0,0,0.908,0.289,0,0
000074-84-0,0,-0.34598,-0.307,0,2,0,0.003077 ,0,0,0,0.908,0.289,0,0
000074-84-0,0,-0.34598,-0.307,0,2,0,0.002667 ,0,0,0,0.908,0.289,0,0
000074-87-3,20,-0.30365,-0.118,0,0.51,0,0.003356 ,0,0,0,0,0.685,0,0
000074-95-3,40,-0.29374,-0.053,0,0.592,0,0.003356 ,0,0,0,0,0.761,0,0
000074-98-6,0,-0.33024,-0.429,0,1.833,0,0.004348 ,0,0,0,1.811,0.33,0,0
000074-98-6,0,-0.33024,-0.429,0,1.833,0,0.002703 ,0,0,0,1.811,0.33,0,0
000075-01-4,16.7,-0.27356,-0.092,1,0.509,0,0.003356 ,1.222,2,0,0.05,0.693,0,0
000075-08-1,0,-0.24065,-0.243,0,1.143,0,0.003356 ,0,0,0,0.962,0.627,0,0
000075-18-3,0,-0.22427,-0.23,0,0.894,0,0.003356 ,0,0,0,0,0.408,0,0
000075-26-3,9.1,-0.2766,-0.395,0,0.553,0,0.004545 ,0,0,0,1.929,0.449,0,0
000075-26-3,9.1,-0.2766,-0.395,0,0.553,0,0.003030 ,0,0,0,1.929,0.449,0,0
000075-28-5,0,-0.32412,-0.513,0,1.75,0,0.004464 ,0,0,0,2.654,0.296,0,0
000075-28-5,0,-0.32412,-0.513,0,1.75,0,0.003509 ,0,0,0,2.654,0.296,0,0
000075-28-5,0,-0.32412,-0.513,0,1.75,0,0.003096 ,0,0,0,2.654,0.296,0,0
000075-28-5,0,-0.32412,-0.513,0,1.75,0,0.002688 ,0,0,0,2.654,0.296,0,0
000075-34-3,25,-0.31083,-0.102,0,0.539,0,0.003356 ,0,0,0,0.986,0.623,0,0
000075-43-4,60,-0.33182,-0.033,0,0.98,0,0.003356 ,0,0,0,0.184,0.961,0,0
000075-52-5,0,-0.31403,-0.037,0,0.24,0,0.003356 ,0,0,0,1.166,0.614,0,0
000075-65-0,0,-0.27773,-0.422,0,1.047,0,0.003356 ,0,0,0,3.675,0.443,0,1
000075-72-9,80,-0.36448,-0.06,0,2.164,0,0.003356 ,0,0,0,0.294,0.685,0,1
000075-84-3,0,-0.28021,-0.398,0,1.046,0.354,0.003356 ,0,0,0,4.265,0.438,0,1
000075-91-2,0,-0.26617,-0.329,0,0.578,0.354,0.004854 ,0,0,0,5.281,0.491,0,1
000075-91-2,0,-0.26617,-0.329,0,0.578,0.354,0.003378 ,0,0,0,5.281,0.491,0,1
000075-97-8,0,-0.25146,-0.52,0,0.526,0.289,0.003356 ,0,0,0,4.278,0.408,0,1
000076-37-9,33.3,-0.31248,-0.074,0,0.85,0.275,0.003356 ,0,0,0,3.482,0.729,0,1
000076-49-3,0,-0.27917,-1.297,0,0.669,0.164,0.003356 ,0,0,0,10.703,0.427,0.781,2
000078-38-6,0,-0.28643,-0.59,0,1.027,0.233,0.003534 ,0,0,0,9.972,0.42,0,0
000078-40-0,0,-0.29224,-0.588,0,1.088,0.213,0.003534 ,0,0,0,12.689,0.404,0,0
000078-78-4,0,-0.3165,-0.633,0,1.7,0.408,0.003356 ,0,0,0,3.517,0.319,0,0
000078-79-5,0,-0.23944,-0.253,1,1.3,0.408,0.002833 ,1.722,2,0,2.045,0.601,0,0
000078-79-5,0,-0.23944,-0.253,1,1.3,0.408,0.002481 ,1.722,2,0,2.045,0.601,0,0
000078-87-5,18.2,-0.30913,-0.292,0,0.509,0.408,0.003356 ,0,0,0,1.921,0.562,0,0
000078-93-3,0,-0.25487,-0.445,0,0.506,0.408,0.001047 ,0,0,0,2.785,0.501,0,0
000078-93-3,0,-0.25487,-0.445,0,0.506,0.408,0.000906 ,0,0,0,2.785,0.501,0,0
000078-93-3,0,-0.25487,-0.445,0,0.506,0.408,0.000780 ,0,0,0,2.785,0.501,0,0
000078-98-8,0,-0.27139,-0.189,1,0.548,0.408,0.003356 ,0.278,0,0,1.845,0.728,0,0
000079-10-7,0,-0.29649,0.021,1,0.897,0.408,0.003356 ,0.833,1,0,1.196,0.795,0,0
000079-29-8,0,-0.30974,-0.868,0,1.667,0.333,0.001186 ,0,0,0,4.225,0.272,0,0
000079-29-8,0,-0.30974,-0.868,0,1.667,0.333,0.001067 ,0,0,0,4.225,0.272,0,0
000079-29-8,0,-0.30974,-0.868,0,1.667,0.333,0.000963 ,0,0,0,4.225,0.272,0,0
000079-29-8,0,-0.30974,-0.868,0,1.667,0.333,0.000874 ,0,0,0,4.225,0.272,0,0
000079-29-8,0,-0.30974,-0.868,0,1.667,0.333,0.000812 ,0,0,0,4.225,0.272,0,0
000079-34-5,50,-0.32379,0.004,0,0.816,0.333,0.003356 ,0,0,0,0.899,0.534,0,0
000079-92-5,0,-0.2445,-1.025,0,1.204,0.176,0.003356 ,0,1,0,7.985,0.481,0.206,1
000080-62-6,0,-0.27741,-0.346,0,0.729,0.297,0.003300 ,0,1,0,3.125,0.685,0,0
000085-01-8,0,-0.22369,-0.275,0,0.758,0.174,0.002890 ,0,0,0,7.034,0.292,0.2,0
000085-01-8,0,-0.22369,-0.275,0,0.758,0.174,0.002604 ,0,0,0,7.034,0.292,0.2,0
000086-73-7,0,-0.22422,-0.167,0,0.778,0.17,0.003067 ,0,0,0,7.038,0.439,0.053,0
000088-75-5,0,-0.26528,0.11,0,0.519,0.202,0.003356 ,0,0,0,3.182,0.626,0,0
000091-20-3,0,-0.22589,-0.05,0,0.805,0.193,0.003356 ,0,0,0,4.528,0.302,0.023,0
000091-22-5,0,-0.24424,0.012,0,0.728,0.193,0.003356 ,0,0,0,3.973,0.443,0,0
000092-52-4,0,-0.23589,-0.068,0,0.837,0.198,0.003086 ,0,0,0,5.102,0.278,0.133,0
000095-13-6,0,-0.2249,-0.206,2,0.84,0.189,0.003356 ,4.375,0,0,5.064,0.58,0,0
000095-48-7,0,-0.22902,-0.029,0,0.985,0.231,0.003106 ,0,0,0,3.279,0.636,0,0
000095-48-7,0,-0.22902,-0.029,0,0.985,0.231,0.002592 ,0,0,0,3.279,0.636,0,0
000095-50-1,16.7,-0.26127,0.012,0,0.481,0.231,0.003356 ,0,0,0,1.951,0.491,0,0
000096-12-8,27.3,-0.29771,-0.278,0,0.533,0.348,0.003356 ,0,0,0,1.933,0.669,0,0
000096-22-0,0,-0.2553,-0.606,0,0.515,0.348,0.001139 ,0,0,0,3.758,0.418,0,0
000096-22-0,0,-0.2553,-0.606,0,0.515,0.348,0.000936 ,0,0,0,3.758,0.418,0,0
000096-22-0,0,-0.2553,-0.606,0,0.515,0.348,0.000842 ,0,0,0,3.758,0.418,0,0
000096-22-0,0,-0.2553,-0.606,0,0.515,0.348,0.000769 ,0,0,0,3.758,0.418,0,0
000096-41-3,0,-0.27475,-0.603,0,0.98,0.235,0.003356 ,0,0,0,4.935,0.429,0,0
000097-88-1,0,-0.2752,-0.84,0,0.708,0.267,0.003356 ,0,1,0,5.99,0.565,0,0
000098-06-6,0,-0.24748,-0.3,0,1.15,0.202,0.003356 ,0,0,0,5.368,0.469,0.043,1
000098-82-8,0,-0.24797,-0.247,0,1.111,0.216,0.003356 ,0,0,0,4.693,0.492,0.026,0
000099-82-1,0,-0.28843,-1.602,0,1.45,0.215,0.003356 ,0,0,0,8.612,0.294,0.449,0
000099-87-6,0,-0.23727,-0.353,0,1.15,0.215,0.003356 ,0,0,0,5.712,0.498,0.133,0
000100-44-7,6.7,-0.26472,0.016,0,0.473,0.23,0.003356 ,0,0,0,2.993,0.534,0,0
000100-66-3,0,-0.22893,-0.031,0,0.85,0.23,0.003334 ,0,0,0,2.946,0.53,0,0
000100-66-3,0,-0.22893,-0.031,0,0.85,0.23,0.003035 ,0,0,0,2.946,0.53,0,0
000100-66-3,0,-0.22893,-0.031,0,0.85,0.23,0.002475 ,0,0,0,2.946,0.53,0,0
000100-66-3,0,-0.22893,-0.031,0,0.85,0.23,0.002297 ,0,0,0,2.946,0.53,0,0
000101-55-3,4.3,-0.23295,0.124,0,0.753,0.206,0.002725 ,0,0,0,4.518,0.399,0.133,0
000101-84-8,0,-0.23025,0.184,0,0.823,0.206,0.003067 ,0,0,0,4.55,0.315,0.133,0
000101-84-8,0,-0.23025,0.184,0,0.823,0.206,0.002841 ,0,0,0,4.55,0.315,0.133,0
000104-93-8,0,-0.22049,-0.273,0,0.854,0.226,0.003356 ,0,0,0,3.982,0.581,0,0
000105-66-8,0,-0.28059,-0.906,0,0.708,0.262,0.003356 ,0,0,0,5.841,0.449,0,0
000106-43-4,6.7,-0.24729,-0.044,0,0.473,0.23,0.003356 ,0,0,0,2.947,0.605,0,0
000106-65-0,0,-0.28727,-0.44,0,0.776,0.283,0.003356 ,0,0,0,5.027,0.492,0,0
000106-94-5,9.1,-0.27823,-0.383,0,0.553,0.5,0.004545 ,0,0,0,1.846,0.504,0,0
000106-94-5,9.1,-0.27823,-0.383,0,0.553,0.5,0.003030 ,0,0,0,1.846,0.504,0,0
000106-97-8,0,-0.32504,-0.582,0,1.75,0.5,0.004329 ,0,0,0,2.702,0.31,0,0
000106-97-8,0,-0.32504,-0.582,0,1.75,0.5,0.003333 ,0,0,0,2.702,0.31,0,0
000106-97-8,0,-0.32504,-0.582,0,1.75,0.5,0.002667 ,0,0,0,2.702,0.31,0,0
000106-98-9,0,-0.26291,-0.32,1,1.5,0.5,0.002833 ,1.875,1,0,1.929,0.62,0,0
000106-99-0,0,-0.24321,-0.094,2,1.25,0.5,0.003356 ,3.278,2,0,0.969,0.396,0,0
000106-99-0,0,-0.24321,-0.094,2,1.25,0.5,0.002545 ,3.278,2,0,0.969,0.396,0,0
000107-03-9,0,-0.23984,-0.412,0,1.173,0.5,0.003356 ,0,0,0,1.844,0.563,0,0
000107-13-1,0,-0.30334,-0.023,1,0.5,0.5,0.003356 ,1.181,1,0,0.661,0.671,0,0
000107-18-6,0,-0.27075,-0.08,1,1.07,0.5,0.003257 ,1.431,1,0,1.905,0.797,0,0
000107-25-5,0,-0.23344,-0.166,1,0.921,0.5,0.003356 ,1.375,1,0,0.987,0.714,0,0
000107-83-5,0,-0.30902,-0.832,0,1.667,0.289,0.003356 ,0,0,0,4.355,0.311,0,0
000107-87-9,0,-0.25631,-0.591,0,0.515,0.289,0.000960 ,0,0,0,3.75,0.481,0,0
000107-87-9,0,-0.25631,-0.591,0,0.515,0.289,0.000822 ,0,0,0,3.75,0.481,0,0
000108-01-0,0,-0.22174,-0.304,0,1.087,0.289,0.003356 ,0,0,0,4.729,0.504,0,0
000108-05-4,0,-0.26468,-0.174,1,0.753,0.289,0.003300 ,1.1,1,0,1.655,0.755,0,0
000108-20-3,0,-0.27516,-0.62,0,0.717,0.236,0.003356 ,0,0,0,4.208,0.493,0,0
000108-39-4,0,-0.23065,0.071,0,0.985,0.22,0.003356 ,0,0,0,3.25,0.636,0,0
000108-86-1,8.3,-0.25422,0.012,0,0.471,0.237,0.003356 ,0,0,0,1.937,0.422,0,0
000108-90-7,8.3,-0.25749,-0.005,0,0.459,0.237,0.002110 ,0,0,0,1.927,0.422,0,0
000108-90-7,8.3,-0.25749,-0.005,0,0.459,0.237,0.001600 ,0,0,0,1.927,0.422,0,0
000108-98-5,0,-0.22816,0.063,0,0.923,0.237,0.003356 ,0,0,0,2.016,0.479,0,0
000109-66-0,0,-0.3195,-0.775,0,1.7,0.354,0.003356 ,0,0,0,3.599,0.29,0,0
000109-66-0,0,-0.3195,-0.775,0,1.7,0.354,0.002667 ,0,0,0,3.599,0.29,0,0
000109-66-0,0,-0.3195,-0.775,0,1.7,0.354,0.001115 ,0,0,0,3.599,0.29,0,0
000109-66-0,0,-0.3195,-0.775,0,1.7,0.354,0.001029 ,0,0,0,3.599,0.29,0,0
000109-66-0,0,-0.3195,-0.775,0,1.7,0.354,0.000945 ,0,0,0,3.599,0.29,0,0
000109-66-0,0,-0.3195,-0.775,0,1.7,0.354,0.000835 ,0,0,0,3.599,0.29,0,0
000109-66-0,0,-0.3195,-0.775,0,1.7,0.354,0.000766 ,0,0,0,3.599,0.29,0,0
000109-86-4,0,-0.26725,-0.156,0,1.035,0.354,0.003356 ,0,0,0,3.052,0.568,0,0
000109-97-7,0,-0.21858,-0.054,0,1.239,0.25,0.003356 ,0,0,0,1.499,0.582,0,0
000110-12-3,0,-0.25612,-0.724,0,0.538,0.264,0.003356 ,0,0,0,5.452,0.436,0,0
000110-54-3,0,-0.31304,-0.893,0,1.667,0.319,0.003356 ,0,0,0,4.496,0.272,0,0
000110-54-3,0,-0.31304,-0.893,0,1.667,0.319,0.002667 ,0,0,0,4.496,0.272,0,0
000110-54-3,0,-0.31304,-0.893,0,1.667,0.319,0.001112 ,0,0,0,4.496,0.272,0,0
000110-54-3,0,-0.31304,-0.893,0,1.667,0.319,0.001006 ,0,0,0,4.496,0.272,0,0
000110-54-3,0,-0.31304,-0.893,0,1.667,0.319,0.000890 ,0,0,0,4.496,0.272,0,0
000110-54-3,0,-0.31304,-0.893,0,1.667,0.319,0.000834 ,0,0,0,4.496,0.272,0,0
000110-71-4,0,-0.26399,-0.312,0,0.933,0.319,0.003356 ,0,0,0,3.552,0.396,0,0
000110-82-7,0,-0.29925,-0.765,0,1.417,0.25,0.003077 ,0,0,0,5.271,0.22,0,0
000110-83-8,0,-0.24462,-0.495,2,1.25,0.25,0.003356 ,4.535,0,0,4.699,0.489,0,0
000111-15-9,0,-0.27273,-0.603,0,0.804,0.273,0.003356 ,0,0,0,5.439,0.482,0,0
000111-43-3,0,-0.26007,-0.861,0,0.913,0.302,0.003356 ,0,0,0,5.091,0.363,0,0
000111-70-6,0,-0.27946,-0.817,0,1.049,0.291,0.003356 ,0,0,0,6.275,0.367,0.341,0
000111-90-0,0,-0.26375,-0.621,0,0.991,0.285,0.003356 ,0,0,0,6.403,0.413,0,0
000112-41-4,0,-0.26074,-1.379,1,1.5,0.273,0.003356 ,2.025,1,0,9.097,0.35,0.656,0
000115-20-8,33.3,-0.31664,0.028,0,1.036,0.354,0.003356 ,0,0,0,1.346,0.806,0,1
000118-74-1,50,-0.27468,0.089,0,0.917,0.207,0.003356 ,0,0,0,2.371,0.256,0,0
000120-12-7,0,-0.20495,-0.202,0,0.758,0.178,0.002890 ,0,0,0,7.125,0.292,0.278,0
000120-83-2,15.4,-0.24403,0.092,0,0.811,0.22,0.003356 ,0,0,0,2.119,0.665,0,0
000122-34-9,4,-0.24806,-0.436,0,0.936,0.196,0.003356 ,0,0,0,4.652,0.567,0.263,0
000123-35-3,0,-0.23759,-0.713,2,1.3,0.272,0.003096 ,4.035,2,0,5.982,0.54,0.293,0
000123-35-3,0,-0.23759,-0.713,2,1.3,0.272,0.002681 ,4.035,2,0,5.982,0.54,0.293,0
000123-42-2,0,-0.25072,-0.598,0,0.785,0.204,0.003356 ,0,0,0,5.493,0.537,0,1
000123-91-1,0,-0.25022,-0.271,0,0.886,0.25,0.003356 ,0,0,0,4.979,0.362,0,0
000124-72-1,62.5,-0.32098,-0.128,0,1.093,0.289,0.003356 ,0,0,1,1.495,0.712,0,1
000127-91-3,0,-0.23993,-0.57,0,1.204,0.168,0.003356 ,0,1,0,7.961,0.503,0.302,1
000132-64-9,0,-0.23381,0.218,0,0.787,0.17,0.002899 ,0,0,0,5.499,0.389,0.061,0
000135-19-3,0,-0.21979,0.015,0,0.944,0.19,0.003356 ,0,0,0,4.756,0.444,0.037,0
000141-32-2,0,-0.28501,-0.685,1,0.71,0.285,0.003300 ,1.176,1,0,4.944,0.608,0,0
000142-29-0,0,-0.24419,-0.496,2,1.2,0.25,0.003356 ,4.472,0,0,3.559,0.537,0,0
000142-82-5,0,-0.30867,-1.02,0,1.643,0.302,0.001143 ,0,0,0,5.393,0.258,0,0
000142-82-5,0,-0.30867,-1.02,0,1.643,0.302,0.001024 ,0,0,0,5.393,0.258,0,0
000142-82-5,0,-0.30867,-1.02,0,1.643,0.302,0.000889 ,0,0,0,5.393,0.258,0,0
000142-82-5,0,-0.30867,-1.02,0,1.643,0.302,0.000826 ,0,0,0,5.393,0.258,0,0
000142-82-5,0,-0.30867,-1.02,0,1.643,0.302,0.000777 ,0,0,0,5.393,0.258,0,0
000152-18-1,0,-0.2461,-0.013,0,1.253,0.285,0.003356 ,0,0,0,5.788,0.462,0,0
000206-44-0,0,-0.2247,-0.058,0,0.7,0.157,0.002809 ,0,0,0,8.641,0.294,0.524,0
000208-96-8,0,-0.22684,-0.158,2,0.72,0.167,0.002890 ,4.356,0,0,6.545,0.423,0.081,0
000262-12-4,0,-0.2108,0.293,0,0.831,0.178,0.003356 ,0,0,0,5.044,0.372,0.157,0
000281-23-2,0,-0.28018,-0.25,0,1.161,0.167,0.003356 ,0,0,0,9.974,0.278,0.233,0
000287-92-3,0,-0.31513,-0.715,0,1.4,0.25,0.002941 ,0,0,0,4.045,0.235,0,0
000288-42-6,0,-0.26667,-0.078,0,0.923,0.25,0.003356 ,0,0,0,0.903,0.709,0,0
000291-64-5,0,-0.30164,-0.976,0,1.429,0.25,0.003077 ,0,0,0,5.765,0.209,0,0
000292-64-8,0,-0.29149,-1.161,0,1.438,0.25,0.003333 ,0,0,0,6.747,0.2,0.338,0
000293-96-9,0,-0.29666,-1.357,0,1.45,0.25,0.003356 ,0,0,0,8.153,0.187,0.417,0
000333-36-8,40,-0.32235,-0.163,0,0.885,0.232,0.003356 ,0,0,0,3.942,0.544,0,2
000353-59-3,80,-0.32139,-0.034,0,1.7,0,0.003356 ,0,0,2,0.223,0.961,0,1
000359-11-5,50,-0.28075,-0.069,1,0.919,0.408,0.003356 ,-0.75,2,0,0.321,0.693,0,0
000375-03-1,46.7,-0.35129,-0.119,0,1.016,0.212,0.003356 ,0,0,0,3.73,0.599,0,3
000407-59-0,42.9,-0.3968,-0.458,0,0.775,0.232,0.003356 ,0,0,0,3.958,0.498,0,2
000422-05-9,41.7,-0.32378,-0.147,0,0.981,0.243,0.003356 ,0,0,0,3.158,0.708,0,2
000422-05-9,41.7,-0.32378,-0.147,0,0.981,0.243,0.003247 ,0,0,0,3.158,0.708,0,2
000425-87-6,33.3,-0.32872,-0.13,0,0.815,0.275,0.003356 ,0,0,0,2.784,0.729,0,1
000431-63-0,54.5,-0.37828,-0.22,0,0.994,0.237,0.003356 ,0,0,0,3.015,0.562,0,1
000460-43-5,25,-0.29485,-0.176,0,0.733,0.25,0.003356 ,0,0,0,2.636,0.642,0,1
000461-18-7,20,-0.29582,-0.266,0,0.699,0.256,0.003484 ,0,0,0,4.173,0.636,0,1
000461-18-7,20,-0.29582,-0.266,0,0.699,0.256,0.002793 ,0,0,0,4.173,0.636,0,1
000463-04-7,0,-0.2839,-0.577,0,0.364,0.291,0.003356 ,0,0,0,5.428,0.478,0,0
000469-61-4,0,-0.23095,-1.464,1,1.205,0.154,0.003356 ,2.567,0,0,13.079,0.421,1.025,2
000493-02-7,0,-0.28227,-1.233,0,1.303,0.193,0.003356 ,0,0,0,9.361,0.247,0.417,0
000497-26-7,0,-0.26916,-0.168,0,0.886,0.235,0.003356 ,0,0,0,4.81,0.475,0,0
000502-49-8,0,-0.24821,-0.912,0,0.513,0.239,0.003356 ,0,0,0,6.781,0.352,0.324,0
000505-29-3,0,-0.22779,-0.489,0,0.737,0.25,0.003597 ,0,0,0,1.879,0.362,0,0
000505-29-3,0,-0.22779,-0.489,0,0.737,0.25,0.003115 ,0,0,0,1.879,0.362,0,0
000512-51-6,26.7,-0.33595,-0.306,0,0.718,0.246,0.003356 ,0,0,0,4.096,0.614,0,1
000513-53-1,0,-0.23999,-0.542,0,1.201,0.408,0.003356 ,0,0,0,2.741,0.492,0,0
000529-20-4,0,-0.26494,-0.214,1,0.475,0.216,0.003356 ,0.87,0,0,4.089,0.604,0,0
000540-84-1,0,-0.30252,-0.922,0,1.625,0.204,0.003356 ,0,0,0,5.79,0.294,0,1
000541-73-1,16.7,-0.26393,-0.026,0,0.481,0.22,0.003356 ,0,0,0,1.877,0.491,0,0
000544-10-5,5,-0.29526,-0.745,0,0.559,0.302,0.003356 ,0,0,0,4.548,0.357,0,0
000547-64-8,0,-0.28101,-0.209,0,0.908,0.297,0.003356 ,0,0,0,3.492,0.665,0,0
000556-56-9,11.1,-0.25709,-0.168,1,1.023,0.5,0.003356 ,1.862,1,0,1.018,0.763,0,0
000563-46-2,0,-0.2509,-0.468,0,1.5,0.408,0.003356 ,0,1,0,2.897,0.556,0,0
000565-80-0,0,-0.24809,-0.809,0,0.538,0.263,0.003356 ,0,0,0,5.19,0.355,0,0
000575-37-1,0,-0.21737,-0.368,0,0.92,0.186,0.003356 ,0,0,0,6.67,0.486,0.124,0
000581-40-8,0,-0.21812,-0.443,0,0.92,0.191,0.003356 ,0,0,0,6.638,0.486,0.037,0
000584-02-1,0,-0.27519,-0.514,0,1.046,0.348,0.003356 ,0,0,0,4.483,0.449,0,0
000590-35-2,0,-0.30851,-0.741,0,1.643,0.25,0.003356 ,0,0,0,5.095,0.293,0,1
000591-49-1,0,-0.2343,-0.576,1,1.286,0.237,0.003356 ,2.351,0,0,5.719,0.471,0,0
000591-95-7,0,-0.2582,-0.341,1,1.3,0.354,0.003356 ,1.889,1,0,1.906,0.641,0,0
000592-57-4,0,-0.21915,-0.348,4,1.083,0.25,0.003356 ,8.535,0,0,3.903,0.559,0,0
000593-60-2,16.7,-0.26706,-0.066,1,0.5,0,0.003356 ,1.563,2,0,0.044,0.693,0,0
000594-56-9,0,-0.25105,-0.609,0,1.5,0.289,0.003356 ,0,1,0,4.37,0.46,0,1
000594-82-1,0,-0.3016,-1.071,0,1.625,0.25,0.001100 ,0,0,0,5.337,0.246,0,2
000594-82-1,0,-0.3016,-1.071,0,1.625,0.25,0.000943 ,0,0,0,5.337,0.246,0,2
000598-58-3,0,-0.33433,-0.024,0,0.419,0.408,0.003356 ,0,0,0,1.776,0.68,0,0
000616-12-6,0,-0.2356,-0.609,1,1.5,0.348,0.003356 ,2.139,0,0,3.895,0.466,0,0
000622-14-0,0,-0.20403,0.012,0,1.233,0.212,0.003356 ,0,0,0,6.698,0.443,0.543,0
000624-64-6,0,-0.24644,-0.404,2,1.5,0.5,0.003356 ,4,0,0,2.061,0.5,0,0
000625-06-9,0,-0.27737,-0.753,0,1.049,0.204,0.003356 ,0,0,0,6.14,0.4,0,1
000625-86-5,0,-0.21478,-0.476,0,0.847,0.217,0.003356 ,0,0,0,3.425,0.567,0,0
000627-20-3,0,-0.24682,-0.459,2,1.5,0.354,0.003356 ,4.181,0,0,2.926,0.522,0,0
000628-05-7,0,-0.30367,-0.742,0,0.216,0.249,0.003356 ,0,0,0,4.629,0.446,0,0
000628-81-9,0,-0.25687,-0.65,0,0.913,0.302,0.003356 ,0,0,0,5.137,0.363,0,0
000629-62-9,0,-0.29287,-1.994,0,1.567,0.267,0.003356 ,0,0,0,12.567,0.196,0.976,0
000646-04-8,0,-0.24682,-0.459,2,1.5,0.354,0.003356 ,4.181,0,0,2.932,0.522,0,0
000683-08-9,0,-0.28589,-0.511,0,1.039,0.232,0.003597 ,0,0,0,8.972,0.449,0,0
000690-08-4,0,-0.24692,-0.555,2,1.5,0.25,0.003356 ,4.271,0,0,4.52,0.439,0,1
000692-49-9,50,-0.3458,-0.219,2,0.919,0.232,0.004184 ,-1.708,0,0,3.015,0.5,0,2
000692-49-9,50,-0.3458,-0.219,2,0.919,0.232,0.002674 ,-1.708,0,0,3.015,0.5,0,2
000695-12-5,0,-0.25908,-0.844,1,1.313,0.23,0.003356 ,2.11,1,0,6.23,0.439,0.084,0
000756-79-6,0,-0.29024,-0.451,0,1.083,0.319,0.003378 ,0,0,0,6.757,0.492,0,0
000759-94-4,0,-0.23897,-0.888,0,0.672,0.221,0.003356 ,0,0,0,6.814,0.417,0.565,0
000764-13-6,0,-0.24067,-0.485,1,1.375,0.264,0.003356 ,2.183,1,0,5.073,0.488,0,0
000768-49-0,0,-0.22499,-0.15,1,1.05,0.211,0.003356 ,2.167,0,0,5.112,0.517,0.029,0
000821-55-6,0,-0.25554,-1.111,0,0.562,0.269,0.003356 ,0,0,0,7.337,0.356,0.402,0
000868-85-9,0,-0.30229,-0.111,0,1.112,0.348,0.003333 ,0,0,0,7.365,0.594,0,0
000881-03-8,0,-0.24361,-0.162,0,0.193,0.174,0.003356 ,0,0,0,6.686,0.561,0.108,0
000926-54-5,0,-0.22743,-0.348,2,1.333,0.289,0.003356 ,3.947,1,0,3.09,0.589,0,0
000935-31-9,0,-0.24189,-0.982,2,1.35,0.25,0.003356 ,4.705,0,0,7.679,0.361,0.401,0
001066-40-6,0,-0.28696,-0.136,0,1.794,0,0.003356 ,0,0,0,0.109,0.443,0,0
001115-15-7,0,-0.24153,-0.168,2,0.357,0.348,0.003356 ,2.653,2,0,3.577,0.529,0,0
001119-40-0,0,-0.28348,-0.246,0,0.754,0.279,0.003356 ,0,0,0,5.829,0.484,0,0
001134-23-2,0,-0.23808,-1.012,0,0.657,0.2,0.003356 ,0,0,0,9.493,0.407,0.707,0
001428-33-7,25,-0.2964,-0.16,1,0.705,0.249,0.003356 ,0.969,1,0,4.18,0.726,0,1
001476-23-9,0,-0.25601,-0.109,1,0.6,0.319,0.003165 ,1.533,1,0,2.014,0.769,0,0
001518-72-5,0,-0.22279,-0.91,0,0.825,0.232,0.003356 ,0,0,0,5.412,0.301,0,2
001576-87-0,0,-0.2633,-0.335,3,0.505,0.319,0.003367 ,4.094,0,0,2.833,0.675,0,0
001634-04-4,0,-0.25776,-0.508,0,0.91,0.354,0.003356 ,0,0,0,4.324,0.371,0,1
001717-00-6,37.5,-0.32087,-0.076,0,0.649,0,0.003356 ,0,0,0,1.22,0.768,0,1
002004-70-8,0,-0.2306,-0.224,3,1.3,0.354,0.003356 ,5.576,1,0,1.971,0.601,0,0
002050-47-7,8.7,-0.23667,0.137,0,0.72,0.206,0.002577 ,0,0,0,4.453,0.443,0.133,0
002050-68-2,9.1,-0.24109,-0.128,0,0.457,0.199,0.002899 ,0,0,0,4.972,0.413,0.133,0
002050-68-2,9.1,-0.24109,-0.128,0,0.457,0.199,0.002732 ,0,0,0,4.972,0.413,0.133,0
002051-60-7,4.5,-0.24545,0.02,0,0.471,0.193,0.002755 ,0,0,0,5.05,0.365,0.053,0
002051-62-9,4.5,-0.23847,-0.097,0,0.471,0.199,0.003356 ,0,0,0,5.033,0.365,0.133,0
002051-62-9,4.5,-0.23847,-0.097,0,0.471,0.199,0.002915 ,0,0,0,5.033,0.365,0.133,0
002108-66-9,0,-0.31588,-0.657,0,0.292,0.211,0.003356 ,0,0,0,7.281,0.427,0,0
002240-88-2,25,-0.30307,-0.262,0,0.766,0.25,0.003484 ,0,0,0,3.262,0.729,0,1
002240-88-2,25,-0.30307,-0.262,0,0.766,0.25,0.002793 ,0,0,0,3.262,0.729,0,1
002314-97-8,80,-0.3004,-0.072,0,1.28,0,0.003378 ,0,0,0,0.312,0.685,0,1
002437-56-1,0,-0.26072,-1.484,1,1.5,0.271,0.003390 ,2.029,1,0,9.993,0.334,0.755,0
002437-79-8,18.2,-0.26354,-0.139,0,0.494,0.185,0.002915 ,0,0,0,4.901,0.459,0,0
002562-37-0,0,-0.2876,-0.404,1,0.199,0.216,0.003356 ,1.726,0,0,5.841,0.57,0,0
002568-90-3,0,-0.25885,-1.109,0,0.907,0.276,0.001408 ,0,0,0,7.885,0.349,0.469,0
002837-89-0,62.5,-0.34638,-0.179,0,1.162,0.289,0.003356 ,0,0,0,1.475,0.712,0,1
003031-73-0,0,-0.26777,0.048,0,0.657,0,0.003356 ,0,0,0,2.181,0.823,0,0
003296-50-2,0,-0.28895,-1.082,0,1.282,0.189,0.003356 ,0,0,0,8.439,0.259,0.375,0
003638-64-0,0,-0.31486,-0.045,1,0.231,0.408,0.003356 ,0.639,1,0,1.13,0.649,0,0
003822-68-2,55.6,-0.39893,-0.061,0,1.469,0.204,0.003356 ,0,0,0,1.339,0.627,0,1
004170-30-3,0,-0.26403,-0.27,3,0.5,0.354,0.003356 ,3.882,0,0,1.97,0.724,0,0
004551-51-3,0,-0.2905,-1.282,0,1.282,0.189,0.003356 ,0,0,0,8.297,0.259,0.375,0
005131-66-8,0,-0.26391,-0.768,0,0.981,0.273,0.003356 ,0,0,0,6.862,0.449,0.166,0
005409-83-6,9.5,-0.24593,0.158,0,0.638,0.17,0.002817 ,0,0,0,5.352,0.514,0.043,0
005595-10-8,55.6,-0.30791,-0.088,1,1.054,0.261,0.003356 ,-1.125,1,0,1.747,0.763,0,1
006004-38-2,0,-0.28854,-1.002,0,1.161,0.161,0.003356 ,0,0,0,9.229,0.278,0.274,0
006163-75-3,0,-0.2903,-0.361,0,1.056,0.285,0.003597 ,0,0,0,7.755,0.479,0,0
006163-75-3,0,-0.2903,-0.361,0,1.056,0.285,0.002874 ,0,0,0,7.755,0.479,0,0
006642-30-4,0,-0.2648,-0.113,0,0.878,0.348,0.003356 ,0,0,0,2.158,0.678,0,0
006728-26-3,0,-0.26268,-0.529,3,0.514,0.302,0.003096 ,4.201,0,0,3.72,0.636,0,0
006745-71-7,0,-0.28586,-0.159,0,0.433,0.264,0.003356 ,0,0,0,3.605,0.679,0,0
006876-00-2,4.3,-0.2391,0.065,0,0.753,0.202,0.002967 ,0,0,0,4.499,0.399,0.133,0
007012-37-5,13.6,-0.2501,-0.051,0,0.47,0.191,0.003356 ,0,0,0,4.953,0.443,0.025,0
007012-37-5,13.6,-0.2501,-0.051,0,0.47,0.191,0.002755 ,0,0,0,4.953,0.443,0.025,0
007581-97-7,14.3,-0.30197,-0.386,0,0.501,0.333,0.003356 ,0,0,0,2.811,0.45,0,0
010061-02-6,22.2,-0.27719,-0.194,2,0.534,0.354,0.003356 ,3.052,1,0,1.045,0.86,0,0
013029-08-8,9.1,-0.25503,-0.024,0,0.457,0.189,0.002915 ,0,0,0,4.979,0.413,0.033,0
013389-42-9,0,-0.24553,-0.901,2,1.5,0.291,0.003356 ,4.353,0,0,5.622,0.436,0.069,0
014371-10-9,0,-0.25574,-0.22,3,0.476,0.224,0.003356 ,4.023,0,0,3.909,0.46,0.003,0
015862-07-4,13.6,-0.25226,-0.026,0,0.47,0.191,0.003096 ,0,0,0,5.037,0.443,0.022,0
015862-07-4,13.6,-0.25226,-0.026,0,0.47,0.191,0.002747 ,0,0,0,5.037,0.443,0.022,0
016606-02-3,13.6,-0.25177,-0.044,0,0.47,0.192,0.003106 ,0,0,0,4.948,0.443,0.01,0
017321-47-0,0,-0.24205,-0.132,0,1.383,0.319,0.003356 ,0,0,0,3.708,0.65,0,0
018259-05-7,22.7,-0.26501,0.213,0,0.526,0.187,0.002915 ,0,0,0,5.276,0.465,0.031,0
018829-55-5,0,-0.26229,-0.636,3,0.524,0.291,0.003356 ,4.266,0,0,4.623,0.582,0,0
020825-71-2,0,-0.26431,-0.116,2,0.718,0.235,0.003356 ,3.088,0,0,2.766,0.815,0,0
022410-44-2,41.7,-0.35048,-0.078,0,0.952,0.243,0.003356 ,0,0,0,2.732,0.642,0,2
026103-08-2,53.3,-0.36639,-0.26,0,1.201,0.175,0.003356 ,0,0,0,3.795,0.536,0,2
028167-51-3,0,-0.2356,-0.25,0,1.245,0.251,0.003356 ,0,0,0,5.593,0.476,0,0
030746-58-8,18.2,-0.23099,0.295,0,0.773,0.177,0.003356 ,0,0,0,5.146,0.52,0.024,0
033284-50-3,9.1,-0.24849,-0.017,0,0.457,0.19,0.002755 ,0,0,0,5.006,0.413,0.048,0
038379-99-6,22.7,-0.25941,0.019,0,0.526,0.184,0.003356 ,0,0,0,4.972,0.465,0,0
038380-03-9,22.7,-0.26348,0.118,0,0.526,0.189,0.002755 ,0,0,0,5.04,0.465,0,0
039227-62-8,27.3,-0.24354,0.219,0,0.858,0.173,0.002899 ,0,0,0,5.003,0.492,0,0
041464-39-5,18.2,-0.25848,-0.075,0,0.494,0.188,0.003356 ,0,0,0,4.963,0.459,0.01,0
051452-87-0,8.7,-0.24071,0.083,0,0.72,0.199,0.002890 ,0,0,0,4.449,0.443,0.046,0
054396-97-3,0,-0.27222,-0.758,0,0.785,0.265,0.003356 ,0,0,0,7.118,0.427,0.229,0
057041-67-5,50,-0.3881,-0.085,0,1.152,0.23,0.003356 ,0,0,0,2.527,0.614,0,1
082944-61-4,0,-0.31474,-0.809,0,0.306,0.235,0.003356 ,0,0,0,7.356,0.417,0.328,0
138779-12-1,0,-0.2823,-0.351,0,0.395,0.276,0.003356 ,0,0,0,4.535,0.635,0,0
147217-71-8,8.7,-0.2388,0.076,0,0.72,0.199,0.002639 ,0,0,0,4.473,0.443,0.133,0
188690-77-9,50,-0.39505,0.012,0,1.46,0.185,0.003356 ,0,0,0,4.309,0.5,0,3
000050-00-0,0,-0.28174,0.012,0,0.554,0,0.003356 ,0,0,0,0,0.75,0,0
000060-29-7,0,-0.26088,-0.502,0,0.908,0.354,0.003356 ,0,0,0,3.319,0.374,0,0
000064-17-5,0,-0.28053,-0.178,0,1.07,0,0.002364 ,0,0,0,1.802,0.627,0,0
000064-17-5,0,-0.28053,-0.178,0,1.07,0,0.001330 ,0,0,0,1.802,0.627,0,0
000064-19-7,0,-0.2941,-0.121,0,0.907,0,0.003356 ,0,0,0,1.181,0.802,0,0
000067-63-0,0,-0.27914,-0.312,0,1.053,0,0.003937 ,0,0,0,2.762,0.515,0,0
000067-63-0,0,-0.27914,-0.312,0,1.053,0,0.002660 ,0,0,0,2.762,0.515,0,0
000067-64-1,0,-0.25918,-0.318,0,0.5,0,0.000992 ,0,0,0,1.943,0.473,0,0
000067-64-1,0,-0.25918,-0.318,0,0.5,0,0.000802 ,0,0,0,1.943,0.473,0,0
000067-68-5,0,-0.23854,-0.184,0,0.357,0,0.003356 ,0,0,0,3.488,0.496,0,0
000071-23-8,0,-0.28026,-0.28,0,1.053,0.5,0.003077 ,0,0,0,2.685,0.563,0,0
000071-41-0,0,-0.27963,-0.547,0,1.046,0.319,0.003356 ,0,0,0,4.496,0.438,0,0
000071-43-2,0,-0.26009,0.024,0,0.917,0.25,0.002524 ,0,0,0,1.965,0.256,0,0
000071-55-6,37.5,-0.31365,-0.093,0,0.639,0,0.003356 ,0,0,0,0.976,0.645,0,1
000074-84-0,0,-0.34598,-0.307,0,2,0,0.003663 ,0,0,0,0.908,0.289,0,0
000074-84-0,0,-0.34598,-0.307,0,2,0,0.003058 ,0,0,0,0.908,0.289,0,0
000074-84-0,0,-0.34598,-0.307,0,2,0,0.002653 ,0,0,0,0.908,0.289,0,0
000074-88-4,20,-0.26047,-0.086,0,1.045,0,0.003356 ,0,0,0,0,0.685,0,0
000074-96-4,12.5,-0.27918,-0.234,0,0.52,0,0.003356 ,0,0,0,0.978,0.552,0,0
000074-98-6,0,-0.33024,-0.429,0,1.833,0,0.004000 ,0,0,0,1.811,0.33,0,0
000074-98-6,0,-0.33024,-0.429,0,1.833,0,0.002381 ,0,0,0,1.811,0.33,0,0
000075-02-5,16.7,-0.28048,-0.076,1,0.532,0,0.003356 ,0.25,2,0,0.221,0.693,0,0
000075-09-2,40,-0.31597,-0.061,0,0.652,0,0.003356 ,0,0,0,0.001,0.761,0,0
000075-19-4,0,-0.29851,-0.228,0,1.333,0,0.003356 ,0,0,0,2.979,0.29,0,0
000075-26-3,9.1,-0.2766,-0.395,0,0.553,0,0.004348 ,0,0,0,1.929,0.449,0,0
000075-26-3,9.1,-0.2766,-0.395,0,0.553,0,0.002703 ,0,0,0,1.929,0.449,0,0
000075-28-5,0,-0.32412,-0.513,0,1.75,0,0.004274 ,0,0,0,2.654,0.296,0,0
000075-28-5,0,-0.32412,-0.513,0,1.75,0,0.003378 ,0,0,0,2.654,0.296,0,0
000075-28-5,0,-0.32412,-0.513,0,1.75,0,0.003077 ,0,0,0,2.654,0.296,0,0
000075-28-5,0,-0.32412,-0.513,0,1.75,0,0.002667 ,0,0,0,2.654,0.296,0,0
000075-35-4,33.3,-0.27556,-0.08,0,0.62,0,0.003356 ,0,2,0,0.062,0.742,0,0
000075-44-5,50,-0.33439,-0.015,0,1.94,0,0.003356 ,0,0,0,0.006,0.75,0,0
000075-56-9,0,-0.27709,-0.219,0,0.829,0.289,0.003356 ,0,0,0,3.646,0.533,0,0
000075-66-1,0,-0.23895,-0.477,0,1.201,0,0.003356 ,0,0,0,2.689,0.443,0,1
000075-73-0,80,-0.4579,-0.138,0,2.5,0,0.003356 ,0,0,0,0.328,0.361,0,1
000075-87-6,42.9,-0.31129,-0.002,1,1.008,0.354,0.003356 ,0.234,0,0,0.774,0.758,0,1
000075-91-2,0,-0.26617,-0.329,0,0.578,0.354,0.004630 ,0,0,0,5.281,0.491,0,1
000075-91-2,0,-0.26617,-0.329,0,0.578,0.354,0.003356 ,0,0,0,5.281,0.491,0,1
000076-37-9,33.3,-0.31248,-0.074,0,0.85,0.275,0.003802 ,0,0,0,3.482,0.729,0,1
000076-37-9,33.3,-0.31248,-0.074,0,0.85,0.275,0.003247 ,0,0,0,3.482,0.729,0,1
000077-76-9,0,-0.26114,-0.403,0,0.921,0.319,0.003356 ,0,0,0,4.844,0.4,0,1
000078-38-6,0,-0.28643,-0.59,0,1.027,0.233,0.003356 ,0,0,0,9.972,0.42,0,0
000078-40-0,0,-0.29224,-0.588,0,1.088,0.213,0.003356 ,0,0,0,12.689,0.404,0,0
000078-79-5,0,-0.23944,-0.253,1,1.3,0.408,0.003356 ,1.722,2,0,2.045,0.601,0,0
000078-79-5,0,-0.23944,-0.253,1,1.3,0.408,0.002755 ,1.722,2,0,2.045,0.601,0,0
000078-79-5,0,-0.23944,-0.253,1,1.3,0.408,0.002421 ,1.722,2,0,2.045,0.601,0,0
000078-92-2,0,-0.27657,-0.48,0,1.047,0.408,0.003356 ,0,0,0,3.631,0.492,0,0
000078-93-3,0,-0.25487,-0.445,0,0.506,0.408,0.001040 ,0,0,0,2.785,0.501,0,0
000078-93-3,0,-0.25487,-0.445,0,0.506,0.408,0.000901 ,0,0,0,2.785,0.501,0,0
000078-93-3,0,-0.25487,-0.445,0,0.506,0.408,0.000771 ,0,0,0,2.785,0.501,0,0
000079-00-5,37.5,-0.31756,-0.075,0,0.639,0.408,0.003356 ,0,0,0,0.969,0.645,0,0
000079-16-3,0,-0.25949,-0.127,0,0.726,0.408,0.003356 ,0,0,0,2.113,0.639,0,0
000079-29-8,0,-0.30974,-0.868,0,1.667,0.333,0.001151 ,0,0,0,4.225,0.272,0,0
000079-29-8,0,-0.30974,-0.868,0,1.667,0.333,0.001066 ,0,0,0,4.225,0.272,0,0
000079-29-8,0,-0.30974,-0.868,0,1.667,0.333,0.000962 ,0,0,0,4.225,0.272,0,0
000079-29-8,0,-0.30974,-0.868,0,1.667,0.333,0.000865 ,0,0,0,4.225,0.272,0,0
000079-29-8,0,-0.30974,-0.868,0,1.667,0.333,0.000802 ,0,0,0,4.225,0.272,0,0
000079-35-6,66.7,-0.27345,-0.075,0,1.329,0.333,0.003356 ,0,2,0,0.202,0.742,0,0
000080-56-8,0,-0.22819,-0.748,1,1.204,0.168,0.003356 ,2.435,0,0,8.19,0.493,0.272,1
000080-62-6,0,-0.27741,-0.346,0,0.729,0.297,0.003195 ,0,1,0,3.125,0.685,0,0
000085-01-8,0,-0.22369,-0.275,0,0.758,0.174,0.002740 ,0,0,0,7.034,0.292,0.2,0
000085-01-8,0,-0.22369,-0.275,0,0.758,0.174,0.002597 ,0,0,0,7.034,0.292,0.2,0
000086-73-7,0,-0.22422,-0.167,0,0.778,0.17,0.002890 ,0,0,0,7.038,0.439,0.053,0
000090-12-0,0,-0.22109,-0.212,0,0.868,0.187,0.003356 ,0,0,0,5.633,0.46,0.043,0
000091-20-3,0,-0.22589,-0.05,0,0.805,0.193,0.003268 ,0,0,0,4.528,0.302,0.023,0
000091-57-6,0,-0.22193,-0.243,0,0.868,0.19,0.003356 ,0,0,0,5.571,0.46,0.037,0
000092-52-4,0,-0.23589,-0.068,0,0.837,0.198,0.002959 ,0,0,0,5.102,0.278,0.133,0
000095-47-6,0,-0.24113,-0.388,0,1.063,0.231,0.003356 ,0,0,0,4.087,0.5,0,0
000095-48-7,0,-0.22902,-0.029,0,0.985,0.231,0.003024 ,0,0,0,3.279,0.636,0,0
000095-48-7,0,-0.22902,-0.029,0,0.985,0.231,0.002546 ,0,0,0,3.279,0.636,0,0
000095-63-6,0,-0.2323,-0.454,0,1.111,0.22,0.003356 ,0,0,0,5.106,0.464,0,0
000096-14-0,0,-0.3113,-0.827,0,1.667,0.348,0.003356 ,0,0,0,4.342,0.311,0,0
000096-22-0,0,-0.2553,-0.606,0,0.515,0.348,0.001068 ,0,0,0,3.758,0.418,0,0
000096-22-0,0,-0.2553,-0.606,0,0.515,0.348,0.000917 ,0,0,0,3.758,0.418,0,0
000096-22-0,0,-0.2553,-0.606,0,0.515,0.348,0.000839 ,0,0,0,3.758,0.418,0,0
000096-22-0,0,-0.2553,-0.606,0,0.515,0.348,0.000763 ,0,0,0,3.758,0.418,0,0
000096-47-9,0,-0.25923,-0.666,0,0.849,0.235,0.003356 ,0,0,0,5.006,0.45,0,0
000097-88-1,0,-0.2752,-0.84,0,0.708,0.267,0.003300 ,0,1,0,5.99,0.565,0,0
000098-08-8,20,-0.28228,0.007,0,0.531,0.202,0.003356 ,0,0,0,3.52,0.49,0,1
000098-83-9,0,-0.23493,-0.077,0,1,0.216,0.003356 ,0,1,0,4.128,0.52,0,0
000099-83-2,0,-0.21388,-0.76,3,1.25,0.215,0.003356 ,6.888,0,0,7.306,0.523,0.178,0
000100-17-4,0,-0.26219,-0.045,0,0.443,0.213,0.003356 ,0,0,0,3.958,0.642,0,0
000100-47-0,0,-0.2802,0.001,0,0.476,0.23,0.003356 ,0,0,0,2.671,0.459,0,0
000100-66-3,0,-0.22893,-0.031,0,0.85,0.23,0.003236 ,0,0,0,2.946,0.53,0,0
000100-66-3,0,-0.22893,-0.031,0,0.85,0.23,0.002798 ,0,0,0,2.946,0.53,0,0
000100-66-3,0,-0.22893,-0.031,0,0.85,0.23,0.002420 ,0,0,0,2.946,0.53,0,0
000100-69-6,0,-0.24414,-0.173,1,0.773,0.23,0.003356 ,1.722,1,0,2.501,0.537,0,0
000101-55-3,4.3,-0.23295,0.124,0,0.753,0.206,0.002646 ,0,0,0,4.518,0.399,0.133,0
000101-84-8,0,-0.23025,0.184,0,0.823,0.206,0.002976 ,0,0,0,4.55,0.315,0.133,0
000101-84-8,0,-0.23025,0.184,0,0.823,0.206,0.002801 ,0,0,0,4.55,0.315,0.133,0
000105-37-3,0,-0.27872,-0.485,0,0.717,0.296,0.003356 ,0,0,0,3.996,0.493,0,0
000105-67-9,0,-0.22068,-0.238,0,0.985,0.22,0.003356 ,0,0,0,4.331,0.61,0,0
000106-44-5,0,-0.22555,-0.113,0,0.985,0.23,0.003356 ,0,0,0,3.259,0.636,0,0
000106-88-7,0,-0.27579,-0.383,0,0.839,0.246,0.003356 ,0,0,0,4.532,0.501,0,0
000106-94-5,9.1,-0.27823,-0.383,0,0.553,0.5,0.004348 ,0,0,0,1.846,0.504,0,0
000106-94-5,9.1,-0.27823,-0.383,0,0.553,0.5,0.002703 ,0,0,0,1.846,0.504,0,0
000106-97-8,0,-0.32504,-0.582,0,1.75,0.5,0.003968 ,0,0,0,2.702,0.31,0,0
000106-97-8,0,-0.32504,-0.582,0,1.75,0.5,0.003077 ,0,0,0,2.702,0.31,0,0
000106-97-8,0,-0.32504,-0.582,0,1.75,0.5,0.002646 ,0,0,0,2.702,0.31,0,0
000106-98-9,0,-0.26291,-0.32,1,1.5,0.5,0.002681 ,1.875,1,0,1.929,0.62,0,0
000106-99-0,0,-0.24321,-0.094,2,1.25,0.5,0.003333 ,3.278,2,0,0.969,0.396,0,0
000106-99-0,0,-0.24321,-0.094,2,1.25,0.5,0.002421 ,3.278,2,0,0.969,0.396,0,0
000107-05-1,11.1,-0.28537,-0.183,1,0.5,0.5,0.003356 ,1.64,1,0,1.046,0.763,0,0
000107-18-6,0,-0.27075,-0.08,1,1.07,0.5,0.003546 ,1.431,1,0,1.905,0.797,0,0
000107-18-6,0,-0.27075,-0.08,1,1.07,0.5,0.003175 ,1.431,1,0,1.905,0.797,0,0
000107-29-9,0,-0.26685,-0.133,1,0.742,0.5,0.003356 ,1.306,0,0,1.694,0.833,0,0
000107-87-9,0,-0.25631,-0.591,0,0.515,0.289,0.003356 ,0,0,0,3.75,0.481,0,0
000107-87-9,0,-0.25631,-0.591,0,0.515,0.289,0.000915 ,0,0,0,3.75,0.481,0,0
000107-87-9,0,-0.25631,-0.591,0,0.515,0.289,0.000791 ,0,0,0,3.75,0.481,0,0
000108-03-2,0,-0.30807,-0.323,0,0.21,0.289,0.003356 ,0,0,0,2.981,0.534,0,0
000108-05-4,0,-0.26468,-0.174,1,0.753,0.289,0.003195 ,1.1,1,0,1.655,0.755,0,0
000108-21-4,0,-0.25455,-0.515,0,0.913,0.236,0.003356 ,0,0,0,5.406,0.319,0,0
000108-41-8,6.7,-0.25212,-0.033,0,0.473,0.22,0.003356 ,0,0,0,2.947,0.605,0,0
000108-87-2,0,-0.29561,-0.93,0,1.429,0.237,0.003356 ,0,0,0,6.159,0.296,0,0
000108-90-7,8.3,-0.25749,-0.005,0,0.459,0.237,0.001980 ,0,0,0,1.927,0.422,0,0
000108-90-7,8.3,-0.25749,-0.005,0,0.459,0.237,0.001504 ,0,0,0,1.927,0.422,0,0
000109-21-7,0,-0.28017,-1.076,0,0.707,0.26,0.003356 ,0,0,0,6.738,0.421,0.43,0
000109-66-0,0,-0.3195,-0.775,0,1.7,0.354,0.003333 ,0,0,0,3.599,0.29,0,0
000109-66-0,0,-0.3195,-0.775,0,1.7,0.354,0.002564 ,0,0,0,3.599,0.29,0,0
000109-66-0,0,-0.3195,-0.775,0,1.7,0.354,0.001091 ,0,0,0,3.599,0.29,0,0
000109-66-0,0,-0.3195,-0.775,0,1.7,0.354,0.001018 ,0,0,0,3.599,0.29,0,0
000109-66-0,0,-0.3195,-0.775,0,1.7,0.354,0.000929 ,0,0,0,3.599,0.29,0,0
000109-66-0,0,-0.3195,-0.775,0,1.7,0.354,0.000830 ,0,0,0,3.599,0.29,0,0
000109-66-0,0,-0.3195,-0.775,0,1.7,0.354,0.000765 ,0,0,0,3.599,0.29,0,0
000109-87-5,0,-0.26332,-0.158,0,0.955,0.354,0.003356 ,0,0,0,2.197,0.431,0,0
000109-99-9,0,-0.2507,-0.551,0,0.839,0.25,0.003356 ,0,0,0,4.453,0.418,0,0
000110-13-4,0,-0.26233,-0.542,0,0.501,0.264,0.003356 ,0,0,0,4.812,0.443,0,0
000110-54-3,0,-0.31304,-0.893,0,1.667,0.319,0.003333 ,0,0,0,4.496,0.272,0,0
000110-54-3,0,-0.31304,-0.893,0,1.667,0.319,0.002564 ,0,0,0,4.496,0.272,0,0
000110-54-3,0,-0.31304,-0.893,0,1.667,0.319,0.001095 ,0,0,0,4.496,0.272,0,0
000110-54-3,0,-0.31304,-0.893,0,1.667,0.319,0.001002 ,0,0,0,4.496,0.272,0,0
000110-54-3,0,-0.31304,-0.893,0,1.667,0.319,0.000889 ,0,0,0,4.496,0.272,0,0
000110-54-3,0,-0.31304,-0.893,0,1.667,0.319,0.000809 ,0,0,0,4.496,0.272,0,0
000110-74-7,0,-0.29367,-0.315,1,0.73,0.319,0.003356 ,0.462,0,0,2.935,0.631,0,0
000110-82-7,0,-0.29925,-0.765,0,1.417,0.25,0.002941 ,0,0,0,5.271,0.22,0,0
000110-86-1,0,-0.26544,-0.051,0,0.756,0.25,0.003356 ,0,0,0,1.444,0.47,0,0
000111-25-1,5,-0.27715,-0.769,0,0.653,0.302,0.003356 ,0,0,0,4.539,0.357,0,0
000111-46-6,0,-0.26908,-0.227,0,1.088,0.302,0.003356 ,0,0,0,4.861,0.492,0,0
000111-71-7,0,-0.26288,-0.781,1,0.538,0.291,0.003356 ,0.996,0,0,5.446,0.428,0,0
000111-96-6,0,-0.26397,-0.616,0,0.939,0.285,0.003356 ,0,0,0,5.854,0.351,0,0
000115-07-1,0,-0.26287,-0.236,1,1.5,0,0.003356 ,1.75,1,0,1.058,0.667,0,0
000115-22-0,0,-0.25731,-0.42,0,0.794,0.289,0.003356 ,0,0,0,4.457,0.561,0,1
000119-64-2,0,-0.23949,-0.329,0,1.004,0.193,0.003356 ,0,0,0,6.727,0.504,0.039,0
000120-12-7,0,-0.20495,-0.202,0,0.758,0.178,0.002740 ,0,0,0,7.125,0.292,0.278,0
000120-92-3,0,-0.25084,-0.681,0,0.469,0.235,0.003356 ,0,0,0,4.37,0.463,0,0
000122-39-4,0,-0.20098,-0.075,0,1.146,0.206,0.003356 ,0,0,0,4.984,0.35,0.133,0
000123-35-3,0,-0.23759,-0.713,2,1.3,0.272,0.003003 ,4.035,2,0,5.982,0.54,0.293,0
000123-35-3,0,-0.23759,-0.713,2,1.3,0.272,0.002611 ,4.035,2,0,5.982,0.54,0.293,0
000123-51-3,0,-0.27954,-0.448,0,1.046,0.289,0.003356 ,0,0,0,4.407,0.476,0,0
000124-11-8,0,-0.26088,-1.014,1,1.5,0.285,0.003356 ,2.006,1,0,6.414,0.416,0.378,0
000124-73-2,75,-0.32533,-0.082,0,1.467,0.25,0.003356 ,0,0,4,1.178,0.534,0,2
000129-00-0,0,-0.20844,-0.165,0,0.7,0.16,0.003356 ,0,0,0,8.688,0.294,0.627,0
000132-64-9,0,-0.23381,0.218,0,0.787,0.17,0.002732 ,0,0,0,5.499,0.389,0.061,0
000140-88-5,0,-0.28606,-0.366,1,0.729,0.296,0.003356 ,1.142,1,0,3.169,0.704,0,0
000141-32-2,0,-0.28501,-0.685,1,0.71,0.285,0.003195 ,1.176,1,0,4.944,0.608,0,0
000142-68-7,0,-0.25528,-0.509,0,0.849,0.25,0.003356 ,0,0,0,5.114,0.375,0,0
000142-82-5,0,-0.30867,-1.02,0,1.643,0.302,0.001117 ,0,0,0,5.393,0.258,0,0
000142-82-5,0,-0.30867,-1.02,0,1.643,0.302,0.000970 ,0,0,0,5.393,0.258,0,0
000142-82-5,0,-0.30867,-1.02,0,1.643,0.302,0.000882 ,0,0,0,5.393,0.258,0,0
000142-82-5,0,-0.30867,-1.02,0,1.643,0.302,0.000821 ,0,0,0,5.393,0.258,0,0
000142-96-1,0,-0.25943,-1.154,0,0.924,0.285,0.003356 ,0,0,0,6.907,0.326,0.44,0
000152-20-5,0,-0.26176,-0.208,0,1.109,0.285,0.003356 ,0,0,0,7.121,0.532,0,0
000206-44-0,0,-0.2247,-0.058,0,0.7,0.157,0.002732 ,0,0,0,8.641,0.294,0.524,0
000208-96-8,0,-0.22684,-0.158,2,0.72,0.167,0.002740 ,4.356,0,0,6.545,0.423,0.081,0
000271-89-6,0,-0.2334,-0.02,0,0.805,0.189,0.003356 ,0,0,0,3.441,0.478,0,0
000287-23-0,0,-0.30685,-0.267,0,1.375,0.25,0.003356 ,0,0,0,2.988,0.256,0,0
000287-92-3,0,-0.31513,-0.715,0,1.4,0.25,0.002778 ,0,0,0,4.045,0.235,0,0
000288-47-1,0,-0.26432,-0.139,0,0.777,0.25,0.003356 ,0,0,0,0.441,0.709,0,0
000291-64-5,0,-0.30164,-0.976,0,1.429,0.25,0.002941 ,0,0,0,5.765,0.209,0,0
000292-64-8,0,-0.29149,-1.161,0,1.438,0.25,0.003077 ,0,0,0,6.747,0.2,0.338,0
000302-01-2,0,-0.25662,0.085,0,1.5,0,0.003356 ,0,0,0,0.847,0.395,0,0
000352-32-9,6.7,-0.24856,0.03,0,0.467,0.23,0.003356 ,0,0,0,3.105,0.605,0,0
000354-15-4,62.5,-0.3379,-0.034,0,1.087,0.289,0.003356 ,0,0,0,1.236,0.768,0,1
000359-13-7,22.2,-0.31017,-0.039,0,0.805,0.408,0.003356 ,0,0,0,2.269,0.806,0,0
000377-36-6,57.1,-0.36286,-0.299,0,1.071,0.217,0.003356 ,0,0,0,3.915,0.45,0,2
000420-46-2,37.5,-0.40028,-0.272,0,0.695,0,0.003356 ,0,0,0,1.579,0.645,0,1
000422-05-9,41.7,-0.32378,-0.147,0,0.981,0.243,0.003802 ,0,0,0,3.158,0.708,0,2
000422-05-9,41.7,-0.32378,-0.147,0,0.981,0.243,0.003049 ,0,0,0,3.158,0.708,0,2
000425-88-7,26.7,-0.3207,-0.076,0,0.718,0.251,0.003356 ,0,0,0,4.474,0.614,0,1
000431-89-0,63.6,-0.40423,-0.302,0,1.288,0.217,0.003356 ,0,0,0,2.783,0.449,0,2
000460-73-1,45.5,-0.3764,-0.284,0,0.811,0.204,0.003356 ,0,0,0,3.033,0.594,0,1
000461-18-7,20,-0.29582,-0.266,0,0.699,0.256,0.003356 ,0,0,0,4.173,0.636,0,1
000463-49-0,0,-0.27627,-0.139,0,1.167,0,0.003356 ,0,2,0,0.041,0.46,0,0
000470-82-6,0,-0.24153,-1.231,0,0.855,0.174,0.003356 ,0,0,0,10.448,0.359,0.533,2
000493-09-4,0,-0.22144,0.105,0,0.852,0.193,0.003356 ,0,0,0,5.115,0.561,0,0
000498-60-2,0,-0.26603,0.017,1,0.719,0.228,0.003356 ,0.74,0,0,2.268,0.661,0,0
000502-61-4,0,-0.22403,-0.925,4,1.3,0.255,0.003356 ,8.692,1,0,9.94,0.47,0.923,0
000505-29-3,0,-0.22779,-0.489,0,0.737,0.25,0.003534 ,0,0,0,1.879,0.362,0,0
000505-29-3,0,-0.22779,-0.489,0,0.737,0.25,0.002857 ,0,0,0,1.879,0.362,0,0
000512-56-1,0,-0.29765,-0.218,0,1.175,0.285,0.003356 ,0,0,0,9.872,0.453,0,0
000513-81-5,0,-0.23749,-0.288,0,1.333,0.333,0.003356 ,0,2,0,3.11,0.527,0,0
000534-15-6,0,-0.26809,-0.082,0,0.933,0.348,0.003356 ,0,0,0,3.566,0.428,0,0
000540-88-5,0,-0.27413,-0.641,0,0.71,0.204,0.003356 ,0,0,0,5.142,0.447,0,1
000542-56-3,0,-0.28492,-0.381,0,0.365,0.284,0.003356 ,0,0,0,4.478,0.535,0,0
000544-16-1,0,-0.28425,-0.443,0,0.365,0.302,0.003356 ,0,0,0,4.539,0.535,0,0
000553-97-9,0,-0.28128,-0.394,3,0.479,0.22,0.003356 ,3.898,0,0,5.075,0.633,0,0
000556-67-2,0,-0.27229,-0.669,0,2.061,0.16,0.003356 ,0,0,0,0.784,0.295,1.239,0
000563-79-1,0,-0.2272,-0.486,0,1.5,0.333,0.003356 ,0,0,0,4.029,0.294,0,0
000569-41-5,0,-0.21417,-0.287,0,0.92,0.18,0.003356 ,0,0,0,6.913,0.486,0.083,0
000575-41-7,0,-0.21739,-0.307,0,0.92,0.182,0.003356 ,0,0,0,6.67,0.486,0.047,0
000581-42-0,0,-0.21777,-0.425,0,0.92,0.188,0.003356 ,0,0,0,6.608,0.486,0.191,0
000586-62-9,0,-0.22548,-0.816,1,1.25,0.215,0.003356 ,2.353,0,0,7.912,0.417,0.052,0
000590-73-8,0,-0.30507,-0.781,0,1.625,0.256,0.003356 ,0,0,0,5.997,0.285,0,1
000591-50-4,8.3,-0.24598,-0.008,0,0.743,0.237,0.003356 ,0,0,0,1.937,0.422,0,0
000592-41-6,0,-0.26138,-0.621,1,1.5,0.319,0.003356 ,1.962,1,0,3.721,0.53,0,0
000592-76-7,0,-0.26116,-0.761,1,1.5,0.302,0.003356 ,1.982,1,0,4.614,0.484,0,0
000593-70-4,40,-0.32091,-0.059,0,0.673,0,0.003356 ,0,0,0,0.285,0.961,0,0
000594-82-1,0,-0.3016,-1.071,0,1.625,0.25,0.003356 ,0,0,0,5.337,0.246,0,2
000594-82-1,0,-0.3016,-1.071,0,1.625,0.25,0.001083 ,0,0,0,5.337,0.246,0,2
000597-07-9,0,-0.25285,-0.394,0,1.122,0.251,0.003356 ,0,0,0,9.24,0.469,0,0
000598-75-4,0,-0.27741,-0.543,0,1.046,0.333,0.003356 ,0,0,0,4.429,0.438,0,0
000616-38-6,0,-0.30053,-0.094,0,0.902,0.348,0.003356 ,0,0,0,2.107,0.546,0,0
000622-60-6,0,-0.21905,-0.443,0,0.86,0.218,0.003356 ,0,0,0,5.039,0.569,0,0
000624-72-6,25,-0.3524,-0.18,0,0.577,0.5,0.003356 ,0,0,0,2.105,0.534,0,0
000625-27-4,0,-0.23653,-0.42,1,1.5,0.289,0.003356 ,2.208,0,0,3.925,0.466,0,0
000626-93-7,0,-0.27658,-0.777,0,1.046,0.284,0.003356 ,0,0,0,5.437,0.412,0,0
000627-27-0,0,-0.26829,-0.239,1,1.053,0.354,0.003356 ,1.681,1,0,2.791,0.735,0,0
000628-28-4,0,-0.26217,-0.608,0,0.91,0.319,0.003356 ,0,0,0,4.078,0.408,0,0
000628-92-2,0,-0.24192,-0.709,2,1.286,0.25,0.003356 ,4.597,0,0,5.391,0.447,0,0
000630-19-3,0,-0.26137,-0.384,1,0.515,0.354,0.003356 ,0.938,0,0,3.48,0.48,0,1
000674-76-0,0,-0.24715,-0.608,2,1.5,0.289,0.003356 ,4.241,0,0,3.759,0.477,0,0
000683-08-9,0,-0.28589,-0.511,0,1.039,0.232,0.003534 ,0,0,0,8.972,0.449,0,0
000690-39-1,54.5,-0.41311,-0.346,0,0.994,0.177,0.003356 ,0,0,0,2.855,0.507,0,2
000692-49-9,50,-0.3458,-0.219,2,0.919,0.232,0.003953 ,-1.708,0,0,3.015,0.5,0,2
000693-02-7,0,-0.27293,-0.414,0,1.333,0.319,0.003356 ,0,0,0,3.502,0.512,0,0
000753-90-2,30,-0.27688,-0.088,0,0.759,0.354,0.003356 ,0,0,0,2.398,0.772,0,1
000756-79-6,0,-0.29024,-0.451,0,1.083,0.319,0.003356 ,0,0,0,6.757,0.492,0,0
000762-75-4,0,-0.28344,-0.415,1,0.717,0.25,0.003356 ,0.458,0,0,4.111,0.521,0,1
000764-48-7,0,-0.23482,-0.151,1,1.034,0.319,0.003356 ,1.302,1,0,2.776,0.723,0,0
000811-96-1,42.9,-0.31573,-0.06,1,1.002,0.354,0.003356 ,-0.63,0,0,1.102,0.898,0,1
000821-95-4,0,-0.26077,-1.252,1,1.5,0.276,0.003390 ,2.02,1,0,8.202,0.369,0.556,0
000821-95-4,0,-0.26077,-1.252,1,1.5,0.276,0.003356 ,2.02,1,0,8.202,0.369,0.556,0
000868-85-9,0,-0.30229,-0.111,0,1.112,0.348,0.003106 ,0,0,0,7.365,0.594,0,0
000920-66-1,50,-0.34717,-0.204,0,1.182,0.217,0.003356 ,0,0,0,3.028,0.614,0,2
000926-56-7,0,-0.22297,-0.355,2,1.333,0.289,0.003356 ,3.759,1,0,2.981,0.558,0,0
000930-27-8,0,-0.2327,-0.177,0,0.844,0.235,0.003356 ,0,0,0,2.4,0.681,0,0
000939-27-5,0,-0.22141,-0.274,0,0.92,0.192,0.003356 ,0,0,0,6.463,0.483,0.202,0
001067-20-5,0,-0.29548,-1.236,0,1.611,0.25,0.003356 ,0,0,0,6.419,0.276,0.686,1
001115-15-7,0,-0.24153,-0.168,2,0.357,0.348,0.003344 ,2.653,2,0,3.577,0.529,0,0
001120-21-4,0,-0.2979,-1.505,0,1.591,0.276,0.003356 ,0,0,0,8.98,0.219,0.617,0
001187-58-2,0,-0.25672,-0.209,0,0.714,0.348,0.003356 ,0,0,0,3.024,0.59,0,0
001476-23-9,0,-0.25601,-0.109,1,0.6,0.319,0.003546 ,1.533,1,0,2.014,0.769,0,0
001476-23-9,0,-0.25601,-0.109,1,0.6,0.319,0.003155 ,1.533,1,0,2.014,0.769,0,0
001574-41-0,0,-0.23138,-0.21,3,1.3,0.354,0.003356 ,5.576,1,0,1.989,0.601,0,0
001576-87-0,0,-0.2633,-0.335,3,0.505,0.319,0.003096 ,4.094,0,0,2.833,0.675,0,0
001649-08-7,50,-0.32768,-0.069,0,0.82,0.354,0.003356 ,0,0,0,1.324,0.801,0,1
001825-31-6,11.1,-0.2352,-0.126,0,0.453,0.184,0.003356 ,0,0,0,4.523,0.458,0,0
002050-47-7,8.7,-0.23667,0.137,0,0.72,0.206,0.002801 ,0,0,0,4.453,0.443,0.133,0
002050-67-1,9.1,-0.25096,-0.087,0,0.457,0.193,0.003356 ,0,0,0,4.971,0.413,0.09,0
002050-68-2,9.1,-0.24109,-0.128,0,0.457,0.199,0.002882 ,0,0,0,4.972,0.413,0.133,0
002051-60-7,4.5,-0.24545,0.02,0,0.471,0.193,0.003356 ,0,0,0,5.05,0.365,0.053,0
002051-61-8,4.5,-0.2438,-0.087,0,0.471,0.195,0.003356 ,0,0,0,5.029,0.365,0.095,0
002051-62-9,4.5,-0.23847,-0.097,0,0.471,0.199,0.003096 ,0,0,0,5.033,0.365,0.133,0
002051-62-9,4.5,-0.23847,-0.097,0,0.471,0.199,0.002817 ,0,0,0,5.033,0.365,0.133,0
002216-34-4,0,-0.30289,-1.099,0,1.611,0.262,0.003356 ,0,0,0,7.005,0.273,0.454,0
002240-88-2,25,-0.30307,-0.262,0,0.766,0.25,0.003356 ,0,0,0,3.262,0.729,0,1
002252-83-7,55.6,-0.3098,-0.066,1,1.054,0.261,0.003356 ,-1.125,1,0,1.72,0.763,0,1
002314-97-8,80,-0.3004,-0.072,0,1.28,0,0.003333 ,0,0,0,0.312,0.685,0,1
002437-79-8,18.2,-0.26354,-0.139,0,0.494,0.185,0.002762 ,0,0,0,4.901,0.459,0,0
002568-90-3,0,-0.25885,-1.109,0,0.907,0.276,0.003356 ,0,0,0,7.885,0.349,0.469,0
002568-92-5,0,-0.27096,-0.837,0,0.907,0.279,0.003356 ,0,0,0,8.563,0.349,0.458,0
002953-29-9,0,-0.24618,-0.205,0,1.225,0.285,0.003356 ,0,0,0,3.692,0.543,0,0
003031-73-0,0,-0.26777,0.048,0,0.657,0,0.002062 ,0,0,0,2.181,0.823,0,0
003675-13-6,0,-0.28666,-0.084,4,0.542,0.319,0.003356 ,3.364,0,0,2.008,0.536,0,0
003856-25-5,0,-0.22661,-1.269,1,1.205,0.149,0.003356 ,2.524,0,0,13.199,0.415,0.909,1
004209-91-0,0,-0.2745,-0.776,0,1.052,0.24,0.003356 ,0,0,0,6.926,0.385,0.23,1
004588-18-5,0,-0.24995,-1.041,0,1.5,0.273,0.003356 ,0,1,0,6.545,0.424,0.388,0
005194-50-3,0,-0.22013,-0.403,4,1.333,0.319,0.003356 ,8,0,0,2.986,0.527,0,0
005409-83-6,9.5,-0.24593,0.158,0,0.638,0.17,0.002740 ,0,0,0,5.352,0.514,0.043,0
005729-47-5,0,-0.27963,-0.317,3,0.516,0.284,0.003356 ,2.955,0,0,3.001,0.681,0,0
006004-44-0,0,-0.23706,-0.204,0,0.505,0.5,0.003356 ,0,0,0,1.008,0.857,0,0
006163-75-3,0,-0.2903,-0.361,0,1.056,0.285,0.003534 ,0,0,0,7.755,0.479,0,0
006423-43-4,0,-0.34458,-0.131,0,0.407,0.235,0.003356 ,0,0,0,5.848,0.571,0,0
006728-26-3,0,-0.26268,-0.529,3,0.514,0.302,0.004098 ,4.201,0,0,3.72,0.636,0,0
006728-26-3,0,-0.26268,-0.529,3,0.514,0.302,0.003040 ,4.201,0,0,3.72,0.636,0,0
006753-98-6,0,-0.22435,-1.08,4,1.267,0.224,0.003356 ,9.457,0,0,10.898,0.442,0.972,1
006876-00-2,4.3,-0.2391,0.065,0,0.753,0.202,0.002890 ,0,0,0,4.499,0.399,0.133,0
007012-37-5,13.6,-0.2501,-0.051,0,0.47,0.191,0.003106 ,0,0,0,4.953,0.443,0.025,0
007086-79-5,0,-0.26128,-0.654,1,0.505,0.226,0.003356 ,0.888,1,0,7.447,0.551,0.436,0
007722-84-1,0,-0.29416,0.084,0,1,0,0.002062 ,0,0,0,1.449,0.631,0,0
010544-72-6,0,-0.32753,0.157,0,1.5,0.333,0.003356 ,0,0,0,0,0.29,0,0
013029-08-8,9.1,-0.25503,-0.024,0,0.457,0.189,0.002755 ,0,0,0,4.979,0.413,0.033,0
013466-78-9,0,-0.23712,-1.11,1,1.204,0.17,0.003356 ,2.427,0,0,9.602,0.461,0.327,1
014686-13-6,0,-0.24566,-0.763,2,1.5,0.302,0.003356 ,4.319,0,0,4.725,0.469,0,0
015862-07-4,13.6,-0.25226,-0.026,0,0.47,0.191,0.002924 ,0,0,0,5.037,0.443,0.022,0
015870-10-7,0,-0.24946,-0.868,0,1.5,0.277,0.003356 ,0,1,0,5.591,0.454,0,0
016606-02-3,13.6,-0.25177,-0.044,0,0.47,0.192,0.003096 ,0,0,0,4.948,0.443,0.01,0
018094-01-4,0,-0.24981,-1.711,0,1.5,0.262,0.003390 ,0,1,0,11.024,0.326,0.943,0
018259-05-7,22.7,-0.26501,0.213,0,0.526,0.187,0.002755 ,0,0,0,5.276,0.465,0.031,0
019398-79-9,0,-0.23413,-1.356,1,1.5,0.23,0.003356 ,2.275,0,0,7.204,0.406,0.553,0
021981-48-6,0,-0.3255,-0.613,0,0.307,0.26,0.003356 ,0,0,0,5.361,0.505,0,0
022608-53-3,0,-0.26093,-0.184,0,1.031,0.285,0.003356 ,0,0,0,5.029,0.532,0,0
026471-62-5,0,-0.24746,-0.207,0,0.602,0.201,0.003356 ,0,0,0,3.937,0.654,0,0
028523-86-6,46.7,-0.34992,-0.2,0,1.016,0.178,0.003378 ,0,0,0,3.98,0.564,0,2
031464-99-0,0,-0.23519,-0.193,0,1.305,0.285,0.003356 ,0,0,0,4.686,0.578,0,0
033857-26-0,9.1,-0.22343,0.185,0,0.751,0.177,0.003356 ,0,0,0,4.918,0.492,0.141,0
038379-99-6,22.7,-0.25941,0.019,0,0.526,0.184,0.002915 ,0,0,0,4.972,0.465,0,0
038380-03-9,22.7,-0.26348,0.118,0,0.526,0.189,0.002747 ,0,0,0,5.04,0.465,0,0
039227-62-8,27.3,-0.24354,0.219,0,0.858,0.173,0.002740 ,0,0,0,5.003,0.492,0,0
041464-39-5,18.2,-0.25848,-0.075,0,0.494,0.188,0.003096 ,0,0,0,4.963,0.459,0.01,0
051452-87-0,8.7,-0.24071,0.083,0,0.72,0.199,0.002801 ,0,0,0,4.449,0.443,0.046,0
055702-46-0,13.6,-0.25338,0.071,0,0.47,0.194,0.003096 ,0,0,0,5.161,0.443,0.037,0
063034-44-6,42.9,-0.31366,0.027,1,0.982,0.354,0.003356 ,-0.198,0,0,1.019,0.898,0,1
121020-77-7,0,-0.27677,-0.326,5,0.504,0.285,0.003356 ,5.814,0,0,3.815,0.604,0,0
144109-03-5,50,-0.3858,-0.027,0,1.131,0.181,0.003356 ,0,0,0,3.479,0.59,0,2
163702-07-6,50,-0.35149,-0.449,0,1.067,0.2,0.003356 ,0,0,0,4.628,0.541,0,4
188690-78-0,50,-0.39595,-0.025,0,1.331,0.193,0.003356 ,0,0,0,3.477,0.512,0,2
,,,,,,,,,,,,,,
,,,,,,,,,,,,,,
,,,,,,,,,,,,,,
,,,,,,,,,,,,,,
,,,,,,,,,,,,,,
,,,,,,,,,,,,,,
,,,,,,,,,,,,,,
,,,,,,,,,,,,,,
,,,,,,,,,,,,,,
,,,,,,,,,,,,,,